farm_id,crop_type,fertilizer_usage_kg_per_ha,fuel_consumption_liters_per_ha,water_consumption_m3_per_ha,electricity_consumption_kwh_per_ha,fertilizer_emissions_kg_co2e,fuel_emissions_kg_co2e,electricity_emissions_kg_co2e,irrigation_energy_emissions_kg_co2e,carbon_footprint_kg_co2e_per_ha
FARM-00001,Wheat,131.52,55.44,4325.95,252.75,475.7829942857144,148.57920000000001,126.375,324.44624999999996,1075.1834442857144
FARM-00002,Soybean,48.85,51.78,3467.51,198.06,176.7183642857143,138.77040000000002,99.03,260.06325,674.5820142857142
FARM-00003,Rice,149.66,74.61,9303.16,522.52,541.4057399999999,199.9548,261.26,697.737,1700.35754
FARM-00004,Maize,191.18,79.46,5105.3,409.66,691.6073057142858,212.9528,204.83,382.8975,1492.2876057142857
FARM-00005,Cotton,149.18,74.62,7164.48,439.8,539.6693057142859,199.98160000000001,219.9,537.3359999999999,1496.8869057142858
FARM-00006,Wheat,130.05,50.78,3521.67,166.08,470.4651642857143,136.09040000000002,83.04,264.12525,953.7208142857144
FARM-00007,Rice,152.54,90.9,10125.49,418.83,551.8243457142858,243.61200000000002,209.415,759.41175,1764.2630957142858
FARM-00008,Rice,142.5,86.11,8649.97,572.17,515.5039285714286,230.7748,286.085,648.7477499999999,1681.1114785714285
FARM-00009,Wheat,137.13,49.06,4176.02,163.66,496.07757,131.48080000000002,81.83,313.2015,1022.58987
FARM-00010,Rice,151.08,80.06,10693.55,456.62,546.5426914285715,214.56080000000003,228.31,802.0162499999999,1791.4297414285713
FARM-00011,Cotton,171.4,70.08,7235.12,372.31,620.0517428571429,187.8144,186.155,542.634,1536.655142857143
FARM-00012,Maize,175.63,53.29,5104.96,299.45,635.3540700000001,142.8172,149.725,382.872,1310.76827
FARM-00013,Rice,125.46,54.68,,306.9,453.8605114285714,146.54240000000001,153.45,,
FARM-00014,Rice,156.23,101.17,8691.81,,565.1731842857142,271.1356,,651.8857499999999,
FARM-00015,Soybean,53.44,60.76,3699.52,250.99,193.32301714285717,162.8368,125.495,277.464,759.1188171428571
FARM-00016,Maize,198.67,76.31,5485.86,311.74,718.7029157142857,204.51080000000002,155.87,411.43949999999995,1490.5232157142857
FARM-00017,Maize,,60.8,5889.68,181.67,,162.944,90.835,441.726,
FARM-00018,Cotton,126.65,51.62,7051.97,287.96,458.16542142857145,138.3416,143.98,528.89775,1269.3847714285714
FARM-00019,Rice,170.41,72.58,10912.42,469.43,616.4703471428571,194.5144,234.715,818.4315,1864.1312471428573
FARM-00020,Rice,161.42,63.69,10079.46,316.56,583.94838,170.6892,158.28,755.9594999999999,1668.87708
FARM-00021,Rice,144.49,69.0,10568.9,404.64,522.7028957142858,184.92000000000002,202.32,792.6674999999999,1702.6103957142855
FARM-00022,Cotton,159.75,63.29,6220.27,438.6,577.9070357142857,169.6172,219.3,466.52025000000003,1433.3444857142858
FARM-00023,Soybean,35.67,69.03,4193.97,213.54,129.03877285714287,185.0004,106.77,314.54775,735.3569228571429
FARM-00024,Maize,173.69,81.71,4628.99,278.49,628.3359814285715,218.9828,139.245,347.17425,1333.7380314285715
FARM-00025,Cotton,162.1,78.63,7167.97,457.39,586.4083285714286,210.7284,228.695,537.59775,1563.4294785714287
FARM-00026,Sugarcane,222.23,82.16,17643.55,,803.9328985714287,220.18880000000001,,1323.26625,
FARM-00027,Wheat,105.87,52.2,3555.73,213.96,382.9922871428572,139.89600000000002,106.98,266.67975,896.5480371428573
FARM-00028,Cotton,162.03,61.22,7862.77,418.93,586.1550985714287,164.0696,209.465,589.70775,1549.3974485714289
FARM-00029,Soybean,44.8,50.78,4714.21,286.1,162.0672,136.09040000000002,143.05,353.56575,794.7733499999999
FARM-00030,Soybean,46.69,77.62,4572.02,317.19,168.90440999999998,208.02160000000003,158.595,342.9015,878.4225100000001
FARM-00031,Cotton,128.74,43.45,7995.64,288.21,465.72614571428574,116.44600000000001,144.105,599.673,1325.9501457142858
FARM-00032,Sugarcane,226.64,104.93,17006.26,616.16,819.8863885714286,281.21240000000006,308.08,1275.4695,2684.6482885714286
FARM-00033,Sugarcane,235.53,74.47,18043.12,474.19,852.0465985714286,199.5796,237.095,1353.234,2641.955198571429
FARM-00034,Wheat,115.8,54.36,4431.9,255.39,418.91477142857144,145.6848,127.695,332.3925,1024.6870714285712
FARM-00035,Maize,157.31,71.85,4957.99,312.46,569.0801614285715,192.558,156.23,371.84925,1289.7174114285715
FARM-00036,Rice,126.39,86.86,11582.43,510.96,457.2248528571429,232.78480000000002,255.48,868.68225,1814.1719028571429
FARM-00037,Soybean,148.67240992536293,58.22,3558.74,309.67,537.8330623628523,156.02960000000002,154.835,266.90549999999996,1115.6031623628523
FARM-00038,Maize,188.89,70.22,5031.17,308.73,683.3230671428571,188.1896,154.365,377.33774999999997,1403.2154171428572
FARM-00039,Cotton,152.69,41.54,6831.33,257.07,552.3669814285715,111.3272,128.535,512.34975,1304.5789314285714
FARM-00040,Maize,207.65,86.71,5246.62,301.48,751.1887071428573,232.3828,150.74,393.49649999999997,1527.8080071428574
FARM-00041,Maize,181.42,58.36,4956.13,298.6,656.2998085714286,156.4048,149.3,371.70975,1333.7143585714286
FARM-00042,Rice,154.51,94.7,9510.29,,558.9509614285714,253.79600000000002,,713.27175,
FARM-00043,Rice,154.33,68.9,11281.9,324.66,558.2997985714287,184.65200000000002,162.33,846.1424999999999,1751.4242985714286
FARM-00044,Soybean,46.02,85.5,4335.36,320.76,166.48063714285718,229.14000000000001,160.38,325.152,881.1526371428572
FARM-00045,Sugarcane,200.31,75.42,15680.29,401.51,724.6357328571429,202.12560000000002,200.755,1176.02175,2303.5380828571433
FARM-00046,Soybean,44.07,61.99,3574.36,238.99,159.42637285714287,166.13320000000002,119.495,268.077,713.1315728571428
FARM-00047,Cotton,148.4,57.8,8318.36,305.61,536.8476,154.904,152.805,623.8770000000001,1468.4336000000003
FARM-00048,Soybean,41.97,50.4,3146.29,278.48,151.82947285714286,135.072,139.24,235.97175,662.1132228571428
FARM-00049,Wheat,139.03,44.2,3523.83,203.82,502.9509557142858,118.45600000000002,101.91,264.28725,987.6042057142857
FARM-00050,Rice,160.28,95.91,9634.9,467.08,579.8243485714286,257.0388,233.54,722.6175,1793.0206485714284
FARM-00051,Rice,170.73,90.18,10557.14,446.07,617.62797,241.68240000000003,223.035,791.7855,1874.13087
FARM-00052,Rice,136.99,85.48,9678.6,546.74,495.5711100000001,229.08640000000003,273.37,725.895,1723.92251
FARM-00053,Rice,127.33,83.39,11150.51,500.71,460.62537000000003,223.48520000000002,250.355,836.28825,1770.75382
FARM-00054,Soybean,54.14,,3501.86,249.35,195.8553171428572,,124.675,262.6395,
FARM-00055,Soybean,45.09,51.72,3922.61,264.58,163.11629571428574,138.6096,132.29,294.19575,728.2116457142857
FARM-00056,Sugarcane,243.73,100.55,17249.23,561.22,881.7106842857144,269.474,280.61,1293.6922499999998,2725.4869342857146
FARM-00057,Soybean,41.11,60.22,4951.5,334.41,148.71836142857143,161.3896,167.205,371.3625,848.6754614285715
FARM-00058,Soybean,36.13,67.58,4705.74,320.07,130.70285571428573,181.11440000000002,160.035,352.9305,824.7827557142857
FARM-00059,Wheat,128.89,53.13,4038.27,233.43,466.2687814285714,142.38840000000002,116.715,302.87025,1028.2424314285715
FARM-00060,Sugarcane,196.04,103.73,17163.2,544.24,709.1887028571429,277.99640000000005,272.12,1287.24,2546.5451028571433
FARM-00061,Sugarcane,219.89,,17429.46,355.25,795.4677814285715,,177.625,1307.2095,
FARM-00062,Maize,493.02829066311904,92.88,4914.14,386.55,1783.5650577803092,248.9184,193.275,368.5605,2594.318957780309
FARM-00063,Cotton,124.15,53.68,7889.62,197.94,449.12149285714287,143.8624,98.97,591.7215,1283.675392857143
FARM-00064,Sugarcane,200.92,87.75,15146.52,615.55,726.8424514285714,235.17000000000002,307.775,1135.989,2405.7764514285714
FARM-00065,Wheat,120.96,49.07,4399.58,214.86,437.58144000000004,131.5076,107.43,329.9685,1006.4875400000001
FARM-00066,Soybean,46.94,39.7,3645.58,164.73,169.8088028571429,106.39600000000002,82.365,273.4185,631.9883028571429
FARM-00067,Soybean,31.33,50.07,4630.36,276.58,113.33851285714286,134.1876,138.29,347.277,733.0931128571428
FARM-00068,Soybean,35.61,73.71,3742.33,231.19,128.8217185714286,197.5428,115.595,280.67474999999996,722.6342685714285
FARM-00069,Wheat,130.09,50.43,3479.64,175.24,470.60986714285724,135.1524,87.62,260.97299999999996,954.3552671428572
FARM-00070,Rice,154.19,54.02,11572.85,365.25,557.7933385714286,144.77360000000002,182.625,867.96375,1753.1556885714285
FARM-00071,Soybean,46.26,57.5,,223.37,167.34885428571428,154.10000000000002,111.685,,
FARM-00072,Sugarcane,210.1,111.31,17483.57,485.52,760.0517571428571,298.31080000000003,242.76,1311.26775,2612.390307142857
FARM-00073,Maize,193.62,62.32,5120.71,327.75,700.43418,167.01760000000002,163.875,384.05325,1415.3800299999998
FARM-00074,Maize,170.02,78.05,5698.23,410.69,615.0594942857143,209.174,205.345,427.36724999999996,1456.9457442857142
FARM-00075,Sugarcane,189.99,139.87,17315.46,782.68,687.3023957142858,374.8516,391.34,1298.6595,2752.153495714286
FARM-00076,Wheat,123.74,55.5,3920.47,281.99,447.6382885714286,148.74,140.995,294.03524999999996,1031.4085385714286
FARM-00077,Rice,140.64,75.42,8987.8,485.86,508.7752457142858,202.12560000000002,242.93,674.0849999999999,1627.9158457142858
FARM-00078,Rice,156.75,52.56,10382.23,298.36,567.0543214285715,140.8608,149.18,778.66725,1635.7623714285714
FARM-00079,Maize,187.19,60.32,5251.05,272.51,677.1731957142857,161.6576,136.255,393.82875,1368.9145457142859
FARM-00080,Rice,143.79,63.99,10548.31,367.64,520.1705957142857,171.4932,183.82,791.12325,1666.6070457142855
FARM-00081,Sugarcane,213.54,87.34,18913.62,470.23,772.4962028571429,234.07120000000003,235.115,1418.5214999999998,2660.2039028571426
FARM-00082,Sugarcane,184.97,69.72,15993.12,549.48,669.1421871428572,186.8496,274.74,1199.484,2330.215787142857
FARM-00083,Sugarcane,231.96,80.47,17314.36,507.5,839.1318685714286,215.6596,253.75,1298.577,2607.118468571429
FARM-00084,Rice,153.03,89.82,10398.82,438.7,553.5969557142857,240.7176,219.35,779.9114999999999,1793.5760557142858
FARM-00085,Rice,167.07,99.95,9718.77,579.64,604.3876585714286,267.86600000000004,289.82,728.90775,1890.9814085714283
FARM-00086,Cotton,146.59,74.56,,392.63,530.2997957142858,199.82080000000002,196.315,,
FARM-00087,Rice,135.96,94.37,9933.88,,491.8450114285715,252.91160000000002,,745.0409999999999,
FARM-00088,Soybean,48.77,68.71,3545.01,209.17,176.4289585714286,184.1428,104.585,265.87575,731.0325085714286
FARM-00089,Soybean,46.0,45.06,4462.1,206.05,166.4082857142857,120.76080000000002,103.025,334.6575,724.8515857142858
FARM-00090,Maize,177.69,59.17,5083.74,238.11,642.8062671428572,158.5756,119.055,381.28049999999996,1301.7173671428573
FARM-00091,Maize,198.39,83.46,4900.08,292.41,717.6899957142857,223.6728,146.205,367.506,1455.0737957142856
FARM-00092,Maize,208.95,56.55,4667.6,298.03,755.89155,151.554,149.015,350.07,1406.53055
FARM-00093,Cotton,149.77,74.0,7168.55,383.56,541.8036728571429,198.32000000000002,191.78,537.64125,1469.5449228571429
FARM-00094,Rice,141.9,72.64,8648.54,531.89,513.3333857142857,194.67520000000002,265.945,648.6405000000001,1622.594085714286
FARM-00095,Rice,176.91,83.11,10697.06,410.39,639.9845614285716,222.7348,205.195,802.2795,1870.1938614285714
FARM-00096,Sugarcane,222.45,331.1774357642411,16629.91,435.38,804.7287642857143,887.5555278481663,217.69,1247.24325,3157.2175421338807
FARM-00097,Wheat,139.42,46.77,3565.44,223.72,504.3618085714286,125.34360000000001,111.86,267.408,1008.9734085714286
FARM-00098,Wheat,114.18,54.64,3969.01,237.32,413.05430571428576,146.4352,118.66,297.67575,975.8252557142857
FARM-00099,Rice,147.22,63.05,10577.54,,532.5788657142857,168.974,,793.3155,
FARM-00100,Rice,166.13,97.92,10063.85,499.75,600.9871414285715,262.42560000000003,249.875,754.78875,1868.0764914285714
FARM-00101,Maize,191.89,73.83,4368.8,331.25,694.1757814285716,197.86440000000002,165.625,327.66,1385.3251814285716
FARM-00102,Wheat,136.19,43.36,3648.08,169.35,492.67705285714294,116.2048,84.675,273.606,967.1628528571429
FARM-00103,Cotton,145.0,82.73,7804.87,436.9,524.5478571428572,221.71640000000002,218.45,585.36525,1550.079507142857
FARM-00104,Soybean,40.58,65.22,4032.21,294.73,146.80104857142857,174.7896,147.365,302.41575,771.3713985714286
FARM-00105,Wheat,129.84,51.27,3985.87,161.41,469.70547428571433,137.4036,80.705,298.94025,986.7543242857143
FARM-00106,Sugarcane,220.51,112.68,17308.56,698.45,797.7106757142858,301.98240000000004,349.225,1298.142,2747.0600757142856
FARM-00107,Maize,180.31,44.24,4707.12,221.21,652.2843042857144,118.56320000000001,110.605,353.034,1234.4865042857145
FARM-00108,Soybean,49.81,54.0,3107.81,198.08,180.1912328571429,144.72,99.04,233.08575,657.0369828571429
FARM-00109,Wheat,106.88,54.1,4219.77,235.11,386.64603428571434,144.988,117.555,316.48275,965.6717842857144
FARM-00110,Maize,,55.97,4676.12,334.9,,149.99960000000002,167.45,350.709,
FARM-00111,Maize,189.37,64.67,5184.62,273.87,685.0595014285715,173.31560000000002,136.935,388.8465,1384.1566014285713
FARM-00112,Cotton,139.74,62.3,7071.68,335.42,505.51943142857147,166.964,167.71,530.376,1370.5694314285715
FARM-00113,Maize,182.4,62.31,5188.49,343.32,659.8450285714287,166.9908,171.66,389.13674999999995,1387.6325785714287
FARM-00114,Soybean,45.02,49.2,4406.07,205.85,162.8630657142857,131.85600000000002,102.925,330.45525,728.0993157142857
FARM-00115,Rice,146.19,72.39,9436.13,471.21,528.8527671428571,194.0052,235.605,707.7097499999999,1666.172717142857
FARM-00116,Maize,173.45,86.61,5051.71,292.23,627.4677642857142,232.1148,146.115,378.87825,1384.5758142857142
FARM-00117,Rice,150.25,90.62,9162.32,595.68,543.5401071428572,242.86160000000004,297.84,687.174,1771.4157071428572
FARM-00118,Rice,143.94,71.25,10415.2,396.19,520.7132314285714,190.95000000000002,198.095,781.14,1690.8982314285713
FARM-00119,Wheat,109.26,63.02,3914.76,253.38,395.25585428571435,168.89360000000002,126.69,293.607,984.4464542857143
FARM-00120,Wheat,127.69,,3659.44,201.27,461.92769571428573,,100.635,274.45799999999997,
FARM-00121,Soybean,50.4,47.52,3822.13,195.07,182.3256,127.35360000000001,97.535,286.65975,693.8739499999999
FARM-00122,Wheat,119.32,56.88,4081.25,268.74,431.64862285714287,152.43840000000003,134.37,306.09375,1024.5507728571429
FARM-00123,Soybean,40.25,46.25,4731.69,322.71,145.60725000000002,123.95,161.355,354.87674999999996,785.789
FARM-00124,Soybean,44.95,58.3,3452.43,286.98,162.60983571428574,156.244,143.49,258.93224999999995,721.2760857142857
FARM-00125,Soybean,48.26,54.53,3995.47,244.76,174.58399714285713,146.1404,122.38,299.66024999999996,742.764647142857
FARM-00126,Cotton,131.73,,8300.05,285.31,476.5426842857143,,142.655,622.50375,
FARM-00127,Soybean,47.98,49.54,4172.91,219.46,173.57107714285712,132.7672,109.73,312.96824999999995,729.036527142857
FARM-00128,Rice,171.86,102.55,9371.88,,621.7158257142859,274.834,,702.891,
FARM-00129,Sugarcane,216.13,111.13,18486.35,611.39,781.8657128571429,297.8284,305.695,1386.47625,2771.865362857143
FARM-00130,Wheat,136.9,47.15,4112.75,230.7,495.2455285714286,126.36200000000001,115.35,308.45625,1045.4137785714286
FARM-00131,Sugarcane,227.85,109.66,16589.99,559.77,824.2636500000001,293.8888,279.885,1244.24925,2642.2867
FARM-00132,Sugarcane,238.9,109.13,17275.6,,864.2378142857143,292.46840000000003,,1295.6699999999998,
FARM-00133,Soybean,38.5,59.31,,195.62,139.2765,158.95080000000002,97.81,,
FARM-00134,Sugarcane,205.0,109.41,16448.73,665.02,741.6021428571428,293.2188,332.51,1233.65475,2600.9856928571426
FARM-00135,Wheat,130.93,64.05,3142.17,291.95,473.6486271428572,171.654,145.975,235.66275,1026.9403771428572
FARM-00136,Soybean,39.98,50.48,4678.96,204.0,144.6305057142857,135.2864,102.0,350.92199999999997,732.8389057142856
FARM-00137,Soybean,37.58,56.57,3847.98,254.11,135.94833428571428,151.60760000000002,127.055,288.5985,703.2094342857143
FARM-00138,Rice,167.88,72.71,8710.59,474.99,607.3178914285714,194.8628,237.495,653.29425,1692.9699414285715
FARM-00139,Rice,172.35,84.89,10502.76,527.31,623.4884357142859,227.5052,263.655,787.707,1902.3556357142857
FARM-00140,Wheat,114.51,75.53,4661.74,233.95,414.24810428571436,202.42040000000003,116.975,349.6305,1083.2740042857145
FARM-00141,Maize,214.28,78.96,4306.44,390.64,775.1732057142858,211.6128,195.32,322.98299999999995,1505.0890057142858
FARM-00142,Rice,472.4202160075733,83.6,9455.23,500.04,1709.0138757085397,224.048,250.02,709.14225,2892.2241257085398
FARM-00143,Soybean,30.56,53.9,4150.64,219.91,110.55298285714287,144.452,109.955,311.298,676.2579828571429
FARM-00144,Cotton,155.88,77.28,7925.28,418.68,563.9070342857144,207.11040000000003,209.34,594.396,1574.7534342857143
FARM-00145,Wheat,142.91,59.64,4370.44,213.16,516.9871328571429,159.83520000000001,106.58,327.78299999999996,1111.1853328571428
FARM-00146,Rice,155.64,83.91,9920.27,458.1,563.038817142857,224.8788,229.05,744.02025,1760.987867142857
FARM-00147,Maize,181.72,86.62,4841.08,321.44,657.38508,232.14160000000004,160.72,363.08099999999996,1413.3276799999999
FARM-00148,Wheat,124.58,59.49,3339.89,268.17,450.6770485714286,159.43320000000003,134.085,250.49174999999997,994.6869985714286
FARM-00149,Rice,166.85,71.09,10941.59,333.03,603.5917928571429,190.52120000000002,166.515,820.61925,1781.2472428571427
FARM-00150,Sugarcane,193.86,77.2,17449.35,392.07,701.3023971428573,206.89600000000002,196.035,1308.7012499999998,2412.934647142857
FARM-00151,Maize,204.38,72.81,5218.91,318.29,739.3592485714287,195.13080000000002,159.145,391.41825,1485.0532985714287
FARM-00152,Cotton,135.59,86.8,7069.04,438.86,490.50651000000005,232.624,219.43,530.178,1472.7385100000001
FARM-00153,Rice,176.47,99.46,10565.86,646.16,638.3928300000001,266.5528,323.08,792.4395000000001,2020.46513
FARM-00154,Wheat,114.63,49.24,4587.31,219.29,414.6822128571428,131.9632,109.645,344.04825,1000.3386628571427
FARM-00155,Sugarcane,203.8,69.22,17630.27,381.32,737.2610571428572,185.5096,190.66,1322.27025,2435.7009071428574
FARM-00156,Maize,200.74,40.99,4666.83,213.52,726.1912885714286,109.85320000000002,106.76,350.01225,1292.8167385714287
FARM-00157,Wheat,114.19,45.63,3897.93,185.33,413.0904814285715,122.28840000000001,92.665,292.34475,920.3886314285714
FARM-00158,Sugarcane,206.55,99.84,16935.74,484.26,747.2093785714286,267.57120000000003,242.13,1270.1805000000002,2527.0910785714286
FARM-00159,Rice,155.42,270.84902073717933,9397.73,463.44,562.2429514285715,725.8753755756406,231.72,704.82975,2224.668077004212
FARM-00160,Wheat,102.36,60.47,3789.43,266.73,370.29461142857144,162.05960000000002,133.365,284.20725,949.9264614285714
FARM-00161,Soybean,36.58,61.45,4240.4,212.64,132.33076285714284,164.686,106.32,318.03,721.3667628571428
FARM-00162,Wheat,115.58,57.35,4124.3,189.67,418.1189057142857,153.698,94.835,309.3225,975.9744057142857
FARM-00163,Rice,176.3,81.3,9715.59,373.6,637.777842857143,217.88400000000001,186.8,728.66925,1771.131092857143
FARM-00164,Maize,188.98,61.93,5188.91,224.51,683.6486485714286,165.97240000000002,112.255,389.16825,1351.0442985714285
FARM-00165,Cotton,138.74,65.07,7393.3,389.91,501.90186000000006,174.3876,194.955,554.4975,1425.74196
FARM-00166,Sugarcane,211.95,99.65,16306.33,548.89,766.7442642857143,267.062,274.445,1222.9747499999999,2531.226014285714
FARM-00167,Wheat,111.76,55.61,4277.29,269.76,404.29978285714293,149.03480000000002,134.88,320.79675,1009.011332857143
FARM-00168,Rice,173.94,74.82,8870.13,428.15,629.2403742857143,200.5176,214.075,665.2597499999999,1709.0927242857142
FARM-00169,Soybean,37.52,56.37,3905.19,197.73,135.73128000000003,151.0716,98.865,292.88925,678.55713
FARM-00170,Soybean,36.71,56.36,4030.72,232.56,132.80104714285716,151.0448,116.28,302.304,702.4298471428572
FARM-00171,Rice,155.24,105.6,8064.42,555.74,561.5917885714287,283.008,277.87,604.8315,1727.3012885714286
FARM-00172,Wheat,116.79,51.46,,194.82,422.4961671428572,137.9128,97.41,,
FARM-00173,Rice,155.47,90.53,10833.88,524.71,562.42383,242.62040000000002,262.355,812.5409999999999,1879.94023
FARM-00174,Soybean,59.43,61.29,3728.74,,214.99227000000002,164.2572,,279.65549999999996,
FARM-00175,Cotton,164.2,43.16,7226.07,210.83,594.0052285714285,115.6688,105.415,541.95525,1357.0442785714285
FARM-00176,Sugarcane,209.84,89.17,18219.41,501.0,759.1111885714287,238.97560000000001,250.5,1366.4557499999999,2615.042538571429
FARM-00177,Sugarcane,197.45,76.71,18035.64,374.14,714.2894785714286,205.5828,187.07,1352.673,2459.6152785714285
FARM-00178,Cotton,,226.98212791806017,8394.43,378.77,,608.3121028204013,189.385,629.58225,
FARM-00179,Maize,194.01,76.91,4704.68,330.83,701.845032857143,206.1188,165.415,352.851,1426.2298328571428
FARM-00180,Cotton,153.99,43.95,6985.03,214.57,557.0698242857143,117.78600000000002,107.285,523.87725,1306.0180742857142
FARM-00181,Rice,122.69,71.13,9333.77,440.66,443.8398385714286,190.6284,220.33,700.03275,1554.8309885714286
FARM-00182,Sugarcane,222.94,111.14,19264.46,724.61,806.5013742857143,297.8552,362.305,1444.8345,2911.4960742857143
FARM-00183,Sugarcane,213.18,95.45,16923.17,479.13,771.1938771428572,255.806,239.565,1269.2377499999998,2535.802627142857
FARM-00184,Soybean,43.89,53.04,3648.64,289.95,158.77521000000002,142.1472,144.975,273.64799999999997,719.54541
FARM-00185,Cotton,136.75,66.35,8378.78,378.96,494.70289285714284,177.81799999999998,189.48,628.4085,1490.4093928571428
FARM-00186,Maize,207.34,67.04,4948.2,186.12,750.06726,179.66720000000004,93.06,371.11499999999995,1393.90946
FARM-00187,Soybean,47.51,,4495.53,185.84,171.8708185714286,,92.92,337.16474999999997,
FARM-00188,Maize,152.6,66.14,4790.45,277.14,552.0414000000001,177.2552,138.57,359.28375,1227.1503500000001
FARM-00189,Soybean,55.29,60.48,3427.22,302.87,200.0155242857143,162.0864,151.435,257.0415,770.5784242857144
FARM-00190,Wheat,147.99,47.59,4435.33,185.73,535.3643957142857,127.54120000000002,92.865,332.64975,1088.4203457142858
FARM-00191,Wheat,135.45,38.88,3438.35,196.02,490.00005,104.1984,98.01,257.87624999999997,950.0846999999999
FARM-00192,Soybean,39.72,29.33,3207.46,188.3,143.68993714285716,78.6044,94.15,240.55949999999999,557.0038371428572
FARM-00193,Maize,203.79,,5262.11,309.32,737.2248814285715,,154.66,394.65824999999995,
FARM-00194,Cotton,145.8,52.22,7251.8,336.57,527.4419142857145,139.9496,168.285,543.885,1379.5615142857146
FARM-00195,Maize,182.26,56.26,4787.4,221.49,659.3385685714286,150.7768,110.745,359.05499999999995,1279.9153685714286
FARM-00196,Wheat,126.26,47.58,3518.01,227.1,456.75456857142865,127.51440000000001,113.55,263.85075,961.6697185714286
FARM-00197,Cotton,154.45,54.66,6856.37,289.47,558.7339071428571,146.4888,144.735,514.22775,1364.185457142857
FARM-00198,Cotton,173.32,76.08,8796.45,288.48,626.99748,203.89440000000002,144.24,659.73375,1634.86563
FARM-00199,Sugarcane,226.54,109.23,16974.17,509.64,819.5246314285714,292.7364,254.82,1273.0627499999998,2640.143781428571
FARM-00200,Wheat,138.21,58.36,3508.55,263.44,499.9845471428572,156.4048,131.72,263.14125,1051.2505971428573
FARM-00201,Maize,186.98,89.52,4506.34,418.06,676.4135057142857,239.9136,209.03,337.9755,1463.3326057142858
FARM-00202,Sugarcane,225.22,76.3,15576.62,382.72,814.7494371428572,204.484,191.36,1168.2465,2378.8399371428573
FARM-00203,Soybean,37.47,65.87,3990.26,256.62,135.55040142857143,176.53160000000003,128.31,299.2695,739.6615014285715
FARM-00204,Cotton,161.71,63.81,6842.98,310.06,584.9974757142857,171.01080000000002,155.03,513.2235,1424.2617757142857
FARM-00205,Maize,174.1,73.38,4646.87,280.31,629.8191857142857,196.6584,140.155,348.51525,1315.1478357142857
FARM-00206,Cotton,150.37,57.34,7455.37,255.26,543.9742157142858,153.67120000000003,127.63,559.15275,1384.4281657142858
FARM-00207,Sugarcane,206.26,91.35,16190.15,607.43,746.1602828571429,244.818,303.715,1214.26125,2508.954532857143
FARM-00208,Wheat,109.56,54.38,4445.11,192.03,396.3411257142858,145.7384,96.015,333.38325,971.4777757142858
FARM-00209,Soybean,51.14,65.18,4133.8,256.79,185.00260285714288,174.68240000000003,128.395,310.035,798.1150028571428
FARM-00210,Rice,153.28,114.5,9108.27,596.22,554.5013485714287,306.86,298.11,683.12025,1842.5915985714287
FARM-00211,Sugarcane,201.73,102.02,19310.27,,729.7726842857144,273.41360000000003,,1448.27025,
FARM-00212,Rice,417.5897631915419,99.46,10369.91,454.15,1510.660796185631,266.5528,227.075,777.74325,2782.031846185631
FARM-00213,Rice,161.73,91.64,11599.79,473.01,585.0698271428571,245.5952,236.505,869.9842500000001,1937.1542771428572
FARM-00214,Maize,175.43,107.57,4327.47,387.42,634.6305557142857,288.2876,193.71,324.56025,1441.1884057142856
FARM-00215,Soybean,53.35,49.02,4346.41,212.32,192.99743571428573,131.3736,106.16,325.98075,756.5117857142857
FARM-00216,Maize,174.91,68.0,,267.84,632.7494185714286,182.24,133.92,,
FARM-00217,Maize,172.11,52.21,5476.06,226.62,622.6202185714287,139.92280000000002,113.31,410.7045,1286.5575185714288
FARM-00218,Sugarcane,212.26,140.42,18478.95,,767.8657114285714,376.3256,,1385.92125,
FARM-00219,Sugarcane,219.77,115.71,19101.01,543.24,795.033672857143,310.1028,271.62,1432.5757499999997,2809.3322228571424
FARM-00220,Soybean,43.11,59.55,3902.56,201.41,155.9535042857143,159.594,100.705,292.692,708.9445042857143
FARM-00221,Cotton,158.38,83.73,8092.42,486.49,572.9509628571428,224.39640000000003,243.245,606.9315,1647.5238628571428
FARM-00222,Rice,167.65,66.93,10525.89,425.64,606.48585,179.37240000000003,212.82,789.44175,1788.12
FARM-00223,Cotton,173.99,53.86,7849.67,318.56,629.421252857143,144.34480000000002,159.28,588.72525,1521.771302857143
FARM-00224,Soybean,41.77,77.35,4155.67,316.37,151.1059585714286,207.298,158.185,311.67525,828.2642085714285
FARM-00225,Maize,,72.09,4850.07,292.61,,193.20120000000003,146.305,363.75525,
FARM-00226,Maize,200.69,76.12,5081.19,332.78,726.0104100000001,204.00160000000002,166.39,381.08924999999994,1477.4912600000002
FARM-00227,Wheat,142.14,46.47,3717.36,209.59,514.2016028571428,124.53960000000001,104.795,278.802,1022.3382028571427
FARM-00228,Soybean,44.75,57.18,4138.64,225.61,161.88632142857142,153.2424,112.805,310.398,738.3317214285714
FARM-00229,Maize,196.9,61.49,4782.18,308.1,712.2998142857143,164.7932,154.05,358.6635,1389.8065142857145
FARM-00230,Rice,170.14,68.27,9843.86,380.76,615.4936028571428,182.9636,190.38,738.2895,1727.1267028571428
FARM-00231,Wheat,,58.54,3779.69,342.96,,156.8872,171.48,283.47675,
FARM-00232,Maize,168.73,64.88,4580.14,332.82,610.3928271428571,173.8784,166.41,343.51050000000004,1294.191727142857
FARM-00233,Soybean,45.56,76.85,4802.62,302.23,164.81655428571432,205.958,151.115,360.19649999999996,882.0860542857142
FARM-00234,Soybean,47.66,59.36,3621.93,256.18,172.4134542857143,159.0848,128.09,271.64475,731.2330042857143
FARM-00235,Rice,174.9,73.59,10766.92,500.18,632.713242857143,197.2212,250.09,807.519,1887.543442857143
FARM-00236,Sugarcane,219.42,80.8,,514.86,793.7675228571429,216.544,257.43,,
FARM-00237,Wheat,102.76,53.13,4341.0,207.65,371.7416400000001,142.38840000000002,103.825,325.575,943.5300400000001
FARM-00238,Soybean,50.71,64.26,3915.37,282.79,183.44704714285717,172.21680000000003,141.395,293.65274999999997,790.7115971428572
FARM-00239,Soybean,43.81,56.69,3981.53,158.05,158.48580428571432,151.9292,79.025,298.61475,688.0547542857144
FARM-00240,Cotton,154.25,70.88,7442.59,363.63,558.0103928571428,189.9584,181.815,558.19425,1487.9780428571428
FARM-00241,Sugarcane,220.69,109.54,15372.76,478.47,798.3618385714286,293.5672,239.235,1152.9569999999999,2484.1210385714285
FARM-00242,Rice,163.49,57.51,9626.57,369.21,591.4367528571429,154.1268,184.605,721.99275,1652.1613028571428
FARM-00243,Maize,178.36,87.45,5373.84,353.92,645.23004,234.366,176.96,403.038,1459.59404
FARM-00244,Rice,149.26,84.91,9807.0,580.87,539.9587114285714,227.5588,290.435,735.525,1793.4775114285712
FARM-00245,Cotton,167.69,70.04,7348.58,364.0,606.6305528571429,187.70720000000003,182.0,551.1435,1527.4812528571429
FARM-00246,Sugarcane,210.46,126.86,15286.76,566.82,761.3540828571429,339.9848,283.41,1146.507,2531.2558828571428
FARM-00247,Rice,156.29,79.01,9570.56,470.99,565.3902385714287,211.74680000000004,235.495,717.7919999999999,1730.4240385714286
FARM-00248,Maize,199.46,71.06,4630.9,306.18,721.5607971428573,190.44080000000002,153.09,347.31749999999994,1412.409097142857
FARM-00249,Soybean,42.65,45.85,4057.29,168.35,154.28942142857142,122.87800000000001,84.175,304.29675,665.6391714285714
FARM-00250,Maize,187.78,55.85,5228.73,270.12,679.3075628571428,149.67800000000003,135.06,392.15475,1356.2003128571428
FARM-00251,Maize,189.14,55.71,4702.25,228.07,684.2274600000001,149.30280000000002,114.035,352.66875,1300.2340100000001
FARM-00252,Cotton,127.46,42.86,6745.73,308.5,461.0956542857143,114.8648,154.25,505.92974999999996,1236.1402042857144
FARM-00253,Maize,173.39,44.17,4609.18,243.74,627.25071,118.3756,121.87,345.68850000000003,1213.18481
FARM-00254,Wheat,130.3,60.44,3360.77,266.38,471.3695571428573,161.9792,133.19,252.05775,1018.5965071428573
FARM-00255,Wheat,111.31,72.8,3943.03,248.98,402.67187571428576,195.104,124.49,295.72725,1017.9931257142858
FARM-00256,Cotton,143.23,39.6,7423.3,217.41,518.1447557142858,106.12800000000001,108.705,556.7475,1289.7252557142858
FARM-00257,Rice,136.09,74.7,11359.04,484.06,492.31529571428575,200.19600000000003,242.03,851.928,1786.4692957142856
FARM-00258,Wheat,132.67,,4332.76,227.75,479.9432014285714,,113.875,324.957,
FARM-00259,Cotton,157.99,60.14,7504.2,376.72,571.5401100000001,161.17520000000002,188.36,562.8149999999999,1483.8903100000002
FARM-00260,Rice,134.12,71.16,8757.88,437.35,485.1886800000001,190.7088,218.675,656.8409999999999,1551.41348
FARM-00261,Wheat,121.32,58.66,4008.0,211.54,438.88376571428574,157.2088,105.77,300.59999999999997,1002.4625657142856
FARM-00262,Wheat,106.25,39.24,3948.45,160.52,384.3669642857143,105.16320000000002,80.26,296.13374999999996,865.9239142857143
FARM-00263,Rice,151.12,95.18,10244.41,497.32,546.6873942857144,255.08240000000004,248.66,768.33075,1818.7605442857143
FARM-00264,Rice,134.02,69.33,9038.04,423.59,484.8269228571429,185.80440000000002,211.795,677.8530000000001,1560.279322857143
FARM-00265,Rice,143.63,89.04,10543.22,436.9,519.5917842857143,238.62720000000004,218.45,790.7415,1767.4104842857141
FARM-00266,Maize,191.22,47.34,4920.87,183.26,691.7520085714286,126.87120000000002,91.63,369.06525,1279.3184585714287
FARM-00267,Cotton,159.7,69.84,8867.25,420.3,577.7261571428572,187.17120000000003,210.15,665.0437499999999,1640.0911071428573
FARM-00268,Sugarcane,206.81,76.49,17254.4,448.04,748.1499471428572,204.9932,224.02,1294.0800000000002,2471.243147142857
FARM-00269,Sugarcane,223.32,75.21,16449.21,401.36,807.8760514285714,201.56279999999998,200.68,1233.69075,2443.809601428571
FARM-00270,Cotton,170.58,77.39,8166.07,385.19,617.0853342857145,207.4052,192.595,612.45525,1629.5407842857144
FARM-00271,Rice,154.99,102.59,11015.17,536.9,560.6873957142857,274.94120000000004,268.45,826.13775,1930.2163457142856
FARM-00272,Maize,176.16,62.62,5049.09,224.48,637.271382857143,167.8216,112.24,378.68175,1296.014732857143
FARM-00273,Cotton,155.02,75.0,7996.01,332.91,560.7959228571428,201.0,166.455,599.70075,1527.951672857143
FARM-00274,Sugarcane,230.51,105.27,17324.48,436.13,833.8863900000001,282.1236,218.065,1299.336,2633.4109900000003
FARM-00275,Rice,156.75,66.99,9639.83,544.03,567.0543214285715,179.5332,272.015,722.98725,1741.5897714285716
FARM-00276,Wheat,110.0,41.35,3296.55,193.26,397.9328571428572,110.81800000000001,96.63,247.24125,852.6221071428572
FARM-00277,Cotton,147.92,77.2,7924.24,426.66,535.1111657142858,206.89600000000002,213.33,594.318,1549.6551657142859
FARM-00278,Rice,143.97,81.0,9602.12,515.31,520.8217585714286,217.08,257.655,720.159,1715.7157585714285
FARM-00279,Cotton,151.94,81.87,8387.42,465.24,549.6538028571429,219.41160000000002,232.62,629.0565,1630.741902857143
FARM-00280,Rice,133.84,87.04,10969.67,572.02,484.17576,233.26720000000003,286.01,822.72525,1826.17821
FARM-00281,Soybean,36.47,68.03,4597.95,301.3,131.93283,182.3204,150.65,344.84625,809.74948
FARM-00282,Wheat,137.25,55.14,4369.25,228.24,496.51167857142866,147.7752,114.12,327.69374999999997,1086.1006285714286
FARM-00283,Maize,200.52,50.98,5705.07,205.3,725.3954228571429,136.6264,102.65,427.88025,1392.5520728571428
FARM-00284,Wheat,131.34,61.92,4501.45,231.01,475.13183142857145,165.9456,115.505,337.60875,1094.1911814285713
FARM-00285,Maize,177.67,73.83,4920.09,323.14,642.7339157142858,197.86440000000002,161.57,369.00675,1371.175065714286
FARM-00286,Rice,,89.86,8411.4,551.91,,240.8248,275.955,630.8549999999999,
FARM-00287,Wheat,114.58,59.93,3542.52,320.18,414.5013342857143,160.6124,160.09,265.68899999999996,1000.8927342857143
FARM-00288,Sugarcane,234.91,62.96,15964.35,365.3,849.8037042857143,168.73280000000003,182.65,1197.32625,2398.5127542857144
FARM-00289,Cotton,155.98,47.12,6958.77,253.86,564.2687914285714,126.2816,126.93,521.90775,1339.3881414285715
FARM-00290,Soybean,51.92,,4207.05,169.18,187.8243085714286,,84.59,315.52875,
FARM-00291,Sugarcane,209.64,87.04,18266.48,471.16,758.3876742857142,233.26720000000003,235.58,1369.9859999999999,2597.2208742857138
FARM-00292,Sugarcane,233.59,84.44,50676.70062645443,565.62,845.0285100000001,226.2992,282.81,3800.752546984082,5154.890256984082
FARM-00293,Rice,143.72,87.71,11337.57,456.83,519.9173657142857,235.0628,228.415,850.3177499999999,1833.7129157142856
FARM-00294,Wheat,118.53,47.0,3276.5,285.21,428.79074142857144,125.96000000000001,142.605,245.73749999999998,943.0932414285714
FARM-00295,Soybean,46.0,45.77,4239.16,666.292093343198,166.4082857142857,122.66360000000002,333.146046671599,317.93699999999995,940.1549323858846
FARM-00296,Cotton,160.01,49.92,8043.61,281.46,578.8476042857144,133.78560000000002,140.73,603.2707499999999,1456.6339542857145
FARM-00297,Sugarcane,224.77,344.0032187044253,17974.54,431.96,813.1215300000001,921.9286261278598,215.98,1348.0905,3299.12065612786
FARM-00298,Rice,146.85,99.94,11322.17,469.61,531.2403642857143,267.8392,234.805,849.16275,1883.0473142857143
FARM-00299,Sugarcane,196.76,99.16,17780.33,463.15,711.7933542857144,265.7488,231.575,1333.52475,2542.641904285714
FARM-00300,Maize,176.88,80.89,5228.11,262.93,639.8760342857144,216.7852,131.465,392.10824999999994,1380.2344842857144
FARM-00301,Wheat,111.34,34.58,4123.94,172.53,402.7804028571429,92.6744,86.265,309.29549999999995,891.0153028571428
FARM-00302,Wheat,122.53,61.59,4397.5,251.02,443.2610271428572,165.0612,125.51,329.8125,1063.6447271428572
FARM-00303,Cotton,154.89,59.64,6845.13,323.61,560.3256385714285,159.83520000000001,161.805,513.3847499999999,1395.3505885714285
FARM-00304,Rice,137.87,77.93,9660.46,599.88,498.7545728571429,208.85240000000002,299.94,724.5344999999999,1732.0814728571427
FARM-00305,Cotton,165.06,70.91,6794.06,261.04,597.11634,190.0388,130.52,509.5545,1427.22964
FARM-00306,Maize,186.64,73.74,4855.63,356.87,675.1835314285714,197.6232,178.435,364.17225,1415.4139814285716
FARM-00307,Cotton,134.33,52.59,7449.43,253.99,485.9483700000001,140.9412,126.995,558.70725,1312.59182
FARM-00308,Maize,172.93,53.39,4372.23,295.52,625.5866271428572,143.08520000000001,147.76,327.91724999999997,1244.3490771428571
FARM-00309,Cotton,169.49,70.39,8374.99,357.99,613.1421814285715,188.64520000000002,178.995,628.12425,1608.9066314285715
FARM-00310,Wheat,137.06,59.36,3348.85,197.79,495.82434,159.0848,98.895,251.16375,1004.9678899999999
FARM-00311,Soybean,44.1,61.18,4624.68,261.77,159.53490000000002,163.9624,130.885,346.851,801.2333
FARM-00312,Wheat,125.45,42.3,,160.74,453.8243357142857,113.364,80.37,,
FARM-00313,Wheat,113.97,43.76,4001.72,199.27,412.2946157142857,117.27680000000001,99.635,300.12899999999996,929.3354157142858
FARM-00314,Rice,134.65,80.28,8926.55,389.92,487.10599285714295,215.15040000000002,194.96,669.4912499999999,1566.707642857143
FARM-00315,Cotton,134.49,75.63,7846.25,474.08,486.5271814285715,202.6884,237.04,588.46875,1514.7243314285715
FARM-00316,Wheat,121.93,48.25,4028.21,209.85,441.09048428571435,129.31,104.925,302.11575,977.4412342857142
FARM-00317,Rice,152.54,70.94,8872.69,294.63,551.8243457142858,190.1192,147.315,665.4517500000001,1554.7102957142856
FARM-00318,Wheat,113.66,62.2,3677.84,268.59,411.17316857142856,166.69600000000003,134.295,275.838,988.0021685714287
FARM-00319,Maize,179.06,76.12,4344.95,298.34,647.76234,204.00160000000002,149.17,325.87125,1326.80519
FARM-00320,Wheat,115.93,61.05,3868.24,236.24,419.3850557142857,163.614,118.12,290.118,991.2370557142858
FARM-00321,Wheat,119.3,66.29,3753.75,201.87,431.57627142857143,177.65720000000002,100.935,281.53125,991.6997214285714
FARM-00322,Cotton,146.03,63.99,8641.6,273.19,528.2739557142858,171.4932,136.595,648.12,1484.482155714286
FARM-00323,Wheat,117.5,74.71,4292.87,271.01,425.0646428571429,200.2228,135.505,321.96524999999997,1082.757692857143
FARM-00324,Sugarcane,242.2,79.96,18130.93,445.91,876.1758,214.2928,222.955,1359.8197499999999,2673.2433499999997
FARM-00325,Soybean,55.82,57.41,3953.33,192.23,201.93283714285718,153.8588,96.115,296.49975,748.4063871428573
FARM-00326,Sugarcane,219.89,113.98,17592.04,522.26,795.4677814285715,305.4664,261.13,1319.403,2681.467181428571
FARM-00327,Rice,139.07,63.67,10801.69,358.97,503.09565857142854,170.6356,179.485,810.12675,1663.3430085714285
FARM-00328,Wheat,122.75,39.9,3902.5,200.59,444.0568928571429,106.932,100.295,292.6875,943.9713928571429
FARM-00329,Sugarcane,206.83,105.26,16809.97,494.42,748.2222985714286,282.09680000000003,247.21,1260.74775,2538.2768485714287
FARM-00330,Sugarcane,238.12,80.88,16488.34,456.72,861.4161085714286,216.7584,228.36,1236.6254999999999,2543.160008571428
FARM-00331,Sugarcane,222.81,103.97,17110.09,493.14,806.0310900000002,278.63960000000003,246.57,1283.25675,2614.49744
FARM-00332,Maize,210.2,87.28,4533.02,432.7,760.4135142857143,233.9104,216.35,339.97650000000004,1550.6504142857143
FARM-00333,Cotton,151.86,55.75,7477.87,245.93,549.3643971428571,149.41,122.965,560.84025,1382.579647142857
FARM-00334,Soybean,52.99,53.72,4220.95,180.11,191.69511000000003,143.9696,90.055,316.57124999999996,742.29096
FARM-00335,Cotton,155.89,63.86,7019.23,464.83,563.94321,171.1448,232.415,526.44225,1493.94526
FARM-00336,Wheat,120.18,46.09,3557.7,200.3,434.7597342857144,123.52120000000002,100.15,266.8275,925.2584342857144
FARM-00337,Wheat,128.23,43.64,4102.94,173.43,463.8811842857143,116.9552,86.715,307.72049999999996,975.2718842857143
FARM-00338,Rice,143.89,65.29,37851.47545709773,493.45,520.5323528571428,174.97720000000004,246.725,2838.86065928233,3781.0952121394726
FARM-00339,Sugarcane,224.97,149.74,18479.63,595.94,813.8450442857144,401.30320000000006,297.97,1385.97225,2899.0904942857146
FARM-00340,Sugarcane,215.11,111.33,51774.37484246805,609.33,778.17579,298.3644,304.665,3883.0781131851036,5264.283303185103
FARM-00341,Rice,165.7,92.09,11438.48,563.73,599.4315857142857,246.80120000000002,281.865,857.886,1985.9837857142857
FARM-00342,Wheat,130.21,55.88,3173.06,214.09,471.0439757142858,149.75840000000002,107.045,237.97949999999997,965.8268757142857
FARM-00343,Rice,153.23,83.73,10295.11,526.19,554.32047,224.39640000000003,263.095,772.13325,1813.9451199999999
FARM-00344,Rice,160.65,77.02,8866.29,390.07,581.16285,206.4136,195.035,664.97175,1647.5832
FARM-00345,Soybean,43.1,62.57,4236.93,219.93,155.91732857142858,167.6876,109.965,317.76975,751.3396785714285
FARM-00346,Maize,182.65,84.92,5368.7,326.63,660.7494214285715,227.58560000000003,163.315,402.6525,1454.3025214285715
FARM-00347,Maize,189.39,88.16,5956.48,,685.1318528571428,236.2688,,446.73599999999993,
FARM-00348,Soybean,46.83,61.39,3722.7,212.16,169.41087,164.5252,106.08,279.2025,719.21857
FARM-00349,Maize,197.4,80.9,5886.77,324.79,714.1086,216.81200000000004,162.395,441.50775000000004,1534.8233500000001
FARM-00350,Rice,135.89,,9312.03,455.87,491.59178142857144,,227.935,698.40225,
FARM-00351,Cotton,164.09,59.21,7833.49,364.26,593.6072957142858,158.68280000000001,182.13,587.51175,1521.9318457142858
FARM-00352,Wheat,129.9,76.52,14959.480524839548,347.49,469.92252857142864,205.0736,173.745,1121.961039362966,1970.7021679343948
FARM-00353,Sugarcane,243.39,104.58,19043.35,560.16,880.48071,280.2744,280.08,1428.2512499999998,2869.08636
FARM-00354,Cotton,156.69,55.55,6935.63,314.17,566.8372671428572,148.874,157.085,520.17225,1392.9685171428573
FARM-00355,Sugarcane,214.73,,19414.9,,776.8011128571429,,,1456.1175,
FARM-00356,Soybean,51.04,72.76,4699.32,309.31,184.64084571428572,194.99680000000004,154.655,352.44899999999996,886.7416457142857
FARM-00357,Cotton,139.29,57.9,,306.72,503.89152428571424,155.172,153.36,,
FARM-00358,Cotton,167.76,65.88,7466.96,407.23,606.8837828571429,176.5584,203.615,560.0219999999999,1547.0791828571428
FARM-00359,Rice,130.72,78.65,10890.07,448.02,472.8889371428571,210.78200000000004,224.01,816.7552499999999,1724.436187142857
FARM-00360,Cotton,158.59,73.81,7313.04,319.39,573.7106528571429,197.81080000000003,159.695,548.478,1479.694452857143
FARM-00361,Maize,191.01,84.71,5600.06,299.75,690.9923185714285,227.0228,149.875,420.0045,1487.8946185714285
FARM-00362,Wheat,127.03,50.31,4534.6,198.13,459.5400985714286,134.8308,99.065,340.095,1033.5308985714287
FARM-00363,Wheat,,42.4,3846.71,146.75,,113.632,73.375,288.50325,
FARM-00364,Maize,174.48,66.32,5717.45,240.49,631.1938628571429,177.7376,120.245,428.80875,1357.9852128571429
FARM-00365,Wheat,141.06,44.46,4690.32,146.24,510.2946257142858,119.15280000000001,73.12,351.77399999999994,1054.3414257142858
FARM-00366,Cotton,151.35,71.07,7790.8,320.08,547.5194357142857,190.4676,160.04,584.31,1482.3370357142855
FARM-00367,Sugarcane,218.35,103.87,17764.13,461.33,789.8967214285715,278.3716,230.665,1332.3097500000001,2631.2430714285715
FARM-00368,Wheat,117.66,56.03,3947.28,,425.6434542857143,150.1604,,296.046,
FARM-00369,Soybean,49.26,44.37,3784.18,221.83,178.2015685714286,118.9116,110.915,283.8135,691.8416685714286
FARM-00370,Wheat,,53.49,3977.4,276.71,,143.35320000000002,138.355,298.305,
FARM-00371,Maize,213.12,70.1,5020.58,272.77,770.9768228571429,187.868,136.385,376.5435,1471.7733228571428
FARM-00372,Cotton,160.04,46.79,7188.63,275.29,578.9561314285713,125.39720000000001,137.645,539.14725,1381.1455814285714
FARM-00373,Soybean,46.36,139.94198920587422,4068.56,243.29,167.71061142857144,375.04453107174294,121.645,305.142,969.5421425003144
FARM-00374,Rice,158.46,56.87,9228.1,273.1,573.2403685714287,152.4116,136.55,692.1075,1554.3094685714286
FARM-00375,Sugarcane,206.94,98.33,16765.86,448.83,748.6202314285715,263.5244,224.415,1257.4395,2493.9991314285717
FARM-00376,Soybean,47.47,72.44,4752.73,279.65,171.72611571428573,194.13920000000002,139.825,356.45474999999993,862.1450657142857
FARM-00377,Rice,139.4,92.73,9961.88,373.94,504.28945714285726,248.51640000000003,186.97,747.141,1686.9168571428572
FARM-00378,Maize,197.62,44.41,5149.23,188.48,714.9044657142858,119.0188,94.24,386.19224999999994,1314.355515714286
FARM-00379,Soybean,40.82,66.7,3605.51,176.11,147.6692657142857,178.75600000000003,88.055,270.41325,684.8935157142857
FARM-00380,Soybean,53.39,67.97,3845.9,232.27,193.14213857142857,182.1596,116.135,288.4425,779.8792385714286
FARM-00381,Soybean,52.05,32.55,3887.59,174.84,188.2945928571429,87.234,87.42,291.56925,654.5178428571429
FARM-00382,Maize,186.71,72.12,5580.57,318.74,675.4367614285715,193.28160000000003,159.37,418.54274999999996,1446.6311114285713
FARM-00383,Cotton,134.14,70.03,7390.81,357.82,485.26103142857147,187.68040000000002,178.91,554.31075,1406.1621814285713
FARM-00384,Cotton,151.22,59.73,7399.59,326.31,547.0491514285713,160.0764,163.155,554.96925,1425.2498014285713
FARM-00385,Wheat,119.18,37.21,4596.48,186.98,431.1421628571429,99.7228,93.49,344.73599999999993,969.0909628571428
FARM-00386,Cotton,159.58,46.95,6682.55,291.26,577.2920485714285,125.82600000000002,145.63,501.19124999999997,1349.9392985714285
FARM-00387,Cotton,135.34,56.27,7016.44,260.32,489.6021171428572,150.80360000000002,130.16,526.233,1296.7987171428572
FARM-00388,Rice,148.25,69.4,9655.81,578.75,536.3049642857143,185.99200000000002,289.375,724.18575,1735.8577142857143
FARM-00389,Soybean,46.99,49.31,4642.44,225.75,169.98968142857143,132.1508,112.875,348.18299999999994,763.1984814285713
FARM-00390,Sugarcane,222.81,95.89,17711.92,531.55,806.0310900000002,256.9852,265.775,1328.3939999999998,2657.18529
FARM-00391,Cotton,169.21,57.53,7090.8,295.78,612.1292614285715,154.18040000000002,147.89,531.81,1446.0096614285712
FARM-00392,Maize,207.24,95.65,4953.28,413.23,749.705502857143,256.34200000000004,206.615,371.496,1584.158502857143
FARM-00393,Cotton,165.52,64.18,8024.35,437.47,598.7804228571429,172.00240000000002,218.735,601.82625,1591.344072857143
FARM-00394,Wheat,119.19,37.48,4742.08,210.56,431.17833857142864,100.4464,105.28,355.656,992.5607385714286
FARM-00395,Cotton,153.68,68.7,7642.36,305.11,555.9483771428572,184.116,152.555,573.1769999999999,1465.7963771428572
FARM-00396,Wheat,420.7146588705571,48.25,3727.09,187.13,1521.9653295113026,129.31,93.565,279.53175,2024.3720795113027
FARM-00397,Soybean,42.84,43.3,3530.83,174.05,154.97676,116.044,87.025,264.81225,622.8580099999999
FARM-00398,Rice,151.65,81.14,11563.0,358.2,548.6047071428571,217.45520000000002,179.1,867.225,1812.3849071428572
FARM-00399,Soybean,47.55,45.96,3654.68,176.46,172.01552142857145,123.17280000000001,88.23,274.101,657.5193214285714
FARM-00400,Cotton,141.8,58.43,7502.32,359.34,512.9716285714287,156.5924,179.67,562.674,1411.9080285714285
FARM-00401,Cotton,167.11,94.19,7998.08,448.64,604.5323614285716,252.4292,224.32,599.856,1681.1375614285716
FARM-00402,Maize,180.19,71.72,5292.39,254.58,651.8501957142857,192.2096,127.29,396.92925,1368.2790457142858
FARM-00403,Cotton,158.26,49.17,6485.47,273.44,572.5168542857143,131.77560000000003,136.72,486.41025,1327.4227042857144
FARM-00404,Maize,173.73,70.12,4892.1,258.17,628.4806842857143,187.9216,129.085,366.9075,1312.3947842857144
FARM-00405,Maize,192.45,,5493.99,329.28,696.2016214285715,,164.64,412.04925,
FARM-00406,Wheat,127.18,48.17,4361.28,199.08,460.08273428571437,129.09560000000002,99.54,327.09599999999995,1015.8143342857143
FARM-00407,Sugarcane,219.34,106.95,16757.26,669.91,793.4781171428572,286.62600000000003,334.955,1256.7944999999997,2671.853617142857
FARM-00408,Wheat,133.31,34.02,4167.51,156.71,482.2584471428572,91.17360000000001,78.355,312.56325,964.3502971428572
FARM-00409,Sugarcane,220.72,133.0,17700.82,819.26,798.4703657142857,356.44,409.63,1327.5615,2892.101865714286
FARM-00410,Wheat,126.87,70.84,4362.65,211.56,458.9612871428572,189.85120000000003,105.78,327.19874999999996,1081.7912371428572
FARM-00411,Sugarcane,231.73,113.49,17608.1,468.89,838.2998271428571,304.1532,234.445,1320.6074999999998,2697.505527142857
FARM-00412,Rice,137.04,65.78,9960.83,453.33,495.7519885714285,176.2904,226.665,747.06225,1645.7696385714285
FARM-00413,Soybean,38.14,57.69,4716.45,230.86,137.9741742857143,154.60920000000002,115.43,353.73375,761.7471242857143
FARM-00414,Sugarcane,232.99,91.73,16215.33,498.36,842.8579671428572,245.83640000000003,249.18,1216.14975,2554.024117142857
FARM-00415,Wheat,123.17,72.79,3298.19,247.94,445.57627285714284,195.07720000000003,123.97,247.36425,1011.9877228571429
FARM-00416,Maize,183.37,60.85,4701.31,322.68,663.3540728571429,163.078,161.34,352.59825,1340.370322857143
FARM-00417,Wheat,121.13,41.39,3906.81,,438.19642714285715,110.9252,,293.01075,
FARM-00418,Soybean,,46.5,,176.91,,124.62,88.455,,
FARM-00419,Soybean,44.91,,4395.24,175.23,162.46513285714286,,87.615,329.643,
FARM-00420,Sugarcane,219.92,64.76,16204.74,315.85,795.5763085714286,173.55680000000004,157.925,1215.3555,2342.4136085714285
FARM-00421,Cotton,159.79,54.74,7619.16,356.52,578.0517385714286,146.7032,178.26,571.437,1474.4519385714286
FARM-00422,Sugarcane,232.39,95.5,16570.44,534.5,840.6874242857143,255.94000000000003,267.25,1242.783,2606.6604242857143
FARM-00423,Rice,135.77,109.07,8848.53,485.24,491.1576728571429,292.3076,242.62,663.63975,1689.7250228571431
FARM-00424,Wheat,104.36,49.76,3840.01,258.69,377.52975428571426,133.3568,129.345,288.00075,928.2323042857142
FARM-00425,Rice,155.13,48.87,10463.35,340.56,561.1938557142857,130.9716,170.28,784.75125,1647.1967057142856
FARM-00426,Soybean,49.61,47.7,4473.48,247.84,179.46771857142858,127.83600000000001,123.92,335.51099999999997,766.7347185714286
FARM-00427,Maize,201.16,72.26,4800.18,333.98,727.7106685714286,193.65680000000003,166.99,360.0135,1448.3709685714286
FARM-00428,Rice,143.79,69.46,10763.78,400.0,520.1705957142857,186.15279999999998,200.0,807.2835,1713.6068957142857
FARM-00429,Cotton,166.46,62.29,7795.99,355.31,602.18094,166.93720000000002,177.655,584.69925,1531.47239
FARM-00430,Sugarcane,219.6,104.42,17724.21,543.23,794.4186857142859,279.84560000000005,271.615,1329.31575,2675.195035714286
FARM-00431,Maize,164.31,68.95,5009.1,254.15,594.4031614285714,184.78600000000003,127.075,375.6825,1281.9466614285716
FARM-00432,Maize,188.12,93.97,4965.9,375.21,680.5375371428572,251.83960000000002,187.605,372.44249999999994,1492.4246371428571
FARM-00433,Soybean,50.31,65.09,4301.28,252.27,182.0000185714286,174.4412,126.135,322.59599999999995,805.1722185714286
FARM-00434,Wheat,135.03,61.52,3820.89,251.47,488.48067000000003,164.8736,125.735,286.56674999999996,1065.65602
FARM-00435,Wheat,121.67,47.18,3823.45,184.47,440.1499157142857,126.4424,92.235,286.75874999999996,945.5860657142857
FARM-00436,Soybean,45.26,57.53,4130.07,249.12,163.73128285714287,154.18040000000002,124.56,309.75525,752.2269328571429
FARM-00437,Rice,137.28,70.93,10783.69,358.26,496.6202057142857,190.09240000000003,179.13,808.77675,1674.6193557142856
FARM-00438,Soybean,41.71,51.86,4335.59,209.16,150.88890428571432,138.9848,104.58,325.16925,719.6229542857143
FARM-00439,Rice,140.27,85.43,10163.94,408.25,507.4367442857143,228.95240000000004,204.125,762.2955000000001,1702.8096442857145
FARM-00440,Soybean,38.62,54.05,4599.94,179.24,139.71060857142857,144.854,89.62,344.99549999999994,719.1801085714285
FARM-00441,Rice,124.39,92.27,8747.97,488.41,449.98970999999995,247.2836,244.205,656.0977499999999,1597.5760599999999
FARM-00442,Wheat,108.87,53.88,4113.67,265.94,393.8450014285715,144.3984,132.97,308.52524999999997,979.7386514285715
FARM-00443,Rice,170.8,57.84,9273.7,340.94,617.8812,155.01120000000003,170.47,695.5275,1638.8899000000001
FARM-00444,Soybean,54.71,61.5,4064.24,179.18,197.9173328571429,164.82000000000002,89.59,304.818,757.1453328571429
FARM-00445,Sugarcane,216.41,105.13,16769.38,541.0,782.878632857143,281.7484,270.5,1257.7035,2592.830532857143
FARM-00446,Cotton,124.83,82.62,7444.51,429.42,451.58144142857145,221.4216,214.71,558.33825,1446.0512914285714
FARM-00447,Rice,166.15,95.87,8975.34,511.54,601.0594928571429,256.9316,255.77,673.1505,1786.911592857143
FARM-00448,Wheat,112.87,79.47,4244.15,211.03,408.3152871428572,212.9796,105.515,318.31125,1045.1211371428572
FARM-00449,Sugarcane,226.25,110.99,17242.73,679.77,818.4755357142858,297.4532,339.885,1293.2047499999999,2749.018485714286
FARM-00450,Maize,175.31,82.17,4082.0,277.26,634.1964471428572,220.21560000000002,138.63,306.15,1299.192047142857
FARM-00451,Soybean,53.25,41.67,4470.42,242.44,192.63567857142857,111.67560000000002,121.22,335.2815,760.8127785714287
FARM-00452,Cotton,163.89,51.75,7530.35,297.19,592.8837814285714,138.69,148.595,564.77625,1444.9450314285714
FARM-00453,Wheat,123.68,43.48,3557.49,144.71,447.4212342857144,116.5264,72.355,266.81174999999996,903.1143842857143
FARM-00454,Sugarcane,214.44,88.67,18260.53,501.3,775.7520171428572,237.6356,250.65,1369.53975,2633.577367142857
FARM-00455,Maize,177.91,75.61,5236.53,247.86,643.6021328571428,202.6348,123.93,392.73974999999996,1362.9066828571429
FARM-00456,Cotton,433.7071832941032,65.22,7806.24,770.5706265814233,1568.9667146509394,174.7896,385.28531329071166,585.468,2714.509627941651
FARM-00457,Rice,147.75,102.95,9869.05,575.21,534.4961785714286,275.906,287.605,740.1787499999999,1838.1859285714286
FARM-00458,Sugarcane,227.74,56.0,18361.24,280.0,823.8657171428572,150.08,140.0,1377.093,2491.0387171428574
FARM-00459,Wheat,131.41,55.18,4699.02,235.93,475.3850614285714,147.88240000000002,117.965,352.42650000000003,1093.6589614285715
FARM-00460,Rice,152.98,65.12,11836.96,407.58,553.4160771428571,174.52160000000003,203.79,887.7719999999999,1819.499677142857
FARM-00461,Rice,163.63,64.02,10187.45,507.41,591.943212857143,171.5736,253.705,764.05875,1781.280562857143
FARM-00462,Rice,140.94,91.91,10241.63,479.3,509.86051714285725,246.3188,239.65,768.1222499999999,1763.9515671428571
FARM-00463,Sugarcane,198.59,,16429.81,522.66,718.4135100000001,,261.33,1232.23575,
FARM-00464,Rice,138.8,73.58,9520.75,272.72,502.11891428571437,197.1944,136.36,714.05625,1549.7295642857143
FARM-00465,Soybean,49.37,46.72,3634.2,213.43,178.59950142857144,125.20960000000001,106.715,272.565,683.0891014285714
FARM-00466,Sugarcane,238.44,125.66,17850.8,667.72,862.5737314285714,336.7688,333.86,1338.81,2872.0125314285715
FARM-00467,Maize,181.98,42.54,4703.89,196.46,658.3256485714285,114.0072,98.23,352.79175000000004,1223.3545985714286
FARM-00468,Wheat,140.77,50.45,4197.36,193.8,509.24553000000014,135.20600000000002,96.9,314.80199999999996,1056.15353
FARM-00469,Wheat,118.17,71.27,4292.51,224.91,427.48841571428574,191.0036,112.455,321.93825,1052.8852657142859
FARM-00470,Wheat,133.61,45.33,3891.94,194.55,483.34371857142867,121.48440000000001,97.275,291.89549999999997,993.9986185714287
FARM-00471,Sugarcane,203.37,88.21,16886.83,565.21,735.7055014285716,236.40279999999998,282.605,1266.51225,2521.2255514285716
FARM-00472,Cotton,144.01,78.54,,445.1,520.9664614285715,210.48720000000003,222.55,,
FARM-00473,Soybean,55.62,86.8,3782.31,266.52,201.20932285714287,232.624,133.26,283.67325,850.7665728571428
FARM-00474,Wheat,121.06,45.15,4725.1,198.0,437.9431971428572,121.00200000000001,99.0,354.3825,1012.3276971428572
FARM-00475,Maize,172.7,48.69,5625.57,268.97,624.7545857142857,130.4892,134.485,421.91774999999996,1311.6465357142856
FARM-00476,Soybean,36.92,66.77,3660.13,307.1,133.56073714285714,178.9436,153.55,274.50975,740.5640871428571
FARM-00477,Sugarcane,227.12,98.84,17852.32,444.43,821.6228228571429,264.8912,222.215,1338.924,2647.653022857143
FARM-00478,Soybean,37.04,58.06,3591.3,203.2,133.9948457142857,155.60080000000002,101.6,269.3475,660.5431457142859
FARM-00479,Wheat,128.84,52.05,3075.78,183.91,466.0879028571429,139.494,91.955,230.6835,928.220402857143
FARM-00480,Maize,210.05,59.22,4757.22,316.36,759.8708785714286,158.7096,158.18,356.7915,1433.5519785714287
FARM-00481,Wheat,143.62,46.09,4215.04,211.56,519.5556085714286,123.52120000000002,105.78,316.128,1064.9848085714286
FARM-00482,Soybean,43.4,48.87,4020.08,210.72,157.00259999999997,130.9716,105.36,301.506,694.8402
FARM-00483,Cotton,139.54,63.42,8681.78,312.09,504.7959171428572,169.96560000000002,156.045,651.1335,1481.9400171428572
FARM-00484,Cotton,130.47,54.59,8071.41,289.86,471.9845442857144,146.30120000000002,144.93,605.35575,1368.5714942857144
FARM-00485,Sugarcane,226.14,109.09,17319.39,528.49,818.0776028571429,292.36120000000005,264.245,1298.95425,2673.6380528571426
FARM-00486,Sugarcane,216.18,105.68,16260.81,619.5,782.0465914285714,283.22240000000005,309.75,1219.5607499999999,2594.5797414285717
FARM-00487,Wheat,125.24,49.72,4646.62,261.22,453.0646457142857,133.24960000000002,130.61,348.49649999999997,1065.4207457142857
FARM-00488,Wheat,110.4,60.79,3679.56,170.22,399.37988571428576,162.9172,85.11,275.967,923.3740857142858
FARM-00489,Maize,179.49,81.46,4952.21,244.71,649.3178957142859,218.3128,122.355,371.41575,1361.401445714286
FARM-00490,Rice,140.22,69.59,9190.75,415.34,507.25586571428573,186.5012,207.67,689.30625,1590.7333157142857
FARM-00491,Cotton,136.33,65.71,8206.84,273.67,493.183512857143,176.1028,136.835,615.513,1421.634312857143
FARM-00492,Rice,137.56,103.41,10860.59,599.04,497.6331257142858,277.1388,299.52,814.54425,1888.8361757142857
FARM-00493,Cotton,144.0,83.56,7822.82,427.58,520.9302857142858,223.94080000000002,213.79,586.7115,1545.3725857142858
FARM-00494,Wheat,133.38,50.53,4504.84,230.22,482.51167714285714,135.4204,115.11,337.863,1070.9050771428572
FARM-00495,Maize,193.07,54.77,4558.47,196.68,698.4445157142858,146.7836,98.34,341.88525,1285.4533657142858
FARM-00496,Maize,195.03,44.31,4794.01,194.7,705.5349557142858,118.75080000000001,97.35,359.55075,1281.1865057142859
FARM-00497,Soybean,,44.29,4125.88,251.93,,118.69720000000001,125.965,309.441,
FARM-00498,Wheat,148.82,,3881.2,207.08,538.36698,,103.54,291.09,
FARM-00499,Rice,142.07,57.1,11350.81,284.95,513.9483728571428,153.02800000000002,142.475,851.31075,1660.762122857143
FARM-00500,Maize,184.97,87.78,4931.77,341.44,669.1421871428572,235.2504,170.72,369.88275000000004,1444.9953371428571
FARM-00501,Maize,191.11,76.67,5606.89,391.8,691.3540757142858,205.47560000000001,195.9,420.51675,1513.2464257142858
FARM-00502,Cotton,165.22,95.64,8128.58,398.32,597.6951514285714,256.3152,199.16,609.6435,1662.8138514285715
FARM-00503,Soybean,36.59,50.62,3974.95,216.34,132.3669385714286,135.6616,108.17,298.12125,674.3197885714286
FARM-00504,Soybean,43.33,42.96,3342.3,170.84,156.74937,115.1328,85.42,250.6725,607.9746700000001
FARM-00505,Cotton,157.06,71.62,31087.83697900036,411.2,568.1757685714286,191.94160000000002,205.6,2331.587773425027,3297.305141996456
FARM-00506,Rice,164.28,88.94,8466.32,419.71,594.2946342857144,238.35920000000002,209.855,634.9739999999999,1677.4828342857143
FARM-00507,Wheat,123.67,41.38,4621.92,192.47,447.38505857142866,110.89840000000001,96.235,346.644,1001.1624585714287
FARM-00508,Maize,190.17,82.05,5094.68,291.66,687.9535585714286,219.894,145.83,382.101,1435.7785585714287
FARM-00509,Wheat,122.12,57.65,3217.68,279.22,441.7778228571429,154.502,139.61,241.32599999999996,977.2158228571429
FARM-00510,Rice,136.08,83.15,10406.48,449.76,492.2791200000001,222.84200000000004,224.88,780.486,1720.4871200000002
FARM-00511,Sugarcane,204.04,96.08,16639.43,456.8,738.1292742857144,257.4944,228.4,1247.95725,2471.9809242857145
FARM-00512,Rice,148.56,83.88,9517.51,,537.4264114285716,224.79840000000002,,713.81325,
FARM-00513,Sugarcane,242.66,94.98,19154.73,565.4,877.839882857143,254.54640000000003,282.7,1436.60475,2851.691032857143
FARM-00514,Soybean,49.0,51.78,3471.87,173.0,177.26100000000002,138.77040000000002,86.5,260.39025,662.92165
FARM-00515,Soybean,49.21,40.6,4212.52,203.0,178.02069000000003,108.808,101.5,315.939,704.2676900000001
FARM-00516,Soybean,56.07,67.56,4210.72,285.17,202.83723000000003,181.06080000000003,142.585,315.80400000000003,842.2870300000002
FARM-00517,Cotton,171.57,57.62,6695.1,288.27,620.6667300000001,154.4216,144.135,502.1325,1421.3558300000002
FARM-00518,Sugarcane,218.24,73.56,17518.11,458.58,789.4987885714287,197.1408,229.29,1313.85825,2529.7878385714284
FARM-00519,Sugarcane,220.89,79.91,16262.56,595.01,799.0853528571429,214.1588,297.505,1219.692,2530.4411528571427
FARM-00520,Cotton,147.23,57.96,7347.11,311.52,532.6150414285713,155.33280000000002,155.76,551.03325,1394.7410914285713
FARM-00521,Soybean,,58.47,4893.42,213.85,,156.6996,106.925,367.0065,
FARM-00522,Soybean,43.09,61.23,3538.7,172.2,155.8811528571429,164.0964,86.1,265.4025,671.4800528571429
FARM-00523,Rice,135.19,64.8,10519.95,411.3,489.0594814285715,173.66400000000002,205.65,788.99625,1657.3697314285714
FARM-00524,Wheat,107.25,65.4,13617.756834967167,279.34,387.9845357142857,175.27200000000002,139.67,1021.3317626225376,1724.2582983368234
FARM-00525,Maize,172.58,87.82,5375.97,407.78,624.3204771428573,235.3576,203.89,403.19775,1466.7658271428575
FARM-00526,Wheat,129.09,61.78,3754.05,813.4163234450536,466.9922957142858,165.5704,406.7081617225268,281.55375,1320.8246074368126
FARM-00527,Rice,167.24,85.13,10713.16,469.0,605.0026457142858,228.1484,234.5,803.487,1871.138045714286
FARM-00528,Rice,160.73,,9724.05,508.99,581.4522557142857,,254.495,729.3037499999999,
FARM-00529,Soybean,41.65,49.99,3735.27,203.57,150.67185,133.97320000000002,101.785,280.14525,666.5753
FARM-00530,Cotton,175.81,72.68,7240.31,366.18,636.0052328571429,194.78240000000002,183.09,543.02325,1556.900882857143
FARM-00531,Rice,140.72,98.49,8847.36,369.34,509.06465142857144,263.9532,184.67,663.552,1621.2398514285715
FARM-00532,Rice,145.82,72.53,11137.85,364.66,527.5142657142858,194.3804,182.33,835.33875,1739.5634157142858
FARM-00533,Wheat,125.08,53.08,3522.44,241.65,452.4858342857143,142.2544,120.825,264.183,979.7482342857144
FARM-00534,Rice,162.62,96.0,8397.66,643.27,588.2894657142858,257.28000000000003,321.635,629.8245,1797.0289657142857
FARM-00535,Soybean,42.7,48.77,4312.27,217.81,154.4703,130.70360000000002,108.905,323.42025,717.49915
FARM-00536,Wheat,121.14,53.68,3672.6,223.88,438.23260285714287,143.8624,111.94,275.445,969.4800028571428
FARM-00537,Wheat,126.35,71.94,3364.18,311.34,457.08015,192.7992,155.67,252.31349999999998,1057.86285
FARM-00538,Wheat,123.79,53.03,3160.29,156.23,447.81916714285717,142.12040000000002,78.115,237.02175,905.0763171428572
FARM-00539,Wheat,128.65,56.32,4286.36,144.78,465.4005642857143,150.9376,72.39,321.477,1010.2051642857143
FARM-00540,Sugarcane,210.35,97.78,16034.95,453.44,760.95615,262.0504,226.72,1202.62125,2452.3478
FARM-00541,Sugarcane,245.09,105.3,18114.58,570.47,886.6305814285715,282.204,285.235,1358.5935000000002,2812.663081428572
FARM-00542,Wheat,121.17,53.99,4420.46,201.45,438.34113,144.69320000000002,100.725,331.5345,1015.2938300000001
FARM-00543,Maize,182.86,64.65,4831.24,245.3,661.5091114285716,173.26200000000003,122.65,362.34299999999996,1319.7641114285716
FARM-00544,Rice,159.43,79.17,10269.05,495.81,576.7494128571429,212.17560000000003,247.905,770.1787499999999,1807.0087628571428
FARM-00545,Sugarcane,,90.46,18482.89,600.41,,242.4328,300.205,1386.2167499999998,
FARM-00546,Soybean,43.62,52.84,4664.69,213.08,157.79846571428573,141.61120000000003,106.54,349.85175,755.8014157142858
FARM-00547,Cotton,137.08,75.41,6901.97,438.33,495.8966914285715,202.0988,219.165,517.64775,1434.8082414285714
FARM-00548,Maize,192.97,68.09,4913.51,258.94,698.0827585714285,182.48120000000003,129.47,368.51325,1378.5472085714287
FARM-00549,Wheat,119.97,58.16,3437.9,268.81,434.00004428571424,155.8688,134.405,257.8425,982.1163442857141
FARM-00550,Maize,196.41,67.83,5446.68,274.36,710.5272042857143,181.7844,137.18,408.50100000000003,1437.9926042857144
FARM-00551,Soybean,45.95,72.58,4545.22,370.5,166.22740714285715,194.5144,185.25,340.8915,886.8833071428571
FARM-00552,Rice,151.91,71.94,11672.94,1196.6531175949897,549.5452757142857,192.7992,598.3265587974948,875.4705,2216.1415345117807
FARM-00553,Sugarcane,217.63,114.39,18365.25,525.88,787.29207,306.5652,262.94,1377.39375,2734.19102
FARM-00554,Sugarcane,233.63,113.91,17265.61,606.1,845.173212857143,305.2788,303.05,1294.92075,2748.422762857143
FARM-00555,Soybean,39.6,62.83,4535.11,234.44,143.2558285714286,168.3844,117.22,340.13325,768.9934785714286
FARM-00556,Sugarcane,211.95,75.38,60793.09713081193,381.87,766.7442642857143,202.0184,190.935,4559.482284810895,5719.17994909661
FARM-00557,Wheat,129.65,56.91,3725.14,253.7,469.0181357142858,152.5188,126.85,279.3855,1027.7724357142858
FARM-00558,Sugarcane,194.96,66.84,18206.05,375.16,705.2817257142858,179.1312,187.58,1365.45375,2437.4466757142854
FARM-00559,Wheat,127.11,65.97,4271.91,311.59,459.82950428571434,176.7996,155.795,320.39324999999997,1112.8173542857144
FARM-00560,Sugarcane,210.45,78.46,19017.81,602.91,761.3179071428572,210.2728,301.455,1426.33575,2699.381457142857
FARM-00561,Cotton,146.42,71.12,7712.87,410.14,529.6848085714287,190.60160000000002,205.07,578.46525,1503.8216585714285
FARM-00562,Soybean,42.83,37.84,3501.97,177.97,154.9405842857143,101.41120000000002,88.985,262.64775,607.9845342857143
FARM-00563,Wheat,135.4,54.13,3549.4,198.7,489.8191714285715,145.06840000000003,99.35,266.205,1000.4425714285715
FARM-00564,Cotton,156.85,75.08,7029.54,287.07,567.4160785714287,201.2144,143.535,527.2155,1439.3809785714288
FARM-00565,Cotton,157.8,74.75,8447.18,328.11,570.8527714285715,200.33,164.055,633.5385,1568.7762714285714
FARM-00566,Maize,174.46,88.28,5145.92,234.43,631.1215114285715,236.59040000000002,117.215,385.944,1370.8709114285716
FARM-00567,Cotton,132.49,72.46,7411.85,409.01,479.29203857142863,194.1928,204.505,555.88875,1433.8785885714287
FARM-00568,Soybean,30.54,52.88,3630.78,172.09,110.48063142857144,141.7184,86.045,272.3085,610.5525314285715
FARM-00569,Sugarcane,208.71,125.11,18415.68,711.2,755.023332857143,335.2948,355.6,1381.176,2827.094132857143
FARM-00570,Rice,147.86,104.73,10064.26,532.77,534.8941114285715,280.6764,266.385,754.8195,1836.7750114285714
FARM-00571,Sugarcane,193.0,118.16,16659.39,723.9,698.1912857142858,316.66880000000003,361.95,1249.45425,2626.264335714286
FARM-00572,Rice,135.54,84.74,9995.29,445.68,490.3256314285714,227.1032,222.84,749.64675,1689.9155814285714
FARM-00573,Soybean,59.09,63.8,3800.06,214.9,213.76229571428576,170.984,107.45,285.0045,777.2007957142857
FARM-00574,Cotton,163.43,66.48,7433.43,329.64,591.2196985714286,178.1664,164.82,557.50725,1491.7133485714285
FARM-00575,Rice,161.12,69.55,9152.61,562.82,582.8631085714286,186.394,281.41,686.44575,1737.1128585714287
FARM-00576,Rice,150.43,90.73,9435.05,408.61,544.19127,243.15640000000002,204.305,707.62875,1699.2814200000003
FARM-00577,Maize,204.86,83.7,4899.73,330.14,741.095682857143,224.31600000000003,165.07,367.47974999999997,1497.9614328571429
FARM-00578,Maize,171.45,90.97,4459.54,351.64,620.2326214285715,243.7996,175.82,334.46549999999996,1374.3177214285715
FARM-00579,Soybean,33.49,74.67,3474.37,258.3,121.15246714285716,200.11560000000003,129.15,260.57775,710.9958171428573
FARM-00580,Soybean,42.61,69.4,3318.09,248.18,154.1447185714286,185.99200000000002,124.09,248.85675,713.0834685714286
FARM-00581,Soybean,49.04,57.39,4454.19,193.83,177.40570285714284,153.8052,96.915,334.06424999999996,762.1901528571428
FARM-00582,Sugarcane,213.37,105.81,17150.58,626.32,771.8812157142858,283.5708,313.16,1286.2935,2654.9055157142857
FARM-00583,Soybean,41.24,45.4,4360.89,196.62,149.1886457142857,121.672,98.31,327.06675,696.2373957142858
FARM-00584,Maize,204.08,67.37,4601.61,374.16,738.2739771428571,180.55160000000004,187.08,345.12075,1451.026327142857
FARM-00585,Rice,162.48,57.39,10942.77,367.44,587.7830057142857,153.8052,183.72,820.70775,1746.0159557142856
FARM-00586,Cotton,170.96,64.87,6839.69,364.43,618.4600114285715,173.85160000000002,182.215,512.9767499999999,1487.5033614285715
FARM-00587,Maize,188.86,54.88,4699.29,257.23,683.21454,147.07840000000002,128.615,352.44675,1311.3546900000001
FARM-00588,Wheat,132.3,45.93,3955.25,236.77,478.6047000000001,123.09240000000001,118.385,296.64375,1016.72585
FARM-00589,Maize,168.37,70.99,4226.6,311.76,609.0905014285715,190.2532,155.88,316.995,1272.2187014285714
FARM-00590,Cotton,161.7,56.61,6897.08,310.16,584.9613,151.7148,155.08,517.281,1409.0371
FARM-00591,Wheat,132.44,74.4,3959.11,235.83,479.11116000000004,199.39200000000002,117.915,296.93325,1093.35141
FARM-00592,Soybean,40.11,50.14,3619.12,178.38,145.10079000000002,134.3752,89.19,271.43399999999997,640.0999899999999
FARM-00593,Sugarcane,217.98,73.24,17668.79,502.57,788.5582199999999,196.2832,251.285,1325.15925,2561.2856699999998
FARM-00594,Soybean,57.07,64.08,3483.28,271.79,206.45480142857144,171.7344,135.895,261.246,775.3302014285714
FARM-00595,Maize,191.89,72.06,5125.75,266.71,694.1757814285716,193.12080000000003,133.355,384.43125,1405.0828314285716
FARM-00596,Cotton,159.54,79.19,7297.29,389.95,577.1473457142857,212.22920000000002,194.975,547.29675,1531.6482957142857
FARM-00597,Cotton,143.54,79.83,8127.65,373.18,519.2662028571428,213.9444,186.59,609.5737499999999,1529.3743528571426
FARM-00598,Cotton,171.89,59.01,7848.13,280.45,621.8243528571429,158.1468,140.225,588.60975,1508.8059028571429
FARM-00599,Wheat,128.07,53.84,3857.33,202.16,463.30237285714287,144.29120000000003,101.08,289.29974999999996,997.9733228571429
FARM-00600,Soybean,37.53,60.03,3660.53,156.73,135.76745571428572,160.8804,78.365,274.53975,649.5526057142857
FARM-00601,Rice,164.17,93.09,11474.0,634.26,593.8967014285713,249.48120000000003,317.13,860.55,2021.0579014285713
FARM-00602,Maize,184.93,89.24,5086.7,,668.9974842857143,239.1632,,381.5025,
FARM-00603,Cotton,140.87,66.3,7542.91,358.46,509.6072871428572,177.684,179.23,565.71825,1432.2395371428572
FARM-00604,Maize,196.23,73.6,4490.18,218.84,709.8760414285714,197.248,109.42,336.7635,1353.3075414285713
FARM-00605,Wheat,108.24,48.1,3629.95,234.53,391.56593142857145,128.90800000000002,117.265,272.24625,909.9851814285714
FARM-00606,Soybean,31.33,37.56,4187.44,202.25,113.33851285714286,100.66080000000001,101.125,314.05799999999994,629.1823128571427
FARM-00607,Sugarcane,222.79,94.42,16036.37,431.12,805.9587385714285,253.0456,215.56,1202.72775,2477.2920885714284
FARM-00608,Sugarcane,215.7,121.52,17424.62,740.77,780.3101571428572,325.6736,370.385,1306.8464999999999,2783.215257142857
FARM-00609,Sugarcane,223.8,,18101.24,467.92,809.6124857142859,,233.96,1357.593,
FARM-00610,Soybean,52.91,73.4,3926.47,232.91,191.40570428571425,196.71200000000002,116.455,294.48524999999995,799.0579542857142
FARM-00611,Rice,147.25,95.61,9281.84,599.19,532.6873928571429,256.2348,299.595,696.138,1784.655192857143
FARM-00612,Sugarcane,210.25,98.97,15988.6,527.35,760.5943928571429,265.2396,263.675,1199.145,2488.653992857143
FARM-00613,Soybean,48.16,68.01,4443.74,292.03,174.22224,182.26680000000002,146.015,333.28049999999996,835.78454
FARM-00614,Rice,158.31,53.31,10234.41,397.54,572.6977328571429,142.8708,198.77,767.58075,1681.919282857143
FARM-00615,Wheat,135.83,50.53,4032.1,248.28,491.3747271428572,135.4204,124.14,302.40749999999997,1053.342627142857
FARM-00616,Sugarcane,210.99,94.73,19147.64,571.31,763.2713957142857,253.87640000000002,285.655,1436.0729999999999,2738.8757957142857
FARM-00617,Sugarcane,223.52,116.54,17742.3,596.73,808.5995657142859,312.32720000000006,298.365,1330.6725,2749.964265714286
FARM-00618,Wheat,106.83,44.73,3874.79,147.62,386.46515571428574,119.8764,73.81,290.60925,870.7608057142857
FARM-00619,Maize,177.82,69.94,4632.43,334.8,643.2765514285715,187.4392,167.4,347.43225,1345.5480014285715
FARM-00620,Wheat,124.0,75.52,3577.99,278.4,448.57885714285715,202.3936,139.2,268.34925,1058.5217071428572
FARM-00621,Sugarcane,210.03,119.71,17731.31,523.0,759.7985271428572,320.82280000000003,261.5,1329.84825,2671.9695771428574
FARM-00622,Wheat,119.3,,3495.87,280.12,431.57627142857143,,140.06,262.19025,
FARM-00623,Sugarcane,231.6,93.89,,499.3,837.8295428571429,251.6252,249.65,,
FARM-00624,Wheat,127.01,59.1,3648.33,314.96,459.4677471428572,158.388,157.48,273.62475,1048.9604971428573
FARM-00625,Cotton,168.94,36.31,8853.26,243.97,611.1525171428572,97.31080000000001,121.985,663.9945,1494.4428171428572
FARM-00626,Cotton,157.27,53.22,6138.7,312.4,568.9354585714286,142.6296,156.2,460.4025,1328.1675585714286
FARM-00627,Rice,174.28,51.47,10773.58,376.23,630.4703485714285,137.9396,188.115,808.0185,1764.5434485714286
FARM-00628,Wheat,122.93,46.97,4511.83,237.5,444.7080557142857,125.87960000000001,118.75,338.38725,1027.7249057142858
FARM-00629,Rice,144.28,80.0,10401.05,479.91,521.9432057142858,214.4,239.955,780.0787499999999,1756.3769557142857
FARM-00630,Cotton,149.56,60.29,7188.98,353.77,541.043982857143,161.5772,176.885,539.1735,1418.6796828571428
FARM-00631,Maize,198.27,82.01,4838.34,299.22,717.2558871428573,219.78680000000003,149.61,362.8755,1449.5281871428574
FARM-00632,Rice,126.24,81.23,11074.93,561.46,456.6822171428571,217.6964,280.73,830.61975,1785.7283671428572
FARM-00633,Sugarcane,194.78,116.64,19621.14,577.91,704.6305628571429,312.59520000000003,288.955,1471.5855,2777.7662628571425
FARM-00634,Wheat,131.14,67.34,3294.69,191.98,474.40831714285713,180.4712,95.99,247.10174999999998,997.9712671428572
FARM-00635,Rice,162.69,74.81,9922.12,462.47,588.5426957142857,200.4908,231.235,744.159,1764.4274957142857
FARM-00636,Rice,137.65,56.83,11360.27,293.45,497.9587071428572,152.30440000000002,146.725,852.02025,1649.0083571428572
FARM-00637,Cotton,159.89,75.95,7471.6,365.52,578.4134957142857,203.54600000000002,182.76,560.37,1525.0894957142857
FARM-00638,Sugarcane,230.25,120.19,17489.56,613.27,832.9458214285714,322.1092,306.635,1311.717,2773.407021428571
FARM-00639,Soybean,35.11,33.87,4307.61,159.66,127.01293285714287,90.77159999999999,79.83,323.07075,620.6852828571429
FARM-00640,Rice,166.38,111.05,11166.47,573.68,601.8915342857142,297.61400000000003,286.84,837.48525,2023.8307842857141
FARM-00641,Wheat,132.19,62.94,3959.38,273.25,478.20676714285713,168.6792,136.625,296.9535,1080.464467142857
FARM-00642,Wheat,134.17,56.44,4712.92,204.62,485.36955857142857,151.2592,102.31,353.469,1092.4077585714285
FARM-00643,Sugarcane,238.16,93.4,15961.84,561.24,861.5608114285715,250.31200000000004,280.62,1197.138,2589.6308114285716
FARM-00644,Wheat,126.66,72.3,3871.31,249.18,458.20159714285717,193.764,124.59,290.34825,1066.903847142857
FARM-00645,Sugarcane,225.66,96.83,19717.42,492.82,816.3411685714286,259.50440000000003,246.41,1478.8065,2801.0620685714284
FARM-00646,Soybean,52.08,52.24,3664.43,238.86,188.40312,140.00320000000002,119.43,274.83225,722.66857
FARM-00647,Rice,145.03,56.17,9793.43,269.23,524.6563842857144,150.53560000000002,134.615,734.50725,1544.3142342857145
FARM-00648,Soybean,39.9,59.78,4070.42,274.44,144.3411,160.21040000000002,137.22,305.2815,747.0530000000001
FARM-00649,Wheat,114.55,31.21,3581.44,177.19,414.3928071428571,83.64280000000001,88.595,268.608,855.2386071428571
FARM-00650,Sugarcane,213.0,104.85,17058.36,611.6,770.5427142857143,280.998,305.8,1279.377,2636.7177142857145
FARM-00651,Wheat,119.43,64.59,3555.9,227.87,432.0465557142858,173.1012,113.935,266.6925,985.7752557142857
FARM-00652,Sugarcane,212.93,79.49,16164.5,337.64,770.2894842857143,213.0332,168.82,1212.3374999999999,2364.480184285714
FARM-00653,Wheat,131.69,54.12,4104.62,222.93,476.3979814285715,145.0416,111.465,307.8465,1040.7510814285715
FARM-00654,Cotton,160.41,77.86,6714.03,388.59,580.2946328571429,208.6648,194.295,503.55224999999996,1486.8066828571427
FARM-00655,Wheat,119.08,52.56,3747.58,217.79,430.78040571428573,140.8608,108.895,281.0685,961.6047057142857
FARM-00656,Cotton,164.44,70.1,6487.04,365.49,594.8734457142857,187.868,182.745,486.52799999999996,1452.0144457142856
FARM-00657,Wheat,124.08,50.84,3516.43,285.75,448.8682628571429,136.2512,142.875,263.73224999999996,991.726712857143
FARM-00658,Cotton,124.77,54.09,6987.21,275.97,451.36438714285714,144.96120000000002,137.985,524.04075,1258.3513371428571
FARM-00659,Soybean,47.0,35.48,3785.12,205.3,170.02585714285715,95.0864,102.65,283.88399999999996,651.6462571428572
FARM-00660,Maize,189.35,63.66,4392.99,364.47,684.98715,170.6088,182.235,329.47425,1367.3052
FARM-00661,Soybean,50.16,61.77,3697.03,228.95,181.45738285714285,165.54360000000003,114.475,277.27725,738.7532328571428
FARM-00662,Sugarcane,223.97,104.76,17858.87,708.38,810.2274728571429,280.75680000000006,354.19,1339.4152499999998,2784.5895228571426
FARM-00663,Cotton,161.56,60.08,8078.45,422.81,584.45484,161.0144,211.405,605.88375,1562.75799
FARM-00664,Wheat,127.1,52.66,3379.46,265.37,459.7933285714286,141.1288,132.685,253.4595,987.0666285714285
FARM-00665,Soybean,37.36,46.31,4445.44,188.15,135.15246857142859,124.11080000000001,94.075,333.40799999999996,686.7462685714286
FARM-00666,Rice,169.28,127.53,8535.9,629.97,612.3824914285715,341.78040000000004,314.985,640.1925,1909.3403914285718
FARM-00667,Soybean,46.59,55.13,3306.97,243.97,168.54265285714288,147.7484,121.985,248.02274999999997,686.2988028571428
FARM-00668,Wheat,126.75,,3823.71,181.07,458.5271785714285,,90.535,286.77825,
FARM-00669,Soybean,37.24,45.44,4641.44,184.99,134.71836000000002,121.7792,92.495,348.10799999999995,697.10056
FARM-00670,Rice,123.13,68.4,9910.82,397.06,445.4315700000001,183.31200000000004,198.53,743.3114999999999,1570.58507
FARM-00671,Rice,150.22,93.6,9808.94,471.56,543.43158,250.848,235.78,735.6705000000001,1765.7300800000003
FARM-00672,Wheat,121.91,75.24,3069.45,225.07,441.01813285714286,201.6432,112.535,230.20874999999998,985.4050828571428
FARM-00673,Wheat,125.88,45.46,4536.05,195.49,455.37989142857145,121.8328,97.745,340.20375,1015.1614414285715
FARM-00674,Maize,178.07,69.43,5247.85,349.35,644.1809442857143,186.07240000000002,174.675,393.58875,1398.5170942857144
FARM-00675,Cotton,143.54,59.59,8581.52,333.72,519.2662028571428,159.70120000000003,166.86,643.614,1489.4414028571427
FARM-00676,Rice,128.65,73.17,9840.64,415.81,465.4005642857143,196.09560000000002,207.905,738.0479999999999,1607.4491642857142
FARM-00677,Rice,,52.76,10727.24,278.9,,141.3968,139.45,804.543,
FARM-00678,Sugarcane,189.3,95.88,16715.45,498.49,684.8062714285714,256.9584,249.245,1253.65875,2444.6684214285715
FARM-00679,Wheat,127.91,59.63,3403.69,205.12,462.72356142857143,159.8084,102.56,255.27675,980.3687114285715
FARM-00680,Soybean,43.87,36.14,4118.22,196.68,158.70285857142858,96.85520000000001,98.34,308.86650000000003,662.7645585714286
FARM-00681,Maize,214.5,71.03,4644.59,287.81,775.9690714285714,190.36040000000003,143.905,348.34425,1458.5787214285715
FARM-00682,Rice,,81.33,11614.12,456.27,,217.9644,228.135,871.0590000000001,
FARM-00683,Wheat,110.49,73.13,4252.96,215.93,399.7054671428572,195.9884,107.965,318.972,1022.6308671428573
FARM-00684,Soybean,55.11,68.19,4697.71,269.2,199.36436142857144,182.7492,134.6,352.32824999999997,869.0418114285715
FARM-00685,Wheat,127.83,51.3,4091.23,225.24,462.43415571428574,137.484,112.62,306.84225,1019.3804057142856
FARM-00686,Rice,126.41,94.49,9595.81,455.4,457.2972042857143,253.2332,227.7,719.68575,1657.9161542857141
FARM-00687,Maize,197.11,85.27,4900.13,353.22,713.0595042857144,228.52360000000002,176.61,367.50975,1485.7028542857145
FARM-00688,Maize,190.15,48.04,5523.53,253.87,687.8812071428572,128.7472,126.935,414.26475,1357.8281571428572
FARM-00689,Maize,184.86,71.25,4278.89,236.1,668.7442542857145,190.95000000000002,118.05,320.91675000000004,1298.6610042857146
FARM-00690,Wheat,121.71,47.66,4228.13,201.6,440.2946185714286,127.72879999999999,100.8,317.10975,985.9331685714285
FARM-00691,Rice,140.89,45.56,11053.68,210.0,509.67963857142854,122.1008,105.0,829.026,1565.8064385714285
FARM-00692,Sugarcane,185.08,95.88,16934.65,583.95,669.5401200000001,256.9584,291.975,1270.09875,2488.57227
FARM-00693,Cotton,166.98,71.61,7311.3,293.79,604.0620771428571,191.9148,146.895,548.3475,1491.219377142857
FARM-00694,Wheat,123.44,54.9,3699.97,244.72,446.55301714285713,147.132,122.36,277.49775,993.5427671428571
FARM-00695,Cotton,165.05,62.04,6382.46,319.87,597.0801642857143,166.2672,159.935,478.68449999999996,1401.966864285714
FARM-00696,Maize,199.19,85.28,5408.86,392.11,720.584052857143,228.55040000000002,196.055,405.6645,1550.8539528571432
FARM-00697,Wheat,127.48,60.66,3994.06,197.12,461.16800571428575,162.5688,98.56,299.55449999999996,1021.8513057142857
FARM-00698,Wheat,129.45,57.13,4078.34,240.15,468.2946214285714,153.10840000000002,120.075,305.8755,1047.3535214285716
FARM-00699,Soybean,42.48,44.13,4226.46,158.15,153.6744342857143,118.26840000000001,79.075,316.98449999999997,668.0023342857143
FARM-00700,Sugarcane,247.41,74.33,17583.16,433.19,895.0233471428571,199.20440000000002,216.595,1318.7369999999999,2629.5597471428573
FARM-00701,Soybean,51.7,48.82,4543.43,210.53,187.0284428571429,130.8376,105.265,340.75725,763.8882928571429
FARM-00702,Wheat,126.1,61.86,4856.96,339.19,456.17575714285715,165.78480000000002,169.595,364.272,1155.8275571428571
FARM-00703,Wheat,120.14,70.11,4291.95,224.23,434.61503142857146,187.8948,112.115,321.89624999999995,1056.5210814285715
FARM-00704,Cotton,145.33,69.32,,429.91,525.7416557142858,185.7776,214.955,,
FARM-00705,Rice,149.19,89.02,9825.74,535.54,539.7054814285716,238.5736,267.77,736.9304999999999,1782.9795814285715
FARM-00706,Rice,151.63,92.54,9857.04,416.08,548.5323557142858,248.00720000000004,208.04,739.278,1743.8575557142858
FARM-00707,Wheat,114.93,54.57,3971.64,249.06,415.7674842857143,146.2476,124.53,297.873,984.4180842857143
FARM-00708,Wheat,108.2,184.9726044236781,4476.84,224.78,391.4212285714286,495.7265798554573,112.39,335.763,1335.3008084268859
FARM-00709,Cotton,147.22,75.8,7173.29,368.82,532.5788657142857,203.144,184.41,537.99675,1458.1296157142856
FARM-00710,Rice,154.89,87.78,8945.92,443.81,560.3256385714285,235.2504,221.905,670.944,1688.4250385714286
FARM-00711,Cotton,159.38,67.21,7144.03,319.38,576.5685342857143,180.12279999999998,159.69,535.80225,1452.1835842857142
FARM-00712,Rice,155.05,84.34,10660.72,488.56,560.90445,226.0312,244.28,799.554,1830.7696500000002
FARM-00713,Sugarcane,228.51,124.12,18267.45,643.59,826.6512471428571,332.64160000000004,321.795,1370.05875,2851.146597142857
FARM-00714,Wheat,130.45,45.56,3437.95,213.77,471.9121928571428,122.1008,106.885,257.84625,958.7442428571428
FARM-00715,Rice,138.89,89.52,,519.11,502.4444957142856,239.9136,259.555,,
FARM-00716,Maize,194.74,53.2,5264.18,315.15,704.48586,142.57600000000002,157.575,394.81350000000003,1399.45036
FARM-00717,Wheat,127.56,157.9390935879126,4230.35,277.31,461.4574114285715,423.2767708156058,138.655,317.27625,1340.6654322441773
FARM-00718,Maize,187.34,,4338.37,277.65,677.7158314285714,,138.825,325.37775,
FARM-00719,Cotton,124.09,66.13,6630.78,335.43,448.9044385714286,177.2284,167.715,497.3085,1291.1563385714285
FARM-00720,Sugarcane,197.25,89.41,17041.63,462.25,713.5659642857144,239.6188,231.125,1278.1222500000001,2462.432014285714
FARM-00721,Wheat,112.19,74.58,4556.32,245.39,405.8553385714286,199.8744,122.695,341.724,1070.1487385714286
FARM-00722,Sugarcane,218.4,115.4,15958.05,475.39,790.0776000000002,309.27200000000005,237.695,1196.85375,2533.8983500000004
FARM-00723,Wheat,113.53,67.39,3607.1,256.42,410.70288428571433,180.60520000000002,128.21,270.53249999999997,990.0505842857144
FARM-00724,Soybean,44.87,64.3,4124.64,198.15,162.32043,172.324,99.075,309.348,743.0674300000001
FARM-00725,Rice,145.95,89.43,11054.97,487.27,527.98455,239.67240000000004,243.635,829.1227499999999,1840.4146999999998
FARM-00726,Wheat,121.93,55.08,3826.12,293.56,441.09048428571435,147.61440000000002,146.78,286.959,1022.4438842857144
FARM-00727,Sugarcane,183.85,75.73,16367.4,397.98,665.0905071428572,202.95640000000003,198.99,1227.5549999999998,2294.591907142857
FARM-00728,Rice,153.56,82.07,10075.88,557.39,555.5142685714286,219.9476,278.695,755.6909999999999,1809.8478685714285
FARM-00729,Wheat,125.95,48.08,4204.65,708.3898008304768,455.6331214285715,128.8544,354.1949004152384,315.34874999999994,1254.0311718438097
FARM-00730,Sugarcane,194.06,111.58,17307.41,709.66,702.0259114285714,299.0344,354.83,1298.05575,2653.9460614285713
FARM-00731,Wheat,111.11,60.71,4067.32,233.77,401.9483614285715,162.70280000000002,116.885,305.049,986.5851614285715
FARM-00732,Wheat,,60.61,3671.73,221.8,,162.4348,110.9,275.37975,
FARM-00733,Sugarcane,230.64,115.75,16541.57,699.13,834.3566742857142,310.21000000000004,349.565,1240.61775,2734.749424285714
FARM-00734,Soybean,46.64,64.01,4406.77,272.91,168.72353142857145,171.54680000000002,136.455,330.50775000000004,807.2330814285715
FARM-00735,Soybean,38.32,72.06,3987.14,304.78,138.62533714285718,193.12080000000003,152.39,299.03549999999996,783.1716371428572
FARM-00736,Sugarcane,214.15,95.76,18466.44,586.87,774.7029214285715,256.63680000000005,293.435,1384.983,2709.757721428571
FARM-00737,Sugarcane,227.93,102.65,17274.78,575.13,824.5530557142857,275.10200000000003,287.565,1295.6084999999998,2682.8285557142854
FARM-00738,Sugarcane,223.73,83.43,17473.02,565.36,809.3592557142858,223.59240000000003,282.68,1310.4765,2626.108155714286
FARM-00739,Sugarcane,226.49,108.89,16871.45,566.07,819.343752857143,291.8252,283.035,1265.35875,2659.5627028571434
FARM-00740,Soybean,46.29,48.64,3956.64,188.06,167.45738142857144,130.3552,94.03,296.748,688.5905814285713
FARM-00741,Maize,179.7,76.46,5422.71,291.76,650.0775857142858,204.9128,145.88,406.70324999999997,1407.5736357142857
FARM-00742,Wheat,129.7,47.23,4500.88,174.44,469.19901428571427,126.57639999999999,87.22,337.566,1020.5614142857144
FARM-00743,Rice,497.8831393047933,85.06,9007.71,450.82,1801.1278195164687,227.9608,225.41,675.5782499999999,2930.076869516469
FARM-00744,Sugarcane,231.64,124.57,18674.97,730.76,837.9742457142858,333.8476,365.38,1400.62275,2937.824595714286
FARM-00745,Wheat,138.65,32.57,3130.09,135.04,501.5762785714287,87.28760000000001,67.52,234.75675,891.1406285714287
FARM-00746,Rice,163.72,65.22,11329.47,301.89,592.2687942857143,174.7896,150.945,849.71025,1767.713644285714
FARM-00747,Soybean,42.09,67.19,3214.58,291.01,152.26358142857146,180.0692,145.505,241.09349999999998,718.9312814285714
FARM-00748,Wheat,127.9,58.53,4492.23,204.04,462.6873857142858,156.8604,102.02,336.91724999999997,1058.485035714286
FARM-00749,Sugarcane,216.41,105.34,16147.01,465.86,782.878632857143,282.31120000000004,232.93,1211.02575,2509.1455828571434
FARM-00750,Soybean,54.87,50.13,4560.96,220.15,198.4961442857143,134.34840000000003,110.075,342.072,784.9915442857143
FARM-00751,Soybean,39.26,66.15,3531.18,313.5,142.02585428571427,177.28200000000004,156.75,264.83849999999995,740.8963542857143
FARM-00752,Cotton,,70.71,7334.83,278.46,,189.5028,139.23,550.11225,
FARM-00753,Wheat,111.24,37.36,4346.38,200.02,402.41864571428573,100.12480000000001,100.01,325.9785,928.5319457142857
FARM-00754,Rice,126.68,81.89,9165.5,475.82,458.2739485714286,219.4652,237.91,687.4125,1603.0616485714286
FARM-00755,Maize,202.82,69.22,4693.53,296.81,733.7158371428573,185.5096,148.405,352.01475,1419.6451871428574
FARM-00756,Soybean,32.64,53.33,3879.18,248.17,118.07753142857143,142.9244,124.085,290.9385,676.0254314285714
FARM-00757,Sugarcane,216.27,,59218.27225474324,574.43,782.372172857143,,287.215,4441.370419105743,
FARM-00758,Wheat,128.05,33.79,3925.11,169.39,463.2300214285715,90.55720000000001,84.695,294.38325,932.8654714285714
FARM-00759,Cotton,150.15,74.08,7526.67,375.35,543.17835,198.5344,187.675,564.5002499999999,1493.888
FARM-00760,Maize,166.1,117.0,5096.27,453.94,600.8786142857143,313.56,226.97,382.22025,1523.6288642857144
FARM-00761,Maize,169.35,90.54,5075.58,261.52,612.6357214285714,242.64720000000003,130.76,380.6685,1366.7114214285714
FARM-00762,Rice,168.29,92.89,9949.99,526.57,608.8010957142857,248.94520000000003,263.285,746.24925,1867.2805457142858
FARM-00763,Maize,152.87,66.35,4396.38,311.49,553.0181442857142,177.81799999999998,155.745,329.7285,1216.3096442857143
FARM-00764,Wheat,113.15,43.92,4219.98,143.53,409.3282071428572,117.70560000000002,71.765,316.4985,915.2973071428571
FARM-00765,Sugarcane,246.13,105.18,16666.32,655.95,890.3928557142858,281.8824,327.975,1249.974,2750.2242557142854
FARM-00766,Wheat,123.28,60.59,4106.83,227.47,445.97420571428574,162.3812,113.735,308.01225,1030.102655714286
FARM-00767,Wheat,112.07,34.46,4616.03,150.54,405.42123000000004,92.3528,75.27,346.20225,919.2462800000001
FARM-00768,Rice,134.81,76.07,9442.73,370.55,487.68480428571434,203.86759999999998,185.275,708.20475,1585.0321542857143
FARM-00769,Sugarcane,218.55,88.83,16780.9,458.96,790.6202357142859,238.0644,229.48,1258.5675,2516.732135714286
FARM-00770,Sugarcane,204.56,121.05,17286.41,582.54,740.0104114285715,324.414,291.27,1296.48075,2652.1751614285713
FARM-00771,Rice,161.1,73.07,9769.76,439.62,582.790757142857,195.8276,219.81,732.732,1731.160357142857
FARM-00772,Cotton,140.61,71.52,8763.38,338.52,508.66671857142865,191.6736,169.26,657.2534999999999,1526.8538185714285
FARM-00773,Wheat,127.67,81.18,3522.42,343.44,461.8553442857143,217.56240000000003,171.72,264.18149999999997,1115.3192442857144
FARM-00774,Cotton,123.7,69.89,,,447.4935857142857,187.3052,,,
FARM-00775,Wheat,114.8,50.09,4152.88,202.18,415.2972,134.24120000000002,101.09,311.466,962.0944000000001
FARM-00776,Cotton,146.34,,8001.51,291.42,529.3954028571429,,145.71,600.11325,
FARM-00777,Rice,148.64,64.15,9109.82,439.85,537.7158171428571,171.92200000000003,219.925,683.2365,1612.799317142857
FARM-00778,Soybean,44.23,60.24,4902.51,216.32,160.00518428571428,161.44320000000002,108.16,367.68825,797.2966342857142
FARM-00779,Cotton,129.96,67.28,8232.86,313.31,470.1395828571429,180.31040000000002,156.655,617.4645,1424.569482857143
FARM-00780,Maize,167.36,65.47,5500.88,226.76,605.4367542857143,175.4596,113.38,412.566,1306.8423542857142
FARM-00781,Maize,189.34,92.74,5555.12,342.48,684.9509742857143,248.5432,171.24,416.63399999999996,1521.3681742857143
FARM-00782,Maize,193.72,74.67,4675.08,385.34,700.7959371428572,200.11560000000003,192.67,350.631,1444.2125371428574
FARM-00783,Wheat,144.32,56.27,3911.7,259.82,522.0879085714284,150.80360000000002,129.91,293.3775,1096.1790085714283
FARM-00784,Soybean,52.57,43.62,3896.72,268.8,190.17573,116.9016,134.4,292.25399999999996,733.7313299999998
FARM-00785,Maize,,54.85,5274.26,267.22,,146.99800000000002,133.61,395.5695,
FARM-00786,Soybean,,71.57,4227.05,222.78,,191.80759999999998,111.39,317.02875,
FARM-00787,Maize,204.04,107.25,5183.67,407.32,738.1292742857144,287.43,203.66,388.77524999999997,1617.9945242857143
FARM-00788,Sugarcane,221.61,128.55,17296.06,598.4,801.6900042857144,344.51400000000007,299.2,1297.2045,2742.608504285715
FARM-00789,Sugarcane,211.74,117.42,16697.6,620.23,765.9845742857144,314.6856,310.115,1252.32,2643.1051742857144
FARM-00790,Soybean,47.44,54.01,3736.47,232.12,171.61758857142857,144.7468,116.06,280.23524999999995,712.6596385714286
FARM-00791,Soybean,50.24,63.24,4363.72,239.88,181.7467885714286,169.4832,119.94,327.279,798.4489885714286
FARM-00792,Maize,208.78,59.86,4903.48,269.36,755.276562857143,160.4248,134.68,367.76099999999997,1418.1423628571429
FARM-00793,Cotton,161.16,57.59,7056.44,301.89,583.0078114285715,154.34120000000001,150.945,529.233,1417.5270114285713
FARM-00794,Wheat,129.48,47.28,4181.21,174.52,468.4031485714286,126.7104,87.26,313.59075,995.9642985714286
FARM-00795,Rice,150.14,59.33,10031.76,328.66,543.1421742857142,159.0044,164.33,752.382,1618.8585742857142
FARM-00796,Cotton,152.27,57.95,7415.53,243.24,550.8476014285714,155.306,121.62,556.1647499999999,1383.9383514285714
FARM-00797,Wheat,114.77,49.28,3619.51,227.86,415.1886728571429,132.0704,113.93,271.46325,932.652322857143
FARM-00798,Maize,194.03,65.13,4177.69,271.38,701.9173842857142,174.5484,135.69,313.32674999999995,1325.482534285714
FARM-00799,Rice,142.14,81.69,9766.49,510.06,514.2016028571428,218.9292,255.03,732.4867499999999,1720.6475528571427
FARM-00800,Soybean,43.53,61.69,3961.87,241.94,157.47288428571431,165.32920000000001,120.97,297.14025,740.9123342857142
FARM-00801,Rice,156.11,73.42,9795.86,403.34,564.7390757142857,196.7656,201.67,734.6895000000001,1697.8641757142857
FARM-00802,Maize,194.96,84.21,4518.54,330.62,705.2817257142858,225.6828,165.31,338.8905,1435.1650257142858
FARM-00803,Rice,156.17,80.69,9889.51,388.96,564.95613,216.2492,194.48,741.71325,1717.39858
FARM-00804,Soybean,45.96,68.09,3904.65,223.11,166.26358285714286,182.48120000000003,111.555,292.84875,753.148532857143
FARM-00805,Wheat,121.22,54.43,4025.42,248.57,438.5220085714286,145.8724,124.285,301.9065,1010.5859085714285
FARM-00806,Rice,144.09,92.34,9269.76,335.52,521.2558671428571,247.4712,167.76,695.232,1631.719067142857
FARM-00807,Maize,185.21,71.92,4574.86,258.09,670.0104042857143,192.74560000000002,129.045,343.11449999999996,1334.9155042857144
FARM-00808,Rice,167.8,81.05,10225.29,436.78,607.0284857142858,217.214,218.39,766.89675,1809.5292357142857
FARM-00809,Wheat,109.7,48.88,4051.36,153.55,396.84758571428574,130.9984,76.775,303.852,908.4729857142856
FARM-00810,Sugarcane,234.1,107.5,17915.14,514.88,846.8734714285715,288.1,257.44,1343.6354999999999,2736.0489714285713
FARM-00811,Maize,509.0073240617021,65.62,16839.584692898057,245.42,1841.370352459212,175.8616,122.71,1262.9688519673543,3402.910804426566
FARM-00812,Cotton,158.51,55.73,8848.98,330.46,573.421247142857,149.3564,165.23,663.6735,1551.681147142857
FARM-00813,Cotton,170.55,93.31,6925.05,376.69,616.9768071428573,250.07080000000002,188.345,519.37875,1574.7713571428571
FARM-00814,Soybean,35.16,58.11,3929.26,244.83,127.19381142857145,155.7348,122.415,294.6945,700.0381114285715
FARM-00815,Cotton,155.79,53.04,6766.25,939.5225117720584,563.5814528571428,142.1472,469.7612558860292,507.46875,1682.958658743172
FARM-00816,Cotton,154.79,53.42,7272.08,344.86,559.9638814285714,143.1656,172.43,545.406,1420.9654814285714
FARM-00817,Maize,186.46,60.55,4959.45,286.77,674.5323685714286,162.274,143.385,371.95874999999995,1352.1501185714285
FARM-00818,Wheat,133.57,48.25,3641.35,180.76,483.1990157142857,129.31,90.38,273.10125,975.9902657142857
FARM-00819,Soybean,36.21,58.4,13269.552026353873,180.29,130.99226142857142,156.512,90.145,995.2164019765404,1372.8656634051117
FARM-00820,Sugarcane,199.03,111.38,18392.1,629.49,720.0052414285715,298.4984,314.745,1379.4074999999998,2712.656141428571
FARM-00821,Cotton,546.1255868006492,66.49,7148.33,429.39,1975.6483192218345,178.1932,214.695,536.12475,2904.6612692218346
FARM-00822,Rice,139.34,61.13,10019.76,435.39,504.07240285714295,163.82840000000002,217.695,751.482,1637.0778028571428
FARM-00823,Rice,158.73,80.83,9291.14,324.79,574.2171128571429,216.6244,162.395,696.8354999999999,1650.072012857143
FARM-00824,Maize,167.29,69.85,5145.56,259.13,605.1835242857144,187.198,129.565,385.91700000000003,1307.8635242857144
FARM-00825,Wheat,120.71,54.33,3740.36,175.9,436.6770471428572,145.6044,87.95,280.527,950.7584471428572
FARM-00826,Sugarcane,224.15,117.07,17571.19,619.53,810.8786357142858,313.7476,309.765,1317.8392499999998,2752.2304857142854
FARM-00827,Maize,172.83,81.93,5127.2,379.48,625.22487,219.57240000000004,189.74,384.53999999999996,1419.07727
FARM-00828,Cotton,163.14,68.71,7251.62,328.11,590.170602857143,184.1428,164.055,543.8715,1482.2399028571429
FARM-00829,Soybean,52.26,44.44,3650.42,252.53,189.05428285714288,119.0992,126.265,273.7815,708.1999828571429
FARM-00830,Sugarcane,227.15,82.95,16046.98,416.13,821.73135,222.306,208.065,1203.5235,2455.6258500000004
FARM-00831,Cotton,155.42,,6454.4,320.2,562.2429514285715,,160.1,484.0799999999999,
FARM-00832,Cotton,127.0,71.87,6606.34,331.27,459.4315714285715,192.6116,165.635,495.4755,1313.1536714285714
FARM-00833,Wheat,143.53,64.26,4130.91,275.49,519.2300271428571,172.21680000000003,137.745,309.81825,1139.0100771428572
FARM-00834,Rice,136.56,70.98,9386.29,382.92,494.0155542857143,190.2264,191.46,703.97175,1579.6737042857144
FARM-00835,Maize,184.75,75.86,5032.66,361.52,668.3463214285714,203.3048,180.76,377.4495,1429.8606214285712
FARM-00836,Soybean,37.05,61.16,4280.79,177.34,134.03102142857142,163.9088,88.67,321.05924999999996,707.6690714285714
FARM-00837,Maize,175.95,60.77,5044.16,255.61,636.5116928571429,162.86360000000002,127.805,378.31199999999995,1305.4922928571427
FARM-00838,Maize,170.5,54.71,4840.51,309.38,616.7959285714287,146.6228,154.69,363.03825,1281.1469785714287
FARM-00839,Rice,173.7,93.63,9778.17,480.39,628.3721571428572,250.9284,240.195,733.36275,1852.8583071428573
FARM-00840,Rice,148.04,71.24,9788.99,411.25,535.5452742857143,190.9232,205.625,734.1742499999999,1666.2677242857144
FARM-00841,Soybean,50.23,61.31,3547.25,203.77,181.71061285714285,164.31080000000003,101.885,266.04375,713.9501628571429
FARM-00842,Wheat,142.46,48.72,4013.01,161.17,515.3592257142858,130.5696,80.585,300.97575,1027.4895757142858
FARM-00843,Soybean,35.23,57.78,4299.7,244.74,127.44704142857144,154.8504,122.37,322.47749999999996,727.1449414285714
FARM-00844,Cotton,173.66,58.48,7544.84,370.59,628.2274542857142,156.7264,185.295,565.8629999999999,1536.1118542857141
FARM-00845,Sugarcane,226.76,118.82,17379.79,682.08,820.3204971428572,318.4376,341.04,1303.48425,2783.2823471428574
FARM-00846,Rice,167.91,58.69,8980.25,413.4,607.4264185714286,157.2892,206.7,673.51875,1644.9343685714286
FARM-00847,Rice,133.36,84.81,9601.79,541.34,482.4393257142858,227.29080000000002,270.67,720.1342500000001,1700.534375714286
FARM-00848,Sugarcane,226.61,107.3,15984.65,554.03,819.7778614285716,287.564,277.015,1198.8487499999999,2583.2056114285715
FARM-00849,Rice,157.15,70.69,10142.19,542.03,568.50135,189.44920000000002,271.015,760.66425,1789.6298
FARM-00850,Rice,136.35,57.39,10508.44,484.11,493.2558642857143,153.8052,242.055,788.133,1677.2490642857144
FARM-00851,Soybean,38.91,52.4,3944.32,216.55,140.75970428571426,140.43200000000002,108.275,295.824,685.2907042857144
FARM-00852,Wheat,119.56,68.78,3272.79,274.89,432.51684,184.33040000000003,137.445,245.45925,999.75149
FARM-00853,Rice,156.69,95.51,8530.48,465.03,566.8372671428572,255.96680000000003,232.515,639.786,1695.105067142857
FARM-00854,Soybean,48.6,48.56,4127.9,154.79,175.81397142857145,130.1408,77.395,309.5925,692.9422714285714
FARM-00855,Wheat,125.95,45.82,3544.87,259.08,455.6331214285715,122.7976,129.54,265.86525,973.8359714285714
FARM-00856,Soybean,55.55,65.38,4140.49,276.02,200.9560928571429,175.2184,138.01,310.53675,824.7212428571429
FARM-00857,Soybean,49.86,47.72,3778.81,161.87,180.37211142857143,127.8896,80.935,283.41075,672.6074614285715
FARM-00858,Rice,152.74,77.91,10896.68,487.01,552.54786,208.7988,243.505,817.251,1822.10266
FARM-00859,Maize,150.18,81.37,4867.99,316.33,543.2868771428572,218.07160000000002,158.165,365.09925,1284.622727142857
FARM-00860,Rice,164.57,86.18,9455.49,462.76,595.34373,230.96240000000003,231.38,709.16175,1766.84788
FARM-00861,Sugarcane,249.61,92.97,18115.74,442.71,902.9820042857143,249.1596,221.355,1358.6805000000002,2732.1771042857144
FARM-00862,Rice,155.67,82.58,9056.88,462.69,563.1473442857143,221.3144,231.345,679.266,1695.0727442857142
FARM-00863,Sugarcane,235.5,107.15,,596.12,851.9380714285714,287.16200000000003,298.06,,
FARM-00864,Maize,207.6,95.3,4608.23,458.47,751.0078285714285,255.404,229.235,345.61724999999996,1581.2640785714286
FARM-00865,Wheat,111.9,48.52,4355.74,249.07,404.80624285714293,130.0336,124.535,326.6805,986.0553428571429
FARM-00866,Maize,162.17,75.67,4152.11,190.06,586.6615585714285,202.7956,95.03,311.40824999999995,1195.8954085714286
FARM-00867,Soybean,43.79,56.45,4134.07,239.97,158.41345285714286,151.28600000000003,119.985,310.05524999999994,739.7397028571429
FARM-00868,Sugarcane,218.49,99.0,17475.12,599.42,790.4031814285715,265.32,299.71,1310.6339999999998,2666.0671814285715
FARM-00869,Cotton,161.61,57.17,8566.0,353.48,584.6357185714287,153.21560000000002,176.74,642.4499999999999,1557.0413185714287
FARM-00870,Wheat,107.89,60.1,4431.43,294.84,390.29978142857146,161.068,147.42,332.35725,1031.1450314285714
FARM-00871,Maize,177.54,55.19,5674.86,299.01,642.2636314285714,147.9092,149.505,425.61449999999996,1365.2923314285715
FARM-00872,Sugarcane,226.84,78.81,16389.56,450.46,820.6099028571429,211.2108,225.23,1229.217,2486.267702857143
FARM-00873,Sugarcane,198.06,86.22,17362.62,487.12,716.4961971428572,231.0696,243.56,1302.1964999999998,2493.3222971428568
FARM-00874,Sugarcane,238.12,98.15,18956.99,596.01,861.4161085714286,263.04200000000003,298.005,1421.7742500000002,2844.2373585714286
FARM-00875,Rice,140.47,77.99,10623.5,407.92,508.16025857142864,209.0132,203.96,796.7624999999999,1717.8959585714288
FARM-00876,Maize,471.1349564024995,72.26,5157.96,328.98,1704.3643572829278,193.65680000000003,164.49,386.847,2449.358157282928
FARM-00877,Cotton,164.98,81.78,6762.59,441.07,596.8269342857143,219.17040000000003,220.535,507.19425,1543.7265842857144
FARM-00878,Cotton,165.15,59.43,8651.71,246.3,597.4419214285715,159.2724,123.15,648.8782499999999,1528.7425714285714
FARM-00879,Sugarcane,210.43,124.06,18912.39,712.58,761.2455557142858,332.48080000000004,356.29,1418.42925,2868.445605714286
FARM-00880,Cotton,139.31,72.9,8306.22,296.77,503.9638757142858,195.372,148.385,622.9664999999999,1470.6873757142857
FARM-00881,Sugarcane,231.0,84.51,16529.75,506.7,835.6590000000001,226.48680000000002,253.35,1239.73125,2555.2270500000004
FARM-00882,Wheat,107.31,61.71,4103.06,315.29,388.20159,165.3828,157.645,307.72950000000003,1018.95889
FARM-00883,Sugarcane,203.23,101.17,18457.25,412.89,735.1990414285715,271.1356,206.445,1384.29375,2597.0733914285715
FARM-00884,Soybean,47.8,52.13,4022.01,174.24,172.91991428571427,139.7084,87.12,301.65075,701.3990642857143
FARM-00885,Cotton,152.98,52.74,6095.5,246.84,553.4160771428571,141.34320000000002,123.42,457.16249999999997,1275.3417771428572
FARM-00886,Rice,166.33,101.59,11016.41,608.18,601.7106557142858,272.26120000000003,304.09,826.23075,2004.2926057142859
FARM-00887,Sugarcane,245.66,106.16,17567.93,541.65,888.6925971428573,284.5088,270.825,1317.59475,2761.6211471428574
FARM-00888,Sugarcane,213.11,120.14,18152.06,660.19,770.9406471428572,321.97520000000003,330.095,1361.4045,2784.415347142857
FARM-00889,Sugarcane,202.26,102.06,18585.35,655.66,731.6899971428571,273.5208,327.83,1393.90125,2726.942047142857
FARM-00890,Cotton,157.99,73.92,7430.36,435.45,571.5401100000001,198.1056,217.725,557.2769999999999,1544.6477100000002
FARM-00891,Sugarcane,226.78,128.99,17894.71,711.11,820.3928485714287,345.69320000000005,355.555,1342.10325,2863.7442985714288
FARM-00892,Soybean,53.95,43.83,4008.88,,195.1679785714286,117.4644,,300.666,
FARM-00893,Cotton,138.54,72.07,7683.92,405.25,501.1783457142858,193.14759999999998,202.625,576.294,1473.2449457142857
FARM-00894,Soybean,58.29,56.29,4306.1,258.36,210.8682385714286,150.8572,129.18,322.95750000000004,813.8629385714287
FARM-00895,Sugarcane,244.06,102.87,18006.67,607.09,882.9044828571429,275.69160000000005,303.545,1350.5002499999998,2812.6413328571425
FARM-00896,Soybean,50.76,53.13,4394.3,171.91,183.6279257142857,142.38840000000002,85.955,329.5725,741.5438257142857
FARM-00897,Wheat,131.42,59.56,3842.51,241.74,475.4212371428571,159.6208,120.87,288.18825,1044.100287142857
FARM-00898,Cotton,161.39,74.38,7453.69,420.26,583.8398528571429,199.3384,210.13,559.02675,1552.3350028571429
FARM-00899,Sugarcane,240.68,117.01,18132.11,536.72,870.6770914285714,313.58680000000004,268.36,1359.90825,2812.5321414285713
FARM-00900,Rice,160.13,111.23,9951.68,510.88,579.2817128571429,298.0964,255.44,746.376,1879.194112857143
FARM-00901,Cotton,154.9,62.71,7000.94,358.79,560.3618142857143,168.0628,179.395,525.0704999999999,1432.8901142857144
FARM-00902,Wheat,119.45,47.51,4459.73,224.59,432.11890714285715,127.3268,112.295,334.47974999999997,1006.2204571428571
FARM-00903,Wheat,125.33,51.36,4490.15,162.3,453.39022714285716,137.6448,81.15,336.76124999999996,1008.9462771428571
FARM-00904,Cotton,151.61,67.36,7017.36,1275.8571010587495,548.4600042857144,180.5248,637.9285505293748,526.3019999999999,1893.215354815089
FARM-00905,Soybean,40.54,48.09,3674.99,,146.6563457142857,128.8812,,275.62424999999996,
FARM-00906,Maize,186.81,57.73,4399.8,728.3783446506013,675.7985185714288,154.7164,364.18917232530066,329.985,1524.6890908967293
FARM-00907,Cotton,171.2,45.61,7643.95,212.4,619.3282285714286,122.2348,106.2,573.29625,1421.0592785714284
FARM-00908,Wheat,130.58,40.86,4401.23,179.66,472.3824771428572,109.5048,89.83,330.09225,1001.8095271428572
FARM-00909,Rice,154.83,86.76,10807.4,350.74,560.1085842857143,232.51680000000002,175.37,810.555,1778.5503842857142
FARM-00910,Sugarcane,208.21,80.81,18330.56,459.03,753.2145471428571,216.57080000000002,229.515,1374.7920000000001,2574.092347142857
FARM-00911,Soybean,47.63,44.22,4263.71,,172.30492714285714,118.5096,,319.77825,
FARM-00912,Cotton,136.07,91.31,7364.21,395.29,492.24294428571426,244.71080000000003,197.645,552.31575,1486.9144942857142
FARM-00913,Rice,149.21,92.34,9226.06,540.24,539.7778328571428,247.4712,270.12,691.9544999999999,1749.3235328571427
FARM-00914,Cotton,134.58,53.07,6350.4,262.41,486.852762857143,142.2276,131.205,476.28,1236.565362857143
FARM-00915,Maize,184.48,92.55,5018.93,391.7,667.3695771428571,248.03400000000002,195.85,376.41975,1487.673327142857
FARM-00916,Cotton,146.23,75.38,7372.73,507.34,528.99747,202.0184,253.67,552.95475,1537.6406200000001
FARM-00917,Rice,137.64,73.15,9890.69,427.57,497.92253142857146,196.04200000000003,213.785,741.80175,1649.5512814285714
FARM-00918,Cotton,165.79,69.28,7976.49,357.95,599.7571671428572,185.6704,178.975,598.2367499999999,1562.6393171428572
FARM-00919,Sugarcane,203.61,100.34,16314.47,544.26,736.5737185714287,268.9112,272.13,1223.5852499999999,2501.2001685714285
FARM-00920,Rice,142.37,95.42,10340.78,528.96,515.0336442857142,255.72560000000001,264.48,775.5585,1810.797744285714
FARM-00921,Cotton,147.94,56.96,7732.49,333.9,535.1835171428571,152.6528,166.95,579.93675,1434.723067142857
FARM-00922,Maize,181.07,80.63,4833.32,257.76,655.0336585714285,216.0884,128.88,362.49899999999997,1362.5010585714285
FARM-00923,Cotton,147.05,75.64,7338.39,404.75,531.9638785714287,202.7152,202.375,550.37925,1487.4333285714288
FARM-00924,Sugarcane,207.01,94.31,18168.33,606.46,748.8734614285714,252.75080000000003,303.23,1362.6247500000002,2667.4790114285715
FARM-00925,Rice,148.96,95.37,10997.34,409.17,538.8734400000001,255.59160000000003,204.585,824.8004999999999,1823.85054
FARM-00926,Rice,164.56,78.83,8926.94,370.38,595.3075542857143,211.2644,185.19,669.5205,1661.2824542857143
FARM-00927,Rice,155.32,68.37,10810.4,435.82,561.8811942857144,183.23160000000001,217.91,810.78,1773.8027942857143
FARM-00928,Maize,182.22,61.14,5164.56,326.43,659.1938657142858,163.85520000000002,163.215,387.34200000000004,1373.606065714286
FARM-00929,Wheat,108.07,45.61,3889.68,234.5,390.9509442857143,122.2348,117.25,291.726,922.1617442857142
FARM-00930,Maize,179.34,109.77,4633.01,312.92,648.7752600000001,294.1836,156.46,347.47575,1446.8946100000003
FARM-00931,Sugarcane,198.18,101.15,16792.72,,716.9303057142857,271.08200000000005,,1259.454,
FARM-00932,Rice,151.7,68.61,9951.6,305.36,548.7855857142857,183.87480000000002,152.68,746.37,1631.7103857142856
FARM-00933,Maize,192.11,68.86,4590.7,324.27,694.9716471428573,184.5448,162.135,344.30249999999995,1385.9539471428573
FARM-00934,Cotton,151.6,50.94,7362.69,259.25,548.4238285714287,136.5192,129.625,552.20175,1366.7697785714286
FARM-00935,Wheat,122.55,55.15,3988.68,,443.3333785714286,147.802,,299.15099999999995,
FARM-00936,Cotton,,62.64,8258.89,353.36,,167.8752,176.68,619.41675,
FARM-00937,Sugarcane,232.84,115.91,18133.0,752.95,842.3153314285714,310.6388,376.475,1359.975,2889.4041314285714
FARM-00938,Soybean,40.5,54.58,3970.13,249.9,146.51164285714287,146.2744,124.95,297.75975,715.4957928571429
FARM-00939,Cotton,149.99,52.31,7878.96,295.23,542.5995385714286,140.19080000000002,147.615,590.922,1421.3273385714288
FARM-00940,Maize,193.19,65.41,,347.92,698.8786242857143,175.2988,173.96,,
FARM-00941,Soybean,40.4,78.65,3376.05,287.7,146.14988571428572,210.78200000000004,143.85,253.20375,753.9856357142858
FARM-00942,Wheat,137.62,46.37,3786.09,219.05,497.85018,124.2716,109.525,283.95675,1015.6035300000001
FARM-00943,Cotton,141.83,56.7,7911.6,292.23,513.0801557142859,151.95600000000002,146.115,593.37,1404.521155714286
FARM-00944,Maize,176.72,76.75,5204.65,324.61,639.297222857143,205.69000000000003,162.305,390.34874999999994,1397.640972857143
FARM-00945,Soybean,38.66,79.05,4538.55,325.95,139.85531142857144,211.854,162.975,340.39125,855.0755614285715
FARM-00946,Soybean,49.48,54.56,3588.54,165.96,178.9974342857143,146.22080000000003,82.98,269.1405,677.3387342857143
FARM-00947,Rice,168.37,59.65,10111.93,416.77,609.0905014285715,159.862,208.385,758.39475,1735.7322514285715
FARM-00948,Maize,176.84,56.36,4369.57,271.55,639.7313314285715,151.0448,135.775,327.71774999999997,1254.2688814285714
FARM-00949,Rice,147.94,89.5,9477.31,456.01,535.1835171428571,239.86,228.005,710.7982499999999,1713.846767142857
FARM-00950,Sugarcane,234.84,95.33,18139.51,571.93,849.5504742857144,255.48440000000002,285.965,1360.4632499999998,2751.463124285714
FARM-00951,Cotton,155.31,44.46,7199.06,277.66,561.8450185714286,119.15280000000001,138.83,539.9295,1359.7573185714286
FARM-00952,Wheat,127.21,36.96,3932.52,163.18,460.19126142857135,99.0528,81.59,294.93899999999996,935.7730614285714
FARM-00953,Wheat,,50.23,4149.53,221.03,,134.6164,110.515,311.21475,
FARM-00954,Sugarcane,222.78,105.52,17219.3,550.72,805.9225628571429,282.7936,275.36,1291.4475,2655.523662857143
FARM-00955,Maize,183.21,48.28,4231.27,226.49,662.7752614285714,129.3904,113.245,317.34525,1222.7559114285714
FARM-00956,Wheat,109.32,44.91,4149.03,229.68,395.47290857142855,120.3588,114.84,311.17724999999996,941.8489585714285
FARM-00957,Cotton,137.62,64.09,7489.04,330.25,497.85018,171.76120000000003,165.125,561.678,1396.4143800000002
FARM-00958,Maize,191.57,50.99,5538.85,181.32,693.0181585714287,136.65320000000003,90.66,415.41375,1335.7451085714288
FARM-00959,Soybean,52.2,55.56,,161.0,188.83722857142862,148.9008,80.5,,
FARM-00960,Maize,189.27,59.48,5439.08,273.14,684.6977442857144,159.4064,136.57,407.931,1388.6051442857145
FARM-00961,Maize,174.79,83.72,5497.4,232.81,632.31531,224.36960000000002,116.405,412.30499999999995,1385.39491
FARM-00962,Soybean,57.68,54.19,4258.16,286.6,208.66152,145.2292,143.3,319.36199999999997,816.5527199999999
FARM-00963,Cotton,138.91,50.25,7781.43,343.63,502.51684714285716,134.67000000000002,171.815,583.60725,1392.6090971428573
FARM-00964,Soybean,38.08,73.49,3241.87,311.0,137.75712,196.9532,155.5,243.14024999999998,733.3505700000001
FARM-00965,Maize,178.67,61.59,4311.66,251.37,646.3514871428572,165.0612,125.685,323.37449999999995,1260.4721871428571
FARM-00966,Soybean,59.52,79.16,3828.68,328.62,215.31785142857143,212.1488,164.31,287.15099999999995,878.9276514285714
FARM-00967,Soybean,40.41,43.56,3779.83,220.96,146.18606142857143,116.74080000000001,110.48,283.48724999999996,656.8941114285715
FARM-00968,Soybean,32.92,71.99,3747.61,345.95,119.09045142857144,192.9332,172.975,281.07075,766.0694014285714
FARM-00969,Sugarcane,244.55,97.76,18483.84,566.55,884.677092857143,261.9968,283.275,1386.288,2816.236892857143
FARM-00970,Soybean,39.45,76.35,3850.31,284.25,142.71319285714287,204.618,142.125,288.77324999999996,778.2294428571429
FARM-00971,Sugarcane,210.21,114.8,19383.82,,760.44969,307.664,,1453.7865,
FARM-00972,Cotton,148.53,60.53,6724.69,391.34,537.3178842857144,162.2204,195.67,504.3517499999999,1399.5600342857142
FARM-00973,Wheat,131.75,50.77,4166.19,236.29,476.6150357142858,136.0636,118.145,312.46424999999994,1043.2878857142857
FARM-00974,Sugarcane,243.48,99.95,17488.97,539.02,880.8062914285715,267.86600000000004,269.51,1311.67275,2729.8550414285714
FARM-00975,Rice,147.0,83.7,10663.28,411.77,531.783,224.31600000000003,205.885,799.746,1761.73
FARM-00976,Rice,174.73,64.16,9739.7,308.73,632.0982557142858,171.9488,154.365,730.4775000000001,1688.889555714286
FARM-00977,Maize,200.94,67.16,4799.72,246.74,726.9148028571428,179.9888,123.37,359.979,1390.2526028571428
FARM-00978,Sugarcane,221.43,136.01,15552.6,742.25,801.0388414285716,364.5068,371.125,1166.445,2703.1156414285715
FARM-00979,Soybean,41.39,46.79,4704.91,251.55,149.73128142857144,125.39720000000001,125.775,352.86825,753.7717314285715
FARM-00980,Soybean,46.4,48.12,3894.23,245.04,167.85531428571431,128.9616,122.52,292.06725,711.4041642857144
FARM-00981,Cotton,143.0,38.45,7054.79,235.06,517.3127142857143,103.04600000000002,117.53,529.10925,1266.9979642857143
FARM-00982,Sugarcane,207.9,124.45,17010.94,715.84,752.0930999999999,333.526,357.92,1275.8204999999998,2719.3596
FARM-00983,Soybean,47.95,34.94,4033.53,164.57,173.46255000000002,93.6392,82.285,302.51475,651.9014999999999
FARM-00984,Sugarcane,220.25,112.23,15905.07,,796.7701071428571,300.7764,,1192.88025,
FARM-00985,Cotton,140.96,54.15,8017.56,285.24,509.9328685714286,145.122,142.62,601.317,1398.9918685714288
FARM-00986,Rice,161.02,71.86,10011.56,326.62,582.5013514285715,192.5848,163.31,750.867,1689.2631514285715
FARM-00987,Wheat,125.47,64.48,4231.41,202.59,453.8966871428572,172.80640000000002,101.295,317.35575,1045.3538371428572
FARM-00988,Wheat,138.38,65.72,3975.18,284.32,500.5995342857143,176.1296,142.16,298.13849999999996,1117.0276342857142
FARM-00989,Rice,129.8,103.05,28158.17922956686,472.43,469.56077142857146,276.17400000000004,236.215,2111.8634422175146,3093.8132136460863
FARM-00990,Maize,194.98,68.55,4728.48,342.87,705.354077142857,183.714,171.435,354.63599999999997,1415.1390771428569
FARM-00991,Cotton,129.47,52.1,7350.47,276.12,468.36697285714285,139.62800000000001,138.06,551.28525,1297.340222857143
FARM-00992,Sugarcane,206.1,107.57,16529.34,657.82,745.5814714285714,288.2876,328.91,1239.7005,2602.479571428571
FARM-00993,Wheat,133.64,61.12,4093.09,245.27,483.4522457142857,163.8016,122.635,306.98175,1076.8705957142856
FARM-00994,Sugarcane,211.0,118.39,17429.83,516.52,763.3075714285715,317.28520000000003,258.26,1307.2372500000001,2646.0900214285716
FARM-00995,Rice,144.09,91.53,11644.31,370.52,521.2558671428571,245.30040000000002,185.26,873.3232499999999,1825.1395171428571
FARM-00996,Soybean,51.53,49.77,4032.03,252.91,186.41345571428576,133.38360000000003,126.455,302.40225,748.6543057142858
FARM-00997,Soybean,48.0,54.68,4135.88,148.87,173.6434285714286,146.54240000000001,74.435,310.191,704.8118285714286
FARM-00998,Rice,148.44,117.41,8962.1,674.32,536.9923028571429,314.6588,337.16,672.1575,1860.968602857143
FARM-00999,Cotton,149.83,60.76,7523.04,324.88,542.0207271428573,162.8368,162.44,564.228,1431.5255271428573
FARM-01000,Cotton,152.43,63.92,7917.35,382.8,551.4264128571429,171.30560000000003,191.4,593.80125,1507.9332628571428
FARM-01001,Cotton,131.2,74.81,7557.6,517.58,474.6253714285714,200.4908,258.79,566.82,1500.7261714285714
FARM-01002,Sugarcane,211.33,74.74,,439.72,764.5013700000002,200.3032,219.86,,
FARM-01003,Cotton,132.26,68.46,7949.08,399.03,478.4599971428571,183.4728,199.515,596.1809999999999,1457.628797142857
FARM-01004,Soybean,38.3,48.46,3052.34,228.23,138.55298571428568,129.8728,114.115,228.9255,611.4662857142857
FARM-01005,Rice,140.99,72.94,10623.1,437.47,510.0413957142857,195.4792,218.735,796.7325,1720.9880957142857
FARM-01006,Maize,190.6,75.59,5012.93,357.99,689.5091142857143,202.58120000000002,178.995,375.96975000000003,1447.0550642857145
FARM-01007,Soybean,42.52,43.42,4104.04,171.56,153.81913714285716,116.36560000000001,85.78,307.803,663.7677371428572
FARM-01008,Soybean,43.0,45.88,3950.45,161.61,155.55557142857145,122.95840000000001,80.805,296.28375,655.6027214285715
FARM-01009,Maize,196.59,57.88,4783.32,279.08,711.1783671428573,155.1184,139.54,358.74899999999997,1364.5857671428573
FARM-01010,Soybean,39.21,51.52,3922.82,254.24,141.8449757142857,138.07360000000003,127.12,294.2115,701.2500757142857
FARM-01011,Sugarcane,201.98,94.64,17392.06,494.15,730.6770771428571,253.63520000000003,247.075,1304.4045,2535.7917771428574
FARM-01012,Maize,206.27,87.13,5443.19,332.79,746.1964585714286,233.5084,166.395,408.23924999999997,1554.3391085714284
FARM-01013,Wheat,118.98,68.99,3508.43,250.9,430.41864857142855,184.8932,125.45,263.13225,1003.8940985714286
FARM-01014,Soybean,39.89,58.57,3227.18,194.52,144.30492428571432,156.9676,97.26,242.03849999999997,640.5710242857143
FARM-01015,Soybean,33.78,76.91,4175.89,289.52,122.20156285714287,206.1188,144.76,313.19175,786.2721128571429
FARM-01016,Sugarcane,225.73,103.52,17551.88,721.61,816.5943985714287,277.4336,360.805,1316.391,2771.2239985714286
FARM-01017,Wheat,131.93,62.39,4388.12,307.54,477.2661985714286,167.20520000000002,153.77,329.109,1127.3503985714285
FARM-01018,Maize,165.76,71.15,4986.1,234.62,599.6486400000001,190.68200000000002,117.31,373.95750000000004,1281.59814
FARM-01019,Wheat,,57.6,4348.96,319.74,,154.36800000000002,159.87,326.17199999999997,
FARM-01020,Sugarcane,190.33,108.32,18697.4,510.52,688.5323700000001,290.2976,255.26,1402.305,2636.3949700000003
FARM-01021,Wheat,111.45,47.79,4108.69,224.09,403.1783357142857,128.0772,112.045,308.15174999999994,951.4522857142856
FARM-01022,Cotton,167.23,77.75,7090.91,355.28,604.96647,208.37,177.64,531.8182499999999,1522.7947199999999
FARM-01023,Cotton,132.53,39.43,7347.86,241.05,479.4367414285715,105.67240000000001,120.525,551.0894999999999,1256.7236414285715
FARM-01024,Rice,136.04,79.09,10093.54,401.64,492.13441714285716,211.96120000000002,200.82,757.0155000000001,1661.9311171428571
FARM-01025,Wheat,123.39,59.74,4431.08,233.99,446.3721385714286,160.10320000000002,116.995,332.33099999999996,1055.8013385714287
FARM-01026,Sugarcane,215.61,96.19,19509.76,515.44,779.9845757142859,257.7892,257.72,1463.2319999999997,2758.7257757142856
FARM-01027,Cotton,160.47,89.1,6272.37,502.58,580.5116871428572,238.788,251.29,470.42774999999995,1541.017437142857
FARM-01028,Rice,154.87,59.23,10708.34,399.39,560.2532871428572,158.7364,199.695,803.1255,1721.810187142857
FARM-01029,Rice,154.35,82.72,9972.37,449.91,558.37215,221.6896,224.955,747.9277500000001,1752.9445
FARM-01030,Cotton,142.31,72.36,8127.52,371.58,514.8165900000001,193.9248,185.79,609.564,1504.09539
FARM-01031,Rice,169.42,74.1,10841.1,356.85,612.8889514285715,198.588,178.425,813.0825,1802.9844514285714
FARM-01032,Wheat,128.4,65.37,3387.53,249.41,464.49617142857153,175.19160000000002,124.705,254.06475,1018.4575214285716
FARM-01033,Cotton,145.68,55.07,7703.85,368.96,527.007805714286,147.5876,184.48,577.78875,1436.864155714286
FARM-01034,Wheat,128.28,56.59,3334.49,306.21,464.0620628571429,151.6612,153.105,250.08674999999997,1018.9150128571429
FARM-01035,Maize,187.92,72.52,5653.73,328.06,679.8140228571428,194.3536,164.03,424.02975,1462.2273728571429
FARM-01036,Rice,160.19,87.57,9486.49,414.91,579.4987671428571,234.6876,207.455,711.4867499999999,1733.128117142857
FARM-01037,Soybean,53.33,73.11,3887.09,280.42,192.9250842857143,195.93480000000002,140.21,291.53175,820.6016342857143
FARM-01038,Maize,196.66,59.83,4691.67,238.95,711.4315971428572,160.3444,119.475,351.87525,1343.1262471428572
FARM-01039,Rice,154.05,86.95,10282.01,391.13,557.2868785714287,233.026,195.565,771.15075,1757.0286285714287
FARM-01040,Maize,189.04,87.45,5331.21,352.27,683.8657028571429,234.366,176.135,399.84075,1494.207452857143
FARM-01041,Sugarcane,188.99,107.46,17598.94,658.12,683.6848242857143,287.9928,329.06,1319.9205,2620.658124285714
FARM-01042,Cotton,148.77,62.32,7276.36,308.65,538.1861014285714,167.01760000000002,154.325,545.727,1405.2557014285712
FARM-01043,Maize,164.41,61.43,4085.37,302.21,594.7649185714286,164.63240000000002,151.105,306.40274999999997,1216.9050685714285
FARM-01044,Rice,147.92,84.58,9327.13,440.55,535.1111657142858,226.67440000000002,220.275,699.5347499999999,1681.5953157142858
FARM-01045,Wheat,135.71,51.19,4105.93,162.59,490.9406185714286,137.1892,81.295,307.94475,1017.3695685714285
FARM-01046,Wheat,114.1,74.67,11430.987948708716,236.7,412.7649,200.11560000000003,118.35,857.3240961531537,1588.5545961531539
FARM-01047,Wheat,116.55,54.32,4232.85,265.7,421.62795,145.57760000000002,132.85,317.46375,1017.5193
FARM-01048,Soybean,41.91,50.27,3996.87,190.52,151.61241857142858,134.7236,95.26,299.76525,681.3612685714286
FARM-01049,Maize,189.92,66.34,4667.85,351.76,687.0491657142857,177.79120000000003,175.88,350.08875,1390.8091157142858
FARM-01050,Soybean,34.41,80.66,4839.1,325.77,124.48063285714287,216.1688,162.885,362.9325,866.4669328571429
FARM-01051,Sugarcane,211.78,88.63,19307.43,461.3,766.1292771428572,237.5284,230.65,1448.05725,2682.3649271428576
FARM-01052,Sugarcane,228.16,,17764.17,562.2,825.3850971428571,,281.1,1332.3127499999998,
FARM-01053,Maize,197.06,60.65,5543.11,242.98,712.8786257142858,162.542,121.49,415.73324999999994,1412.6438757142857
FARM-01054,Soybean,41.99,54.86,4412.23,186.96,151.9018242857143,147.0248,93.48,330.91724999999997,723.3238742857143
FARM-01055,Maize,160.02,50.62,4840.99,194.97,578.88378,135.6616,97.485,363.07424999999995,1175.10463
FARM-01056,Sugarcane,192.52,90.48,19232.19,527.12,696.4548514285715,242.48640000000003,263.56,1442.4142499999998,2644.9155014285716
FARM-01057,Rice,133.08,98.0,9225.1,576.46,481.4264057142858,262.64000000000004,288.23,691.8825,1724.178905714286
FARM-01058,Cotton,158.48,60.87,8283.42,241.25,573.3127200000001,163.1316,120.625,621.2565,1478.32582
FARM-01059,Wheat,121.74,52.8,3330.28,176.71,440.40314571428576,141.504,88.355,249.77100000000002,920.0331457142859
FARM-01060,Soybean,44.23,58.55,3724.1,222.52,160.00518428571428,156.91400000000002,111.26,279.3075,707.4866842857143
FARM-01061,Wheat,131.18,46.38,3978.79,237.27,474.55302000000006,124.29840000000002,118.635,298.40925,1015.8956700000001
FARM-01062,Wheat,139.45,53.99,4095.66,195.88,504.4703357142856,144.69320000000002,97.94,307.17449999999997,1054.2780357142856
FARM-01063,Sugarcane,224.57,88.43,17184.61,603.34,812.3980157142857,236.99240000000003,301.67,1288.84575,2639.9061657142856
FARM-01064,Maize,190.54,82.22,5224.07,398.37,689.29206,220.3496,199.185,391.80524999999994,1500.6319099999998
FARM-01065,Maize,198.59,45.36,4678.62,181.54,718.4135100000001,121.5648,90.77,350.8965,1281.64481
FARM-01066,Soybean,39.38,50.25,3383.92,255.92,142.4599628571429,134.67000000000002,127.96,253.79399999999998,658.8839628571429
FARM-01067,Rice,133.62,96.19,9991.19,500.66,483.37989428571433,257.7892,250.33,749.33925,1740.8383442857144
FARM-01068,Rice,124.08,78.73,8755.27,388.44,448.8682628571429,210.99640000000002,194.22,656.64525,1510.729912857143
FARM-01069,Rice,129.42,59.4,9769.73,413.64,468.18609428571426,159.192,206.82,732.72975,1566.9278442857142
FARM-01070,Rice,154.53,95.25,10372.6,375.29,559.0233128571429,255.27,187.645,777.945,1779.8833128571428
FARM-01071,Cotton,139.35,62.1,7730.61,444.07,504.10857857142855,166.42800000000003,222.035,579.79575,1472.3673285714285
FARM-01072,Sugarcane,217.16,81.57,15083.51,510.58,785.5918114285714,218.6076,255.29,1131.26325,2390.7526614285716
FARM-01073,Cotton,141.81,64.51,7189.85,345.95,513.0078042857143,172.88680000000002,172.975,539.23875,1398.1083542857143
FARM-01074,Wheat,132.42,67.35,4575.68,290.69,479.0388085714286,180.498,145.345,343.176,1148.0578085714285
FARM-01075,Sugarcane,240.16,123.36,18315.97,623.74,868.7959542857144,330.6048,311.87,1373.69775,2884.9685042857145
FARM-01076,Cotton,140.53,73.69,8423.96,330.93,508.3773128571428,197.4892,165.465,631.7969999999999,1503.1285128571426
FARM-01077,Wheat,136.79,46.5,4448.42,226.43,494.8475957142857,124.62,113.215,333.6315,1066.3140957142857
FARM-01078,Rice,147.12,86.02,10234.16,433.19,532.2171085714285,230.5336,216.595,767.562,1746.9077085714284
FARM-01079,Wheat,128.03,46.68,4013.79,265.28,463.15767000000005,125.1024,132.64,301.03425,1021.9343200000001
FARM-01080,Rice,155.8,67.28,9749.93,,563.6176285714287,180.31040000000002,,731.24475,
FARM-01081,Soybean,43.33,44.97,3277.85,197.71,156.74937,120.51960000000001,98.855,245.83874999999998,621.96272
FARM-01082,Wheat,122.3,63.76,4918.35,193.76,442.4289857142858,170.8768,96.88,368.87625,1079.0620357142857
FARM-01083,Wheat,135.35,66.57,4054.91,192.58,489.6382928571429,178.4076,96.29,304.11825,1068.4541428571429
FARM-01084,Sugarcane,240.89,83.5,17539.77,640.46,871.4367814285714,223.78,320.23,1315.48275,2730.9295314285714
FARM-01085,Soybean,49.29,40.87,4540.57,213.44,178.31009571428572,109.5316,106.72,340.54274999999996,735.1044457142857
FARM-01086,Rice,143.32,96.0,9314.31,445.97,518.4703371428571,257.28000000000003,222.985,698.5732499999999,1697.308587142857
FARM-01087,Cotton,157.55,82.4,7339.71,434.14,569.9483785714287,220.83200000000002,217.07,550.47825,1558.328628571429
FARM-01088,Maize,184.43,63.54,4552.94,350.3,667.1886985714286,170.2872,175.15,341.47049999999996,1354.0963985714286
FARM-01089,Cotton,146.86,94.37,7592.06,440.28,531.2765400000001,252.91160000000002,220.14,569.4045,1573.7326400000002
FARM-01090,Cotton,141.17,93.24,7263.28,426.32,510.69255857142855,249.8832,213.16,544.746,1518.4817585714286
FARM-01091,Wheat,123.09,51.35,3982.03,267.57,445.2868671428572,137.61800000000002,133.785,298.65225,1015.3421171428572
FARM-01092,Maize,186.76,63.68,5450.19,415.7,675.6176399999999,170.66240000000002,207.85,408.76424999999995,1462.89429
FARM-01093,Cotton,164.47,62.13,6877.17,371.98,594.9819728571429,166.50840000000002,185.99,515.78775,1463.2681228571428
FARM-01094,Sugarcane,202.49,77.14,17709.51,489.08,732.5220385714287,206.73520000000002,244.54,1328.2132499999998,2512.010488571428
FARM-01095,Soybean,58.61,56.19,3846.41,256.36,212.02586142857143,150.5892,128.18,288.48075,779.2758114285714
FARM-01096,Cotton,156.14,65.08,8767.52,382.48,564.8476028571429,174.4144,191.24,657.564,1588.0660028571428
FARM-01097,Rice,150.97,89.09,10541.63,552.4,546.1447585714286,238.76120000000003,276.2,790.6222499999999,1851.7282085714285
FARM-01098,Sugarcane,206.53,73.69,18550.87,456.32,747.1370271428573,197.4892,228.16,1391.3152499999999,2564.101477142857
FARM-01099,Cotton,154.05,80.98,8434.42,408.15,557.2868785714287,217.02640000000002,204.075,632.5815,1610.9697785714288
FARM-01100,Maize,181.16,77.91,5549.46,322.84,655.35924,208.7988,161.42,416.2095,1441.78754
FARM-01101,Soybean,50.46,46.75,4005.37,200.99,182.54265428571432,125.29,100.495,300.40274999999997,708.7304042857143
FARM-01102,Cotton,162.78,54.39,7345.1,1013.3893326658982,588.8682771428571,145.76520000000002,506.6946663329491,550.8825,1792.2106434758061
FARM-01103,Rice,160.22,79.38,11622.05,442.66,579.6072942857143,212.7384,221.33,871.65375,1885.329444285714
FARM-01104,Sugarcane,213.2,84.32,15862.77,396.41,771.2662285714287,225.9776,198.205,1189.70775,2385.1565785714283
FARM-01105,Rice,165.1,86.06,9195.34,507.2,597.2610428571429,230.6408,253.6,689.6505,1771.152342857143
FARM-01106,Maize,212.04,56.96,5132.59,246.83,767.0698457142857,152.6528,123.415,384.94425,1428.0818957142858
FARM-01107,Rice,142.78,67.75,10667.79,461.15,516.5168485714287,181.57000000000002,230.575,800.08425,1728.7460985714288
FARM-01108,Sugarcane,222.11,80.96,17409.04,441.87,803.49879,216.9728,220.935,1305.678,2547.0845900000004
FARM-01109,Cotton,135.68,53.06,7864.1,278.45,490.83209142857146,142.20080000000002,139.225,589.8075,1362.0653914285715
FARM-01110,Rice,138.64,74.58,8711.78,348.98,501.54010285714287,199.8744,174.49,653.3835,1529.288002857143
FARM-01111,Soybean,46.33,61.16,4819.3,215.18,167.60208428571428,163.9088,107.59,361.4475,800.5483842857143
FARM-01112,Soybean,46.41,54.94,3770.68,227.7,167.89149,147.2392,113.85,282.801,711.78169
FARM-01113,Maize,192.69,52.87,5080.95,282.56,697.0698385714286,141.6916,141.28,381.07124999999996,1361.1126885714284
FARM-01114,Cotton,158.68,63.0,7377.39,359.96,574.0362342857143,168.84,179.98,553.30425,1476.1604842857143
FARM-01115,Wheat,134.11,45.66,3835.85,218.94,485.1525042857144,122.3688,109.47,287.68874999999997,1004.6800542857143
FARM-01116,Soybean,38.13,69.78,3790.71,325.26,137.9379985714286,187.0104,162.63,284.30325,771.8816485714285
FARM-01117,Wheat,118.07,59.68,4354.54,197.6,427.12665857142855,159.94240000000002,98.8,326.59049999999996,1012.4595585714285
FARM-01118,Soybean,44.86,42.91,3932.35,179.83,162.28425428571427,114.9988,89.915,294.92625,662.1243042857143
FARM-01119,Maize,187.63,88.67,5062.85,380.13,678.7649271428571,237.6356,190.065,379.71375,1486.1792771428572
FARM-01120,Wheat,120.92,71.79,3370.62,313.75,437.43673714285717,192.39720000000003,156.875,252.79649999999998,1039.505437142857
FARM-01121,Rice,136.4,62.05,9816.06,345.26,493.4367428571429,166.294,172.63,736.2044999999999,1568.565242857143
FARM-01122,Soybean,46.06,32.81,4204.75,190.94,166.62534000000005,87.9308,95.47,315.35625,665.38239
FARM-01123,Cotton,166.97,64.96,7689.77,280.23,604.0259014285714,174.09279999999998,140.115,576.73275,1494.9664514285714
FARM-01124,Soybean,32.29,55.28,4579.51,222.85,116.81138142857142,148.15040000000002,111.425,343.46325,719.8500314285715
FARM-01125,Maize,194.65,67.56,5141.93,247.39,704.1602785714285,181.06080000000003,123.695,385.64475,1394.5608285714284
FARM-01126,Cotton,124.26,248.7351998730205,6499.01,434.12,449.5194257142858,666.610335659695,217.06,487.42575,1820.6155113739806
FARM-01127,Sugarcane,210.69,95.42,18564.72,557.83,762.1861242857142,255.72560000000001,278.915,1392.354,2689.180724285714
FARM-01128,Wheat,132.43,54.24,4598.18,264.07,479.0749842857143,145.3632,132.035,344.8635,1101.3366842857142
FARM-01129,Maize,198.02,60.76,5817.07,251.02,716.3514942857144,162.8368,125.51,436.28024999999997,1440.9785442857144
FARM-01130,Sugarcane,226.46,86.57,15754.44,564.85,819.2352257142859,232.0076,282.425,1181.583,2515.250825714286
FARM-01131,Rice,153.82,60.19,10484.08,398.85,556.4548371428572,161.3092,199.425,786.3059999999999,1703.4950371428572
FARM-01132,Cotton,151.27,65.13,7751.06,423.08,547.23003,174.5484,211.54,581.3295,1514.64793
FARM-01133,Rice,143.85,64.65,9187.57,411.27,520.3876500000001,173.26200000000003,205.635,689.0677499999999,1588.3524000000002
FARM-01134,Soybean,38.23,44.44,3608.92,,138.2997557142857,119.0992,,270.669,
FARM-01135,Sugarcane,241.26,116.87,16638.13,601.07,872.7752828571429,313.21160000000003,300.535,1247.85975,2734.381632857143
FARM-01136,Wheat,121.65,72.05,4033.96,313.06,440.0775642857143,193.094,156.53,302.54699999999997,1092.2485642857143
FARM-01137,Soybean,51.19,58.07,3742.21,198.16,185.18348142857144,155.6276,99.08,280.66575,720.5568314285715
FARM-01138,Rice,130.44,53.46,10966.98,412.57,471.8760171428571,143.27280000000002,206.285,822.5234999999999,1643.957317142857
FARM-01139,Wheat,126.4,42.36,3655.78,164.5,457.26102857142865,113.5248,82.25,274.1835,927.2193285714286
FARM-01140,Maize,179.13,72.8,4835.12,343.95,648.01557,195.104,171.975,362.63399999999996,1377.72857
FARM-01141,Soybean,43.55,45.31,3423.04,193.83,157.5452357142857,121.43080000000002,96.915,256.728,632.6190357142857
FARM-01142,Rice,147.44,84.92,8637.71,500.49,533.3747314285715,227.58560000000003,250.245,647.8282499999999,1659.0335814285713
FARM-01143,Wheat,105.32,49.19,4250.95,205.56,381.0026228571429,131.82920000000001,102.78,318.82124999999996,934.4330728571429
FARM-01144,Rice,157.14,74.42,10957.45,450.04,568.4651742857143,199.4456,225.02,821.80875,1814.7395242857142
FARM-01145,Maize,156.67,54.24,4807.73,297.49,566.7649157142857,145.3632,148.745,360.57974999999993,1221.4528657142857
FARM-01146,Sugarcane,216.69,73.16,17581.7,521.31,783.8915528571429,196.0688,260.655,1318.6275,2559.2428528571427
FARM-01147,Rice,158.57,83.04,10127.72,422.86,573.6383014285714,222.54720000000003,211.43,759.579,1767.1945014285714
FARM-01148,Rice,153.19,264.79103387492825,8788.64,520.16,554.1757671428572,709.6399707848077,260.08,659.1479999999999,2183.0437379276646
FARM-01149,Cotton,149.97,51.75,6328.72,254.2,542.5271871428572,138.69,127.1,474.654,1282.9711871428572
FARM-01150,Wheat,142.1,28.0,3101.8,123.31,514.0569,75.04,61.655,232.635,883.3869
FARM-01151,Wheat,116.56,61.03,4258.54,274.27,421.6641257142858,163.56040000000002,137.135,319.3905,1041.7500257142858
FARM-01152,Rice,167.17,85.98,8245.06,469.42,604.7494157142858,230.42640000000003,234.71,618.3794999999999,1688.2653157142859
FARM-01153,Soybean,35.85,,4271.63,192.82,129.6899357142857,,96.41,320.37225,
FARM-01154,Soybean,45.72,29.78,4226.15,107.14,165.39536571428573,79.8104,53.57,316.96124999999995,615.7370157142857
FARM-01155,Soybean,47.91,,4433.94,105.0,173.31784714285715,,52.5,332.54549999999995,
FARM-01156,Sugarcane,200.2,108.56,17955.53,580.19,724.2378000000001,290.9408,290.095,1346.66475,2651.9383500000004
FARM-01157,Wheat,111.95,72.52,4085.46,312.21,404.98712142857147,194.3536,156.105,306.4095,1061.8552214285714
FARM-01158,Wheat,113.59,55.38,4049.79,281.19,410.9199385714286,148.41840000000002,140.595,303.73425,1003.6675885714286
FARM-01159,Soybean,42.86,64.96,3105.69,295.85,155.04911142857145,174.09279999999998,147.925,232.92675,709.9936614285715
FARM-01160,Sugarcane,187.5,84.24,18741.35,425.47,678.2946428571429,225.7632,212.735,1405.60125,2522.394092857143
FARM-01161,Rice,158.0,74.53,11772.36,406.38,571.5762857142859,199.74040000000002,203.19,882.927,1857.4336857142857
FARM-01162,Wheat,118.77,54.2,3827.57,202.39,429.65895857142857,145.25600000000003,101.195,287.06775,963.1777085714284
FARM-01163,Rice,149.44,76.63,9114.98,378.31,540.6098742857143,205.3684,189.155,683.6234999999999,1618.7567742857143
FARM-01164,Cotton,168.28,68.19,7246.39,330.04,608.76492,182.7492,165.02,543.47925,1500.01337
FARM-01165,Rice,166.76,65.68,9241.26,418.35,603.2662114285713,176.02240000000003,209.175,693.0945,1681.5581114285715
FARM-01166,Cotton,163.26,66.59,7599.05,412.12,590.6047114285714,178.46120000000002,206.06,569.92875,1545.0546614285713
FARM-01167,Cotton,138.74,65.8,6394.92,459.36,501.90186000000006,176.344,229.68,479.61899999999997,1387.54486
FARM-01168,Cotton,153.7,45.05,7518.92,197.34,556.0207285714285,120.734,98.67,563.919,1339.3437285714285
FARM-01169,Sugarcane,225.07,77.17,16145.56,415.02,814.2068014285715,206.81560000000002,207.51,1210.917,2439.4494014285715
FARM-01170,Wheat,129.14,86.05,4531.72,337.6,467.17317428571425,230.614,168.8,339.879,1206.4661742857143
FARM-01171,Maize,194.39,65.36,5227.07,323.5,703.21971,175.1648,161.75,392.03024999999997,1432.16476
FARM-01172,Soybean,47.33,40.14,4012.62,176.79,171.21965571428572,107.57520000000001,88.395,300.94649999999996,668.1363557142856
FARM-01173,Cotton,150.5,56.48,6923.3,305.83,544.4445000000001,151.3664,152.915,519.2475,1367.9733999999999
FARM-01174,Sugarcane,204.57,156.0,17429.24,690.83,740.0465871428571,418.08000000000004,345.415,1307.193,2810.734587142857
FARM-01175,Soybean,45.84,57.37,4259.23,214.22,165.8294742857143,153.7516,107.11,319.44224999999994,746.1333242857143
FARM-01176,Sugarcane,193.63,122.78,17266.71,565.21,700.4703557142857,329.0504,282.605,1295.00325,2607.129005714286
FARM-01177,Soybean,33.91,50.33,3216.16,226.9,122.67184714285713,134.8844,113.45,241.212,612.2182471428571
FARM-01178,Cotton,144.22,53.3,8136.14,296.37,521.7261514285715,142.844,148.185,610.2105,1422.9656514285716
FARM-01179,Cotton,153.74,74.07,7081.13,339.42,556.1654314285715,198.5076,169.71,531.08475,1455.4677814285715
FARM-01180,Cotton,161.04,79.65,7156.3,359.8,582.573702857143,213.46200000000002,179.9,536.7225,1512.658202857143
FARM-01181,Soybean,52.91,48.96,3533.44,237.69,191.40570428571425,131.21280000000002,118.845,265.008,706.4715042857142
FARM-01182,Wheat,132.92,61.04,3513.44,213.88,480.8475942857143,163.5872,106.94,263.508,1014.8827942857145
FARM-01183,Wheat,120.35,,4119.18,263.21,435.37472142857143,,131.605,308.93850000000003,
FARM-01184,Maize,178.7,108.38,5450.21,355.88,646.4600142857144,290.4584,177.94,408.76574999999997,1523.6241642857144
FARM-01185,Maize,192.51,83.04,4973.84,340.55,696.4186757142857,222.54720000000003,170.275,373.038,1462.2788757142857
FARM-01186,Rice,176.15,71.84,8832.88,441.37,637.2352071428572,192.5312,220.685,662.4659999999999,1712.9174071428572
FARM-01187,Sugarcane,186.9,86.88,,504.72,676.1241,232.8384,252.36,,
FARM-01188,Soybean,38.63,54.98,3136.01,,139.74678428571434,147.3464,,235.20075,
FARM-01189,Cotton,137.21,64.07,8546.85,311.15,496.3669757142858,171.70759999999999,155.575,641.01375,1464.6633257142857
FARM-01190,Sugarcane,214.07,92.35,16112.01,579.25,774.4135157142857,247.498,289.625,1208.40075,2519.937265714286
FARM-01191,Cotton,172.1,64.69,7472.33,418.43,622.5840428571428,173.3692,209.215,560.42475,1565.5929928571427
FARM-01192,Cotton,150.51,60.09,8051.56,312.42,544.4806757142858,161.04120000000003,156.21,603.867,1465.598875714286
FARM-01193,Cotton,166.68,63.09,6386.17,360.64,602.9768057142858,169.08120000000002,180.32,478.96274999999997,1431.3407557142857
FARM-01194,Soybean,40.12,42.76,4132.35,192.15,145.13696571428574,114.5968,96.075,309.92625000000004,665.7350157142857
FARM-01195,Cotton,149.82,212.4104964543477,8538.87,375.93,541.9845514285714,569.2601304976519,187.965,640.41525,1939.624931926223
FARM-01196,Maize,211.73,226.6712051879706,4658.89,230.79,765.9483985714286,607.4788299037613,115.395,349.41675000000004,1838.23897847519
FARM-01197,Wheat,125.49,63.32,4325.75,165.53,453.9690385714286,169.69760000000002,82.765,324.43125,1030.8628885714286
FARM-01198,Maize,176.73,74.63,4986.42,273.62,639.3333985714287,200.0084,136.81,373.9815,1350.1332985714284
FARM-01199,Cotton,148.11,54.7,8174.9,233.11,535.7985042857144,146.596,116.555,613.1175,1412.0670042857146
FARM-01200,Wheat,134.66,56.29,4304.67,223.55,487.1421685714286,150.8572,111.775,322.85025,1072.6246185714285
FARM-01201,Soybean,45.91,76.43,3878.0,278.89,166.0827042857143,204.83240000000004,139.445,290.84999999999997,801.2101042857144
FARM-01202,Cotton,128.83,77.09,8402.35,429.4,466.0517271428572,206.60120000000003,214.7,630.17625,1517.5291771428572
FARM-01203,Wheat,110.47,47.71,4255.56,,399.63311571428574,127.86280000000001,,319.16700000000003,
FARM-01204,Maize,192.14,85.87,4820.86,407.25,695.0801742857143,230.13160000000002,203.625,361.56449999999995,1490.4012742857144
FARM-01205,Maize,210.7,72.58,4373.04,318.06,762.2222999999999,194.5144,159.03,327.978,1443.7447
FARM-01206,Wheat,127.8,49.5,3699.84,241.57,462.32562857142864,132.66,120.785,277.488,993.2586285714285
FARM-01207,Cotton,131.44,70.65,7234.93,402.74,475.49358857142863,189.342,201.37,542.61975,1408.8253385714286
FARM-01208,Soybean,46.72,56.74,4168.66,1011.8372946050192,169.01293714285714,152.06320000000002,505.9186473025096,312.6495,1139.6442844453668
FARM-01209,Rice,141.37,81.58,9986.97,535.7,511.416072857143,218.6344,267.85,749.02275,1746.923222857143
FARM-01210,Cotton,415.5587836208324,88.63,7914.78,337.99,1503.31358251862,237.5284,168.995,593.6084999999999,2503.44548251862
FARM-01211,Wheat,116.71,55.05,4165.95,222.58,422.20676142857144,147.534,111.29,312.44624999999996,993.4770114285714
FARM-01212,Rice,158.58,91.06,11285.45,456.84,573.6744771428573,244.04080000000002,228.42,846.40875,1892.5440271428574
FARM-01213,Rice,132.36,74.44,9229.1,509.59,478.8217542857144,199.4992,254.795,692.1825,1625.2984542857143
FARM-01214,Cotton,155.73,67.45,7960.94,337.88,563.3643985714286,180.76600000000002,168.94,597.0704999999999,1510.1408985714288
FARM-01215,Maize,180.06,92.91,5294.97,376.76,651.3799114285714,248.99880000000002,188.38,397.12275,1485.8814614285716
FARM-01216,Rice,141.35,94.16,8606.39,497.3,511.3437214285715,252.3488,248.65,645.47925,1657.8217714285715
FARM-01217,Sugarcane,211.56,102.22,17007.18,633.41,765.3334114285715,273.94960000000003,316.705,1275.5384999999999,2631.526511428571
FARM-01218,Sugarcane,231.81,80.41,19403.12,458.78,838.5892328571429,215.49880000000002,229.39,1455.234,2738.7120328571427
FARM-01219,Cotton,152.99,69.36,7791.34,436.95,553.4522528571429,185.8848,218.475,584.3505,1542.162552857143
FARM-01220,Maize,206.83,86.03,5113.11,401.52,748.2222985714286,230.56040000000002,200.76,383.48324999999994,1563.0259485714287
FARM-01221,Cotton,168.85,79.56,7180.29,433.91,610.8269357142858,213.22080000000003,216.955,538.52175,1579.5244857142857
FARM-01222,Wheat,123.53,62.62,4349.18,324.51,446.8785985714286,167.8216,162.255,326.18850000000003,1103.1436985714286
FARM-01223,Soybean,50.27,79.85,3206.63,309.52,181.85531571428572,213.998,154.76,240.49725,791.1105657142857
FARM-01224,Soybean,42.82,71.52,4181.17,252.88,154.90440857142858,191.6736,126.44,313.58774999999997,786.6057585714285
FARM-01225,Rice,148.46,79.89,10814.81,470.57,537.0646542857144,214.10520000000002,235.285,811.1107499999999,1797.5656042857142
FARM-01226,Sugarcane,236.71,75.43,16381.75,366.25,856.315332857143,202.15240000000003,183.125,1228.63125,2470.223982857143
FARM-01227,Maize,187.0,59.16,4908.91,379.2,676.4858571428572,158.5488,189.6,368.16825,1392.802907142857
FARM-01228,Rice,154.68,83.54,9944.81,427.18,559.5659485714285,223.88720000000004,213.59,745.8607499999999,1742.9038985714285
FARM-01229,Wheat,128.25,45.42,3615.32,212.51,463.95353571428575,121.72560000000001,106.255,271.149,963.0831357142857
FARM-01230,Sugarcane,235.36,111.65,16728.49,608.35,851.4316114285715,299.22200000000004,304.175,1254.6367500000001,2709.4653614285717
FARM-01231,Soybean,55.11,51.83,4381.63,261.1,199.36436142857144,138.9044,130.55,328.62225,797.4410114285715
FARM-01232,Cotton,166.62,65.41,6734.98,246.92,602.7597514285715,175.2988,123.46,505.1234999999999,1406.6420514285714
FARM-01233,Rice,129.39,81.7,9935.42,454.33,468.0775671428571,218.95600000000002,227.165,745.1564999999999,1659.355067142857
FARM-01234,Maize,190.07,58.5,4531.9,229.5,687.5918014285714,156.78,114.75,339.8925,1299.0143014285713
FARM-01235,Sugarcane,,112.83,18736.93,580.06,,302.3844,290.03,1405.26975,
FARM-01236,Maize,159.22,73.82,5097.27,318.01,575.9897228571429,197.83759999999998,159.005,382.29525,1315.1275728571427
FARM-01237,Sugarcane,204.57,78.51,17671.12,479.38,740.0465871428571,210.40680000000003,239.69,1325.3339999999998,2515.477387142857
FARM-01238,Cotton,146.67,46.36,7990.34,277.77,530.5892014285714,124.24480000000001,138.885,599.2755,1392.9945014285713
FARM-01239,Cotton,122.37,90.96,7332.62,435.76,442.6822157142858,243.7728,217.88,549.9465,1454.281515714286
FARM-01240,Maize,185.47,38.68,5252.48,193.77,670.9509728571429,103.6624,96.885,393.936,1265.434372857143
FARM-01241,Maize,164.59,63.21,5056.92,355.86,595.4160814285715,169.4028,177.93,379.269,1322.0178814285716
FARM-01242,Sugarcane,203.71,96.53,18379.78,565.42,736.9354757142858,258.7004,282.71,1378.4834999999998,2656.8293757142856
FARM-01243,Maize,193.03,93.91,4147.08,321.84,698.299812857143,251.6788,160.92,311.031,1421.929612857143
FARM-01244,Rice,140.68,85.49,9039.38,416.8,508.91994857142856,229.1132,208.4,677.9535,1624.3866485714284
FARM-01245,Rice,161.07,67.14,9889.07,523.86,582.68223,179.9352,261.93,741.68025,1766.22768
FARM-01246,Soybean,163.70947989456317,,4177.31,325.04,592.2307370528605,,162.52,313.29825,
FARM-01247,Soybean,36.9,55.06,3958.87,286.76,133.48838571428573,147.56080000000003,143.38,296.91524999999996,721.3444357142857
FARM-01248,Maize,185.66,67.13,5044.88,315.81,671.6383114285713,179.9084,157.905,378.366,1387.8177114285713
FARM-01249,Sugarcane,199.14,120.49,18303.33,596.27,720.4031742857143,322.9132,298.135,1372.7497500000002,2714.2011242857143
FARM-01250,Soybean,52.79,36.28,4458.5,136.83,190.97159571428574,97.2304,68.415,334.3875,691.0044957142858
FARM-01251,Soybean,38.72,62.59,4016.91,227.72,140.07236571428572,167.74120000000002,113.86,301.26824999999997,722.9418157142857
FARM-01252,Rice,147.47,59.74,10641.3,487.52,533.4832585714287,160.10320000000002,243.76,798.0975,1735.4439585714285
FARM-01253,Wheat,114.65,58.18,3411.92,225.16,414.7545642857143,155.9224,112.58,255.894,939.1509642857144
FARM-01254,Wheat,121.86,69.68,3736.18,,440.8372542857144,186.74240000000003,,280.21349999999995,
FARM-01255,Cotton,154.23,46.36,6834.92,245.26,557.9380414285714,124.24480000000001,122.63,512.619,1317.4318414285715
FARM-01256,Wheat,137.19,67.18,4511.74,,496.29462428571435,180.04240000000001,,338.3805,
FARM-01257,Wheat,129.11,55.56,3930.8,224.16,467.0646471428572,148.9008,112.08,294.81,1022.8554471428572
FARM-01258,Sugarcane,205.67,89.55,16103.06,563.38,744.0259157142857,239.994,281.69,1207.7295,2473.4394157142856
FARM-01259,Rice,158.1,74.02,9338.49,404.5,571.9380428571428,198.3736,202.25,700.38675,1672.9483928571428
FARM-01260,Wheat,134.95,65.97,4430.75,205.65,488.1912642857143,176.7996,102.825,332.30625,1100.1221142857144
FARM-01261,Maize,200.38,84.34,5097.77,400.98,724.8889628571428,226.0312,200.49,382.33275000000003,1533.742912857143
FARM-01262,Maize,209.18,87.01,4625.63,428.18,756.7235914285715,233.18680000000003,214.09,346.92225,1550.9226414285715
FARM-01263,Soybean,43.81,59.27,3466.51,177.76,158.48580428571432,158.8436,88.88,259.98825,666.1976542857143
FARM-01264,Wheat,114.99,60.51,3347.75,174.22,415.98453857142863,162.1668,87.11,251.08124999999998,916.3425885714286
FARM-01265,Cotton,150.66,52.01,8240.06,250.25,545.0233114285716,139.3868,125.125,618.0044999999999,1427.5396114285713
FARM-01266,Rice,144.2,89.04,10548.17,443.1,521.6537999999999,238.62720000000004,221.55,791.11275,1772.94375
FARM-01267,Sugarcane,192.41,82.92,16792.27,420.48,696.0569185714286,222.22560000000001,210.24,1259.42025,2387.942768571428
FARM-01268,Maize,199.61,74.95,5121.47,264.67,722.1034328571429,200.866,132.335,384.11025,1439.414682857143
FARM-01269,Rice,158.65,,9047.71,451.93,573.9277071428572,,225.965,678.5782499999999,
FARM-01270,Rice,145.93,73.32,,358.37,527.9121985714286,196.4976,179.185,,
FARM-01271,Soybean,41.64,60.18,3854.04,297.65,150.6356742857143,161.2824,148.825,289.053,749.7960742857142
FARM-01272,Cotton,150.55,75.25,7231.51,422.74,544.6253785714288,201.67000000000002,211.37,542.36325,1500.0286285714287
FARM-01273,Sugarcane,210.59,68.92,,400.32,761.8243671428572,184.7056,200.16,,
FARM-01274,Soybean,51.93,34.5,4297.95,136.51,187.8604842857143,92.46000000000001,68.255,322.34625,670.9217342857144
FARM-01275,Soybean,45.5,49.63,3780.86,213.57,164.5995,133.00840000000002,106.785,283.5645,687.9574
FARM-01276,Soybean,39.77,57.15,4260.51,226.82,143.87081571428575,153.162,113.41,319.53825,729.9810657142857
FARM-01277,Maize,175.0,59.15,4775.58,313.32,633.075,158.52200000000002,156.66,358.1685,1306.4255
FARM-01278,Cotton,134.95,66.05,7919.8,346.29,488.1912642857143,177.014,173.145,593.985,1432.3352642857144
FARM-01279,Sugarcane,235.3,86.65,18376.68,488.75,851.2145571428573,232.22200000000004,244.375,1378.251,2706.0625571428573
FARM-01280,Maize,174.41,49.44,4664.32,199.63,630.9406328571429,132.4992,99.815,349.82399999999996,1213.078832857143
FARM-01281,Maize,174.37,48.51,5170.85,328.32,630.79593,130.0068,164.16,387.81375,1312.77648
FARM-01282,Rice,156.54,81.84,10608.34,592.27,566.2946314285714,219.33120000000002,296.135,795.6255,1877.3863314285713
FARM-01283,Cotton,134.59,71.28,7495.71,307.06,486.88893857142864,191.03040000000001,153.53,562.1782499999999,1393.6275885714285
FARM-01284,Sugarcane,223.58,84.88,16443.01,539.93,808.8166200000001,227.4784,269.965,1233.2257499999998,2539.48577
FARM-01285,Soybean,53.07,68.89,4282.79,248.21,191.98451571428575,184.6252,124.105,321.20925,821.9239657142857
FARM-01286,Rice,140.52,70.28,11284.11,478.66,508.34113714285724,188.3504,239.33,846.30825,1782.3297871428572
FARM-01287,Cotton,133.31,71.94,7960.91,359.76,482.2584471428572,192.7992,179.88,597.0682499999999,1452.005897142857
FARM-01288,Maize,198.89,75.04,5210.74,278.43,719.4987814285714,201.10720000000003,139.215,390.8055,1450.6264814285714
FARM-01289,Sugarcane,218.52,112.64,16303.87,536.24,790.5117085714287,301.8752,268.12,1222.79025,2583.2971585714286
FARM-01290,Cotton,144.05,46.19,7527.46,248.43,521.1111642857143,123.78920000000001,124.215,564.5595,1333.6748642857142
FARM-01291,Sugarcane,192.58,91.45,15681.6,468.72,696.6719057142859,245.086,234.36,1176.12,2352.2379057142857
FARM-01292,Maize,175.61,87.59,5083.25,418.31,635.2817185714287,234.74120000000002,209.155,381.24375,1460.4216685714287
FARM-01293,Soybean,49.16,44.79,4158.77,237.41,177.8398114285714,120.0372,118.705,311.90775,728.4897614285715
FARM-01294,Cotton,150.66,74.19,7403.01,349.19,545.0233114285716,198.82920000000001,174.595,555.22575,1473.6732614285715
FARM-01295,Maize,173.18,75.46,4841.02,270.39,626.49102,202.2328,135.195,363.0765,1326.99532
FARM-01296,Wheat,132.38,61.18,4582.15,199.39,478.89410571428573,163.9624,99.695,343.66124999999994,1086.2127557142855
FARM-01297,Cotton,137.92,57.92,6202.62,320.62,498.93545142857147,155.22560000000001,160.31,465.19649999999996,1279.6675514285714
FARM-01298,Soybean,38.11,59.87,3976.46,306.43,137.86564714285714,160.4516,153.215,298.23449999999997,749.7667471428572
FARM-01299,Cotton,138.59,67.4,8393.82,383.02,501.3592242857143,180.63200000000003,191.51,629.5364999999999,1503.0377242857144
FARM-01300,Sugarcane,205.26,133.51,17556.65,685.19,742.5427114285715,357.8068,342.595,1316.74875,2759.6932614285715
FARM-01301,Rice,152.48,95.86,11267.34,486.32,551.6072914285714,256.9048,243.16,845.0504999999999,1896.7225914285714
FARM-01302,Cotton,137.08,60.73,8474.77,317.77,495.8966914285715,162.7564,158.885,635.60775,1453.1458414285717
FARM-01303,Sugarcane,191.41,117.01,17006.96,488.17,692.4393471428572,313.58680000000004,244.085,1275.522,2525.633147142857
FARM-01304,Cotton,146.25,69.63,7233.04,364.46,529.0698214285715,186.6084,182.23,542.478,1440.3862214285714
FARM-01305,Soybean,38.76,53.34,4684.82,262.05,140.21706857142857,142.95120000000003,131.025,351.3615,765.5547685714286
FARM-01306,Maize,179.94,49.59,5019.03,263.75,650.945802857143,132.90120000000002,131.875,376.42724999999996,1292.149252857143
FARM-01307,Maize,187.2,58.32,5465.24,310.88,677.2093714285713,156.29760000000002,155.44,409.893,1398.8399714285713
FARM-01308,Wheat,128.96,38.21,3412.85,187.29,466.52201142857143,102.40280000000001,93.645,255.96374999999998,918.5335614285715
FARM-01309,Wheat,121.39,40.38,4138.84,185.01,439.1369957142858,108.21840000000002,92.505,310.413,950.2733957142858
FARM-01310,Wheat,127.49,34.58,4521.97,143.17,461.2041814285715,92.6744,71.585,339.14775000000003,964.6113314285715
FARM-01311,Wheat,111.19,46.37,3635.32,218.81,402.23776714285725,124.2716,109.405,272.649,908.5633671428573
FARM-01312,Sugarcane,202.71,115.08,17771.17,535.96,733.3179042857143,308.4144,267.98,1332.83775,2642.5500542857144
FARM-01313,Sugarcane,200.23,109.35,16381.12,659.71,724.3463271428571,293.058,329.855,1228.584,2575.8433271428576
FARM-01314,Soybean,50.47,51.03,3423.49,264.44,182.57882999999998,136.7604,132.22,256.76174999999995,708.32098
FARM-01315,Soybean,45.88,64.67,4134.53,240.7,165.97417714285714,173.31560000000002,120.35,310.08975,769.7295271428571
FARM-01316,Rice,148.58,93.77,8960.53,366.06,537.4987628571429,251.30360000000002,183.03,672.03975,1643.8721128571428
FARM-01317,Rice,153.71,66.14,10718.6,357.75,556.0569042857144,177.2552,178.875,803.895,1716.0821042857144
FARM-01318,Maize,,91.16,5228.91,303.13,,244.30880000000002,151.565,392.16825,
FARM-01319,Sugarcane,208.39,,17401.4,601.41,753.86571,,300.705,1305.105,
FARM-01320,Rice,148.73,58.68,9871.56,330.41,538.0413985714287,157.2624,165.205,740.367,1600.8757985714287
FARM-01321,Cotton,150.15,61.69,7728.97,308.76,543.17835,165.32920000000001,154.38,579.67275,1442.5603
FARM-01322,Rice,,58.51,9955.4,451.84,,156.8068,225.92,746.655,
FARM-01323,Wheat,107.06,61.44,3617.28,,387.29719714285716,164.6592,,271.296,
FARM-01324,Rice,157.76,84.16,10111.69,418.2,570.7080685714286,225.5488,209.1,758.37675,1763.7336185714287
FARM-01325,Sugarcane,228.33,87.46,17179.86,537.66,826.0000842857144,234.3928,268.83,1288.4895,2617.7123842857145
FARM-01326,Maize,196.08,75.44,5250.19,344.71,709.3334057142858,202.1792,172.355,393.76424999999995,1477.6318557142858
FARM-01327,Soybean,45.11,51.36,3413.81,258.75,163.18864714285718,137.6448,129.375,256.03575,686.2441971428572
FARM-01328,Rice,148.98,67.87,11352.15,446.29,538.9457914285715,181.8916,223.145,851.41125,1795.3936414285715
FARM-01329,Soybean,,70.06,4250.58,256.33,,187.76080000000002,128.165,318.7935,
FARM-01330,Maize,168.95,60.81,5186.58,222.93,611.1886928571429,162.97080000000003,111.465,388.9935,1274.617992857143
FARM-01331,Soybean,46.14,65.72,3448.35,241.36,166.91474571428574,176.1296,120.68,258.62624999999997,722.3505957142858
FARM-01332,Wheat,,51.87,3834.87,156.52,,139.01160000000002,78.26,287.61525,
FARM-01333,Wheat,123.06,52.48,3559.95,158.55,445.17834000000005,140.6464,79.275,266.99625,932.09599
FARM-01334,Wheat,103.91,50.92,15913.714298525974,232.34,375.90184714285715,136.46560000000002,116.17,1193.528572389448,1822.0660195323053
FARM-01335,Sugarcane,232.57,70.88,16920.43,377.28,841.3385871428573,189.9584,188.64,1269.03225,2488.9692371428573
FARM-01336,Maize,196.67,,4880.68,339.88,711.4677728571428,,169.94,366.051,
FARM-01337,Maize,208.63,79.14,13370.84875829835,409.56,754.7339271428573,212.0952,204.78,1002.8136568723762,2174.4227840152334
FARM-01338,Maize,174.72,72.69,5096.41,329.97,632.0620799999999,194.8092,164.985,382.23075,1374.08703
FARM-01339,Sugarcane,216.9,98.55,17462.35,582.31,784.651242857143,264.11400000000003,291.155,1309.6762499999998,2649.596492857143
FARM-01340,Cotton,161.77,64.51,7161.65,701.9687444713869,585.2145300000001,172.88680000000002,350.98437223569346,537.12375,1646.2094522356936
FARM-01341,Sugarcane,205.96,89.37,16556.54,676.93,745.0750114285714,239.51160000000002,338.465,1241.7405,2564.792111428572
FARM-01342,Wheat,143.77,73.92,,253.04,520.0982442857144,198.1056,126.52,,
FARM-01343,Sugarcane,240.08,92.42,18293.77,616.66,868.5065485714285,247.68560000000002,308.33,1372.03275,2796.5548985714286
FARM-01344,Maize,171.43,68.38,4596.63,417.72,620.1602700000001,183.2584,208.86,344.74725,1357.02592
FARM-01345,Sugarcane,200.34,79.45,15514.2,628.33,724.74426,212.92600000000002,314.165,1163.565,2415.4002600000003
FARM-01346,Rice,134.33,83.02,9454.92,492.67,485.9483700000001,222.49360000000001,246.335,709.119,1663.89597
FARM-01347,Sugarcane,198.57,105.38,15135.11,577.71,718.3411585714287,282.4184,288.855,1135.13325,2424.747808571429
FARM-01348,Sugarcane,223.86,99.44,17877.94,557.63,809.8295400000002,266.49920000000003,278.815,1340.8455,2695.98924
FARM-01349,Soybean,53.05,71.59,4676.73,,191.91216428571428,191.86120000000003,,350.75474999999994,
FARM-01350,Cotton,144.58,62.26,7547.86,376.81,523.0284771428572,166.8568,188.405,566.0894999999999,1444.3797771428572
FARM-01351,Soybean,42.6,59.66,13182.859086986064,250.19,154.10854285714288,159.8888,125.095,988.7144315239548,1427.8067743810975
FARM-01352,Sugarcane,215.64,92.24,16740.26,527.43,780.0931028571429,247.2032,263.715,1255.5194999999999,2546.5308028571426
FARM-01353,Cotton,150.62,63.17,7931.64,297.29,544.8786085714287,169.2956,148.645,594.873,1457.6922085714286
FARM-01354,Sugarcane,208.68,137.73,17381.13,659.16,754.9148057142856,369.1164,329.58,1303.58475,2757.1959557142854
FARM-01355,Rice,136.09,92.46,10478.25,513.77,492.31529571428575,247.7928,256.885,785.86875,1782.8618457142857
FARM-01356,Rice,169.26,243.56311615350785,9730.81,559.42,612.31014,652.7491512914011,279.71,729.81075,2274.5800412914014
FARM-01357,Rice,174.54,70.03,9858.92,397.67,631.4109171428571,187.68040000000002,198.835,739.419,1757.3453171428573
FARM-01358,Sugarcane,203.41,116.39,18619.21,694.0,735.8502042857142,311.9252,347.0,1396.44075,2791.216154285714
FARM-01359,Rice,170.63,57.75,9553.74,296.95,617.2662128571429,154.77,148.475,716.5305,1637.041712857143
FARM-01360,Sugarcane,227.18,90.66,17511.74,529.44,821.8398771428572,242.96880000000002,264.72,1313.3805,2642.9091771428575
FARM-01361,Sugarcane,227.49,108.11,17214.83,639.24,822.9613242857145,289.7348,319.62,1291.1122500000001,2723.4283742857147
FARM-01362,Maize,184.51,92.18,5347.11,430.76,667.4781042857143,247.04240000000004,215.38,401.03324999999995,1530.9337542857143
FARM-01363,Soybean,50.64,47.22,3326.42,205.79,183.19381714285714,126.5496,102.895,249.48149999999998,662.119917142857
FARM-01364,Soybean,39.78,43.64,3590.32,268.54,143.90699142857142,116.9552,134.27,269.274,664.4061914285714
FARM-01365,Soybean,47.87,61.44,3714.98,322.66,173.17314428571427,164.6592,161.33,278.6235,777.7858442857143
FARM-01366,Soybean,52.86,63.16,3640.5,253.04,191.2248257142857,169.2688,126.52,273.03749999999997,760.0511257142857
FARM-01367,Sugarcane,234.95,113.45,16626.97,614.81,849.9484071428571,304.04600000000005,307.405,1247.02275,2708.422157142857
FARM-01368,Maize,183.9,83.17,4503.15,307.46,665.2713857142858,222.89560000000003,153.73,337.73625,1379.6332357142858
FARM-01369,Wheat,126.26,68.81,13926.11356171805,260.96,456.75456857142865,184.41080000000002,130.48,1044.4585171288536,1816.1038857002823
FARM-01370,Soybean,49.05,39.91,4229.31,154.59,177.44187857142856,106.9588,77.295,317.19825000000003,678.8939285714287
FARM-01371,Sugarcane,233.19,83.09,16648.32,362.98,843.5814814285716,222.68120000000002,181.49,1248.624,2496.376681428572
FARM-01372,Rice,149.91,89.58,9878.77,563.44,542.3101328571429,240.0744,281.72,740.90775,1805.012282857143
FARM-01373,Soybean,47.2,51.62,4543.07,212.0,170.74937142857146,138.3416,106.0,340.73024999999996,755.8212214285714
FARM-01374,Wheat,111.25,40.36,3486.06,252.12,402.45482142857145,108.1648,126.06,261.4545,898.1341214285715
FARM-01375,Wheat,135.68,54.67,3735.97,240.35,490.83209142857146,146.5156,120.175,280.19775,1037.7204414285713
FARM-01376,Rice,149.12,85.81,10233.78,454.23,539.4522514285716,229.97080000000003,227.115,767.5335,1764.0715514285716
FARM-01377,Soybean,54.22,61.36,4502.71,206.09,196.14472285714288,164.44480000000001,103.045,337.70324999999997,801.3377728571429
FARM-01378,Sugarcane,191.4,84.38,18267.26,669.69,692.4031714285716,226.1384,334.845,1370.0444999999997,2623.431071428571
FARM-01379,Sugarcane,223.14,136.69,16576.34,700.48,807.2248885714287,366.3292,350.24,1243.2255,2767.0195885714284
FARM-01380,Wheat,128.38,48.29,,182.82,464.42382,129.4172,91.41,,
FARM-01381,Rice,139.73,78.68,10628.94,643.72,505.48325571428575,210.86240000000004,321.86,797.1705000000001,1835.3761557142861
FARM-01382,Wheat,136.57,28.0,4396.92,105.0,494.05173,75.04,52.5,329.769,951.36073
FARM-01383,Soybean,50.38,49.36,4643.45,257.99,182.25324857142857,132.28480000000002,128.995,348.25874999999996,791.7917985714286
FARM-01384,Cotton,143.16,54.23,8683.38,291.92,517.8915257142858,145.3364,145.96,651.2534999999999,1460.4414257142857
FARM-01385,Soybean,44.45,65.25,3525.61,250.07,160.80105000000003,174.87,125.035,264.42075,725.1268
FARM-01386,Sugarcane,209.61,83.96,16218.32,428.67,758.2791471428573,225.0128,214.335,1216.374,2414.0009471428575
FARM-01387,Sugarcane,204.51,103.44,17604.91,609.08,739.8295328571429,277.2192,304.54,1320.36825,2641.956982857143
FARM-01388,Cotton,169.88,72.2,7579.44,477.96,614.5530342857144,193.496,238.98,568.458,1615.4870342857143
FARM-01389,Soybean,33.39,236.0790276426346,4562.23,240.41,120.79071000000002,632.6917940822608,120.205,342.16724999999997,1215.8547540822608
FARM-01390,Sugarcane,214.61,100.09,17850.79,557.07,776.3670042857143,268.24120000000005,278.535,1338.80925,2661.9524542857143
FARM-01391,Maize,638.1552943691818,62.22,5262.23,282.87,2308.5723599015414,166.74960000000002,141.435,394.66724999999997,3011.4242099015414
FARM-01392,Sugarcane,209.42,82.93,17075.92,559.56,757.5918085714286,222.25240000000002,279.78,1280.6939999999997,2540.3182085714284
FARM-01393,Maize,192.06,89.83,5567.1,395.81,694.7907685714285,240.7444,197.905,417.5325,1550.9726685714286
FARM-01394,Rice,146.31,88.84,,520.97,529.2868757142858,238.09120000000001,260.485,,
FARM-01395,Soybean,41.06,58.1,4454.59,209.45,148.5374828571429,155.70800000000003,104.725,334.09425,743.0647328571429
FARM-01396,Sugarcane,208.16,84.13,17395.33,450.41,753.0336685714286,225.4684,225.205,1304.64975,2508.3568185714284
FARM-01397,Soybean,58.42,65.86,3167.24,274.95,211.33852285714286,176.50480000000002,137.475,237.54299999999998,762.8613228571429
FARM-01398,Cotton,143.38,63.79,7411.33,276.63,518.6873914285715,170.9572,138.315,555.84975,1383.8093414285713
FARM-01399,Wheat,131.78,57.03,3805.92,207.77,476.7235628571429,152.84040000000002,103.885,285.444,1018.892962857143
FARM-01400,Maize,210.37,86.12,16473.886182705217,336.77,761.0285014285714,230.80160000000004,168.385,1235.5414637028912,2395.7565651314626
FARM-01401,Rice,177.14,92.48,9956.33,367.94,640.8166028571428,247.84640000000002,183.97,746.72475,1819.3577528571427
FARM-01402,Soybean,54.87,50.63,4533.69,166.49,198.4961442857143,135.6884,83.245,340.02674999999994,757.4562942857142
FARM-01403,Cotton,149.54,64.79,7577.32,510.76,540.9716314285714,173.63720000000004,255.38,568.299,1538.2878314285713
FARM-01404,Maize,158.76,57.48,4472.24,177.91,574.32564,154.0464,88.955,335.41799999999995,1152.74504
FARM-01405,Maize,188.84,52.78,5711.58,237.22,683.1421885714285,141.4504,118.61,428.3685,1371.5710885714284
FARM-01406,Maize,179.79,62.15,4978.81,328.43,650.4031671428572,166.562,164.215,373.41075,1354.5909171428573
FARM-01407,Sugarcane,216.66,105.52,18344.97,540.03,783.7830257142857,282.7936,270.015,1375.87275,2712.464375714286
FARM-01408,Rice,152.96,83.12,10434.22,433.58,553.3437257142858,222.76160000000002,216.79,782.5664999999999,1775.4618257142856
FARM-01409,Rice,165.2,,9514.97,357.99,597.6228000000001,,178.995,713.6227499999999,
FARM-01410,Soybean,54.52,63.84,3465.48,176.49,197.2299942857143,171.09120000000001,88.245,259.911,716.4771942857144
FARM-01411,Maize,156.3,47.44,5166.63,264.26,565.4264142857144,127.1392,132.13,387.49725,1212.1928642857142
FARM-01412,Maize,207.89,85.32,4577.16,386.42,752.0569242857143,228.6576,193.21,343.287,1517.2115242857144
FARM-01413,Sugarcane,208.45,68.38,17392.29,531.93,754.0827642857143,183.2584,265.965,1304.42175,2507.727914285714
FARM-01414,Wheat,117.93,36.68,4377.46,188.49,426.6201985714286,98.3024,94.245,328.3095,947.4770985714285
FARM-01415,Rice,146.75,96.58,8727.07,468.83,530.8786071428573,258.8344,234.415,654.5302499999999,1678.658257142857
FARM-01416,Cotton,156.85,80.93,7885.22,435.22,567.4160785714287,216.89240000000004,217.61,591.3915,1593.3099785714287
FARM-01417,Wheat,117.71,68.74,4444.93,321.6,425.82433285714285,184.2232,160.8,333.36975,1104.217282857143
FARM-01418,Wheat,116.86,54.82,3605.28,227.52,422.74939714285716,146.91760000000002,113.76,270.396,953.8229971428573
FARM-01419,Rice,133.75,46.76,9792.57,318.08,483.85017857142867,125.3168,159.04,734.4427499999999,1502.6497285714286
FARM-01420,Soybean,47.54,67.49,3525.29,195.58,171.97934571428573,180.8732,97.79,264.39675,715.0392957142858
FARM-01421,Rice,143.71,71.89,10357.83,379.67,519.8811900000001,192.66520000000003,189.835,776.8372499999999,1679.21864
FARM-01422,Cotton,148.64,69.4,6504.13,427.75,537.7158171428571,185.99200000000002,213.875,487.80975,1425.392567142857
FARM-01423,Maize,202.07,63.79,4852.42,246.28,731.0026585714286,170.9572,123.14,363.93149999999997,1389.0313585714287
FARM-01424,Cotton,149.16,73.64,7251.51,403.79,539.5969542857143,197.35520000000002,201.895,543.86325,1482.7104042857145
FARM-01425,Wheat,127.64,59.2,4018.16,262.01,461.74681714285725,158.656,131.005,301.36199999999997,1052.7698171428572
FARM-01426,Soybean,36.51,56.52,3713.25,235.95,132.07753285714284,151.4736,117.975,278.49375,680.0198828571429
FARM-01427,Maize,192.3,68.31,5008.07,265.3,695.6589857142858,183.07080000000002,132.65,375.60524999999996,1386.9850357142857
FARM-01428,Wheat,128.1,51.81,3975.53,197.99,463.4109,138.85080000000002,98.995,298.16475,999.42145
FARM-01429,Cotton,158.49,38.62,7162.36,287.05,573.3488957142858,103.5016,143.525,537.1769999999999,1357.5524957142857
FARM-01430,Wheat,115.87,69.46,4729.89,315.17,419.1680014285715,186.15279999999998,157.585,354.74175,1117.6475514285717
FARM-01431,Maize,198.16,70.29,5035.4,354.1,716.8579542857143,188.37720000000002,177.05,377.655,1459.9401542857142
FARM-01432,Wheat,147.46,50.9,4765.32,203.2,533.447082857143,136.412,101.6,357.39899999999994,1128.858082857143
FARM-01433,Rice,155.01,77.56,10347.08,429.93,560.7597471428571,207.8608,214.965,776.031,1759.6165471428571
FARM-01434,Sugarcane,193.17,91.44,16215.77,471.63,698.8062728571429,245.0592,235.815,1216.18275,2395.863222857143
FARM-01435,Wheat,129.6,50.3,10851.7590408521,165.15,468.8372571428572,134.804,82.575,813.8819280639074,1500.0981852067646
FARM-01436,Rice,135.69,78.99,9564.1,507.01,490.8682671428572,211.6932,253.505,717.3075,1673.373967142857
FARM-01437,Soybean,46.97,76.76,3790.33,334.88,169.91733,205.71680000000003,167.44,284.27475,827.34888
FARM-01438,Soybean,47.84,53.81,3393.6,275.37,173.06461714285717,144.2108,137.685,254.51999999999998,709.4804171428572
FARM-01439,Maize,,65.06,5093.7,318.72,,174.3608,159.36,382.0275,
FARM-01440,Sugarcane,191.56,140.75,17400.07,878.45,692.9819828571428,377.21000000000004,439.225,1305.00525,2814.422232857143
FARM-01441,Cotton,135.26,55.7,8335.83,301.36,489.31271142857145,149.276,150.68,625.18725,1414.4559614285715
FARM-01442,Rice,368.5444425332098,88.23,9483.32,521.18,1333.2358454669247,236.45640000000003,260.59,711.2489999999999,2541.5312454669247
FARM-01443,Wheat,119.45,54.29,3732.7,220.17,432.11890714285715,145.4972,110.085,279.9525,967.6536071428571
FARM-01444,Maize,165.97,75.82,5689.74,252.95,600.40833,203.1976,126.475,426.73049999999995,1356.81143
FARM-01445,Rice,154.2,83.31,9811.04,467.89,557.8295142857144,223.2708,233.945,735.8280000000001,1750.8733142857145
FARM-01446,Soybean,42.01,62.83,3707.25,273.21,151.97417571428574,168.3844,136.605,278.04375,735.0073257142858
FARM-01447,Soybean,55.72,69.93,3283.18,211.52,201.57108,187.41240000000002,105.76,246.2385,740.98198
FARM-01448,Rice,150.61,73.16,9110.97,357.65,544.842432857143,196.0688,178.825,683.3227499999999,1603.0589828571428
FARM-01449,Sugarcane,217.47,118.1,18967.1,666.92,786.7132585714287,316.508,333.46,1422.5324999999998,2859.2137585714286
FARM-01450,Maize,169.77,88.86,5306.19,379.55,614.1551014285716,238.1448,189.775,397.96424999999994,1440.0391514285716
FARM-01451,Sugarcane,232.26,91.31,16954.39,473.93,840.21714,244.71080000000003,236.965,1271.57925,2593.47219
FARM-01452,Maize,215.66,59.66,4776.34,278.74,780.1654542857144,159.8888,139.37,358.2255,1437.6497542857146
FARM-01453,Soybean,46.72,42.14,4820.45,173.0,169.01293714285714,112.93520000000001,86.5,361.53375,729.9818871428572
FARM-01454,Sugarcane,207.42,103.03,19198.12,578.81,750.3566657142858,276.1204,289.405,1439.859,2755.7410657142855
FARM-01455,Cotton,147.87,67.65,,272.98,534.9302871428572,181.30200000000002,136.49,,
FARM-01456,Rice,144.31,107.51,8209.25,708.68,522.051732857143,288.1268,354.34,615.69375,1780.2122828571428
FARM-01457,Sugarcane,211.92,86.28,19027.14,561.66,766.6357371428571,231.2304,280.83,1427.0355,2705.731637142857
FARM-01458,Maize,164.76,48.42,4922.38,344.86,596.0310685714285,129.7656,172.43,369.1785,1267.4051685714285
FARM-01459,Soybean,,50.47,4059.28,212.61,,135.2596,106.305,304.446,
FARM-01460,Rice,135.42,60.74,11460.22,319.56,489.8915228571429,162.78320000000002,159.78,859.5165,1671.971222857143
FARM-01461,Maize,184.31,69.64,5101.17,268.83,666.75459,186.63520000000003,134.415,382.58774999999997,1370.39254
FARM-01462,Rice,156.56,103.15,10074.36,646.91,566.3669828571428,276.442,323.455,755.577,1921.8409828571428
FARM-01463,Rice,155.91,79.92,9202.94,405.91,564.0155614285713,214.18560000000002,202.955,690.2205,1671.3766614285714
FARM-01464,Maize,175.31,71.97,5180.71,410.82,634.1964471428572,192.8796,205.41,388.55325,1421.039297142857
FARM-01465,Maize,181.98,65.51,5327.45,404.56,658.3256485714285,175.56680000000003,202.28,399.55875,1435.7311985714284
FARM-01466,Maize,191.38,51.87,5452.31,255.62,692.33082,139.01160000000002,127.81,408.92325,1368.0756700000002
FARM-01467,Wheat,112.93,65.94,3860.61,208.06,408.5323414285715,176.7192,104.03,289.54575,978.8272914285715
FARM-01468,Maize,154.77,53.71,5123.86,251.54,559.8915300000001,143.9428,125.77,384.2895,1213.89383
FARM-01469,Rice,129.58,58.39,8638.0,398.88,468.76490571428576,156.48520000000002,199.44,647.85,1472.5401057142858
FARM-01470,Wheat,111.09,70.94,4134.22,294.99,401.87601000000006,190.1192,147.495,310.0665,1049.55671
FARM-01471,Rice,129.67,57.42,10347.74,237.75,469.0904871428571,153.8856,118.875,776.0804999999999,1517.931587142857
FARM-01472,Rice,159.74,79.74,9184.39,419.27,577.87086,213.7032,209.635,688.8292499999999,1690.03831
FARM-01473,Sugarcane,193.99,98.44,17341.73,421.23,701.7726814285716,263.8192,210.615,1300.6297499999998,2476.8366314285713
FARM-01474,Sugarcane,202.75,107.36,19097.99,403.75,733.4626071428572,287.7248,201.875,1432.34925,2655.411657142857
FARM-01475,Soybean,50.72,,4822.41,146.89,183.48322285714283,,73.445,361.68075,
FARM-01476,Rice,154.58,,10463.84,1582.9852331988757,559.2041914285714,,791.4926165994378,784.788,
FARM-01477,Maize,196.76,54.72,5128.46,274.17,711.7933542857144,146.6496,137.085,384.6345,1380.1624542857144
FARM-01478,Maize,204.38,88.6,5084.82,278.61,739.3592485714287,237.448,139.305,381.3615,1497.4737485714286
FARM-01479,Soybean,40.29,44.1,3887.19,162.68,145.75195285714287,118.18800000000002,81.34,291.53925,636.819202857143
FARM-01480,Soybean,46.97,63.94,3994.72,203.99,169.91733,171.35920000000002,101.995,299.604,742.87553
FARM-01481,Rice,529.3365090580825,77.78,10892.47,,1914.9126312682606,208.4504,,816.9352499999999,
FARM-01482,Wheat,114.91,51.37,4292.78,178.9,415.6951328571429,137.6716,89.45,321.95849999999996,964.7752328571429
FARM-01483,Maize,174.71,76.81,5094.62,322.4,632.0259042857143,205.85080000000002,161.2,382.0965,1381.1732042857143
FARM-01484,Maize,203.26,78.33,4056.05,327.33,735.3075685714286,209.92440000000002,163.665,304.20375,1413.1007185714288
FARM-01485,Maize,182.6,59.02,5354.8,267.15,660.5685428571428,158.17360000000002,133.575,401.61,1353.9271428571428
FARM-01486,Cotton,150.85,44.72,7838.28,224.36,545.71065,119.84960000000001,112.18,587.871,1365.61125
FARM-01487,Rice,138.29,92.95,8720.81,399.16,500.27395285714283,249.10600000000002,199.58,654.06075,1603.0207028571429
FARM-01488,Rice,130.15,74.92,10672.96,521.71,470.8269214285715,200.78560000000002,260.855,800.4719999999999,1732.9395214285714
FARM-01489,Cotton,137.02,81.78,7497.95,,495.6796371428572,219.17040000000003,,562.3462499999999,
FARM-01490,Wheat,108.56,61.5,4745.25,258.29,392.72355428571433,164.82000000000002,129.145,355.89375,1042.5823042857144
FARM-01491,Maize,,70.02,4859.95,336.07,,187.6536,168.035,364.49625,
FARM-01492,Wheat,108.91,40.39,4242.2,263.81,393.98970428571425,108.24520000000001,131.905,318.16499999999996,952.3049042857142
FARM-01493,Cotton,143.46,53.11,7037.49,373.68,518.9767971428572,142.3348,186.84,527.81175,1375.9633471428572
FARM-01494,Wheat,129.18,61.01,3427.01,210.47,467.3178771428572,163.5068,105.235,257.02575,993.0854271428572
FARM-01495,Maize,197.25,63.0,5101.15,256.36,713.5659642857144,168.84,128.18,382.58624999999995,1393.1722142857143
FARM-01496,Maize,189.26,61.66,4620.43,278.41,684.6615685714286,165.2488,139.205,346.53225000000003,1335.6476185714287
FARM-01497,Soybean,50.54,57.36,4806.13,186.96,182.83206,153.72480000000002,93.48,360.45975,790.49661
FARM-01498,Sugarcane,241.98,87.5,18635.43,374.33,875.3799342857143,234.5,187.165,1397.65725,2694.702184285714
FARM-01499,Cotton,168.39,65.34,,362.07,609.1628528571429,175.11120000000003,181.035,,
FARM-01500,Sugarcane,197.44,94.59,17636.73,599.24,714.2533028571429,253.5012,299.62,1322.7547499999998,2590.129252857143
FARM-01501,Maize,174.35,58.13,4553.9,338.05,630.7235785714287,155.78840000000002,169.025,341.54249999999996,1297.0794785714286
FARM-01502,Sugarcane,202.37,122.37,18176.03,701.74,732.0879300000001,327.95160000000004,350.87,1363.2022499999998,2774.11178
FARM-01503,Soybean,55.16,67.47,4246.27,362.3,199.54524000000004,180.8196,181.15,318.47025,879.9850900000001
FARM-01504,Wheat,130.0,58.94,3435.57,249.23,470.2842857142858,157.9592,124.615,257.66775,1010.5262357142858
FARM-01505,Maize,160.73,62.18,5212.8,233.32,581.4522557142857,166.6424,116.66,390.96,1255.7146557142855
FARM-01506,Wheat,120.4,70.47,4862.87,200.41,435.5556000000001,188.8596,100.205,364.71524999999997,1089.33545
FARM-01507,Cotton,140.52,59.4,7707.84,392.21,508.34113714285724,159.192,196.105,578.088,1441.7261371428572
FARM-01508,Maize,170.61,98.29,4435.07,417.28,617.1938614285715,263.41720000000004,208.64,332.63025,1421.8813114285715
FARM-01509,Sugarcane,217.54,110.51,16506.71,595.48,786.9664885714285,296.1668,297.74,1238.00325,2618.8765385714287
FARM-01510,Soybean,43.58,57.3,4116.7,196.16,157.65376285714288,153.564,98.08,308.7525,718.0502628571428
FARM-01511,Soybean,48.71,45.53,,272.42,176.2119042857143,122.02040000000001,136.21,,
FARM-01512,Maize,172.7,60.12,,236.11,624.7545857142857,161.1216,118.055,,
FARM-01513,Wheat,123.1,49.98,4591.74,229.97,445.3230428571428,133.9464,114.985,344.3805,1038.634942857143
FARM-01514,Sugarcane,228.69,96.01,16278.69,575.48,827.30241,257.3068,287.74,1220.90175,2593.2509600000003
FARM-01515,Sugarcane,234.97,118.93,16034.51,661.82,850.0207585714286,318.73240000000004,330.91,1202.58825,2702.251408571429
FARM-01516,Cotton,143.43,75.94,6936.91,341.77,518.86827,203.5192,170.885,520.26825,1413.54072
FARM-01517,Maize,175.15,232.25210223407785,5386.69,252.48,633.6176357142857,622.4356339873286,126.24,404.00174999999996,1786.2950197016141
FARM-01518,Wheat,107.36,55.83,3528.22,230.47,388.3824685714286,149.6244,115.235,264.6165,917.8583685714286
FARM-01519,Wheat,118.6,71.56,4269.53,210.18,429.0439714285714,191.78080000000003,105.09,320.21475,1046.1295214285715
FARM-01520,Sugarcane,221.81,112.7,16073.93,527.32,802.4135185714285,302.036,263.66,1205.54475,2573.6542685714285
FARM-01521,Cotton,156.19,56.04,7503.87,267.36,565.0284814285715,150.18720000000002,133.68,562.79025,1411.6859314285716
FARM-01522,Cotton,127.9,67.18,6706.83,410.33,462.6873857142858,180.04240000000001,205.165,503.01225,1350.907035714286
FARM-01523,Soybean,54.92,52.33,3902.09,186.4,198.67702285714287,140.2444,93.2,292.65675,724.7781728571429
FARM-01524,Rice,163.99,96.36,10822.85,532.8,593.2455385714286,258.2448,266.4,811.71375,1929.6040885714283
FARM-01525,Wheat,124.13,51.67,4294.56,219.54,449.04914142857143,138.47560000000001,109.77,322.09200000000004,1019.3867414285714
FARM-01526,Wheat,122.25,52.85,4005.85,188.93,442.2481071428572,141.638,94.465,300.43874999999997,978.7898571428573
FARM-01527,Rice,139.65,73.77,11000.43,305.15,505.1938500000001,197.7036,152.575,825.03225,1680.5047000000002
FARM-01528,Sugarcane,207.81,109.29,18615.76,,751.7675185714286,292.89720000000005,,1396.1819999999998,
FARM-01529,Wheat,123.39,50.49,3897.83,187.17,446.3721385714286,135.31320000000002,93.585,292.33725,967.6075885714286
FARM-01530,Maize,176.29,35.74,5219.67,140.98,637.7416671428572,95.78320000000001,70.49,391.47525,1195.4901171428571
FARM-01531,Cotton,155.82,55.44,7714.38,1134.267554741249,563.68998,148.57920000000001,567.1337773706244,578.5785,1857.9814573706244
FARM-01532,Sugarcane,211.81,76.51,19482.88,421.18,766.2378042857144,205.04680000000002,210.59,1461.2160000000001,2643.0906042857146
FARM-01533,Wheat,133.02,51.5,4059.74,229.31,481.2093514285715,138.02,114.655,304.48049999999995,1038.3648514285715
FARM-01534,Wheat,138.83,44.92,3508.03,205.64,502.2274414285715,120.38560000000001,102.82,263.10225,988.5352914285714
FARM-01535,Rice,151.65,82.33,11450.09,363.07,548.6047071428571,220.64440000000002,181.535,858.75675,1809.540857142857
FARM-01536,Maize,180.44,67.12,4538.21,351.55,652.7545885714287,179.88160000000002,175.775,340.36575,1348.7769385714287
FARM-01537,Wheat,148.81,44.95,3833.87,252.74,538.3308042857143,120.46600000000001,126.37,287.54024999999996,1072.7070542857143
FARM-01538,Soybean,39.1,53.47,3545.52,175.9,141.44704285714286,143.2996,87.95,265.914,638.6106428571429
FARM-01539,Soybean,45.66,48.75,4927.05,275.1,165.17831142857142,130.65,137.55,369.52875,802.9070614285714
FARM-01540,Rice,125.67,84.87,9187.06,531.83,454.6202014285715,227.4516,265.915,689.0295,1637.0163014285713
FARM-01541,Rice,148.34,89.04,9521.37,440.4,536.6305457142857,238.62720000000004,220.2,714.10275,1709.5604957142857
FARM-01542,Cotton,161.67,55.43,8045.43,315.36,584.8527728571429,148.5524,157.68,603.40725,1494.4924228571429
FARM-01543,Maize,175.23,86.1,5648.0,342.88,633.9070414285715,230.748,171.44,423.59999999999997,1459.6950414285714
FARM-01544,Maize,171.69,74.09,4615.54,318.37,621.1008385714285,198.5612,159.185,346.1655,1325.0125385714286
FARM-01545,Maize,163.25,69.14,5257.51,274.29,590.5685357142856,185.29520000000002,137.145,394.31325,1307.3219857142856
FARM-01546,Maize,198.79,50.77,4836.28,245.32,719.1370242857142,136.0636,122.66,362.72099999999995,1340.581624285714
FARM-01547,Cotton,153.62,51.59,6490.15,261.52,555.7313228571429,138.26120000000003,130.76,486.76124999999996,1311.5137728571428
FARM-01548,Soybean,37.01,62.44,4050.05,232.38,133.88631857142857,167.3392,116.19,303.75375,721.1692685714286
FARM-01549,Wheat,128.64,63.78,4431.91,227.3,465.36438857142855,170.93040000000002,113.65,332.39324999999997,1082.3380385714286
FARM-01550,Maize,192.75,58.92,5267.56,294.13,697.2868928571429,157.90560000000002,147.065,395.067,1397.324492857143
FARM-01551,Cotton,154.7,72.54,6663.36,443.35,559.6383,194.40720000000002,221.675,499.75199999999995,1475.4724999999999
FARM-01552,Soybean,41.68,45.82,4357.49,221.86,150.78037714285716,122.7976,110.93,326.81174999999996,711.3197271428571
FARM-01553,Maize,184.22,74.56,5891.52,325.53,666.4290085714287,199.82080000000002,162.765,441.86400000000003,1470.8788085714286
FARM-01554,Wheat,115.74,61.04,3229.76,233.74,418.6977171428572,163.5872,116.87,242.232,941.3869171428572
FARM-01555,Rice,150.53,68.35,8790.73,536.51,544.5530271428572,183.178,268.255,659.3047499999999,1655.2907771428572
FARM-01556,Soybean,40.22,54.84,4668.59,209.34,145.49872285714287,146.9712,104.67,350.14425,747.284172857143
FARM-01557,Cotton,154.55,62.7,7036.5,1328.8833899927067,559.0956642857143,168.03600000000003,664.4416949963534,527.7375,1919.3108592820677
FARM-01558,Sugarcane,246.99,84.87,17496.78,431.28,893.5039671428572,227.4516,215.64,1312.2585,2648.8540671428573
FARM-01559,Wheat,137.7,43.7,3872.91,192.63,498.13958571428566,117.11600000000001,96.315,290.46824999999995,1002.0388357142856
FARM-01560,Maize,186.6,82.07,5273.5,330.45,675.0388285714287,219.9476,165.225,395.5125,1455.7239285714286
FARM-01561,Rice,154.9,79.18,11560.89,539.39,560.3618142857143,212.20240000000004,269.695,867.06675,1909.3259642857142
FARM-01562,Wheat,140.5,57.56,3966.13,202.8,508.26878571428574,154.26080000000002,101.4,297.45975,1061.3893357142856
FARM-01563,Soybean,43.9,79.98,3979.11,329.65,158.81138571428573,214.34640000000002,164.825,298.43325,836.4160357142857
FARM-01564,Cotton,143.55,49.6,6563.68,323.9,519.3023785714286,132.92800000000003,161.95,492.276,1306.4563785714286
FARM-01565,Wheat,109.66,43.52,3756.03,227.93,396.70288285714287,116.63360000000002,113.965,281.70225,909.003732857143
FARM-01566,Maize,171.12,73.54,15605.460906937453,298.97,619.0388228571429,197.08720000000002,149.485,1170.4095680203088,2136.020590877452
FARM-01567,Soybean,43.72,73.04,4371.01,204.67,158.16022285714286,195.74720000000002,102.335,327.82575,784.0681728571428
FARM-01568,Maize,166.16,80.49,4751.91,387.5,601.0956685714286,215.7132,193.75,356.39324999999997,1366.9521185714286
FARM-01569,Wheat,126.27,64.63,4073.16,162.84,456.79074428571437,173.2084,81.42,305.48699999999997,1016.9061442857143
FARM-01570,Cotton,146.53,89.33,7996.59,504.15,530.0827414285715,239.4044,252.075,599.74425,1621.3063914285715
FARM-01571,Cotton,149.08,44.27,8183.17,258.76,539.3075485714287,118.64360000000002,129.38,613.73775,1401.0688985714287
FARM-01572,Cotton,145.06,63.61,8238.36,348.37,524.7649114285715,170.47480000000002,174.185,617.8770000000001,1487.3017114285717
FARM-01573,Rice,145.85,72.6,10234.56,432.03,527.6227928571428,194.56799999999998,216.015,767.592,1705.7977928571427
FARM-01574,Cotton,145.1,64.67,6320.49,328.76,524.9096142857143,173.31560000000002,164.38,474.03675,1336.6419642857143
FARM-01575,Soybean,40.93,38.72,4086.44,185.46,148.06719857142858,103.7696,92.73,306.483,651.0497985714286
FARM-01576,Rice,145.9,74.57,10426.22,551.62,527.8036714285715,199.8476,275.81,781.9664999999999,1785.4277714285713
FARM-01577,Wheat,124.24,58.83,3796.55,276.83,449.4470742857143,157.6644,138.415,284.74125,1030.2677242857142
FARM-01578,Rice,145.48,78.59,9667.75,382.28,526.2842914285714,210.62120000000002,191.14,725.08125,1653.1267414285712
FARM-01579,Rice,134.74,74.82,10218.78,379.1,487.43157428571436,200.5176,189.55,766.4085,1643.9076742857144
FARM-01580,Rice,140.82,52.08,10721.84,346.89,509.4264085714285,139.5744,173.445,804.138,1626.5838085714286
FARM-01581,Maize,166.52,241.9886088025729,4507.62,254.17,602.3979942857144,648.5294715908955,127.085,338.07149999999996,1716.08396587661
FARM-01582,Soybean,44.41,52.15,4951.99,223.4,160.65634714285713,139.762,111.7,371.39925,783.5175971428571
FARM-01583,Soybean,46.72,56.03,4346.06,254.69,169.01293714285714,150.1604,127.345,325.9545,772.4728371428571
FARM-01584,Sugarcane,224.96,104.1,16339.4,621.12,813.8088685714288,278.988,310.56,1225.455,2628.811868571429
FARM-01585,Sugarcane,221.51,75.23,15576.87,580.19,801.3282471428571,201.61640000000003,290.095,1168.26525,2461.304897142857
FARM-01586,Rice,168.81,67.48,11529.65,413.16,610.6822328571429,180.84640000000002,206.58,864.72375,1862.8323828571429
FARM-01587,Wheat,126.62,48.01,3878.67,200.89,458.0568942857143,128.6668,100.445,290.90024999999997,978.0689442857142
FARM-01588,Wheat,140.12,57.54,3815.37,172.12,506.89410857142855,154.2072,86.06,286.15274999999997,1033.3140585714284
FARM-01589,Soybean,53.65,57.57,3869.77,262.39,194.08270714285715,154.2876,131.195,290.23275,769.7980571428571
FARM-01590,Sugarcane,234.14,,19113.73,479.26,847.0181742857142,,239.63,1433.52975,
FARM-01591,Sugarcane,214.27,101.31,18290.06,604.08,775.1370300000001,271.5108,302.04,1371.7545,2720.44233
FARM-01592,Maize,188.06,39.97,4986.88,168.85,680.320482857143,107.1196,84.425,374.016,1245.881082857143
FARM-01593,Rice,156.88,93.12,9239.1,444.5,567.5246057142857,249.56160000000003,222.25,692.9325,1732.2687057142857
FARM-01594,Sugarcane,211.29,93.66,19448.26,538.96,764.3566671428571,251.0088,269.48,1458.6194999999998,2743.464967142857
FARM-01595,Maize,176.8,66.01,5018.59,336.98,639.5866285714286,176.90680000000003,168.49,376.39425,1361.3776785714288
FARM-01596,Wheat,132.64,61.85,3482.66,213.6,479.83467428571424,165.758,106.8,261.1995,1013.5921742857142
FARM-01597,Maize,181.35,89.47,4523.79,459.61,656.0465785714287,239.77960000000002,229.805,339.28425,1464.9154285714287
FARM-01598,Soybean,44.46,57.78,4489.06,242.72,160.83722571428572,154.8504,121.36,336.6795,773.7271257142858
FARM-01599,Cotton,149.44,62.92,8093.67,336.69,540.6098742857143,168.62560000000002,168.345,607.02525,1484.6057242857146
FARM-01600,Soybean,37.02,57.7,3564.25,202.55,133.92249428571432,154.63600000000002,101.275,267.31874999999997,657.1522442857142
FARM-01601,Rice,155.69,87.48,9427.52,368.82,563.2196957142858,234.4464,184.41,707.064,1689.1400957142857
FARM-01602,Sugarcane,229.6,100.29,18802.82,570.59,830.5944,268.77720000000005,285.295,1410.2115,2794.8781
FARM-01603,Cotton,120.88,54.77,7761.28,356.85,437.2920342857143,146.7836,178.425,582.096,1344.5966342857143
FARM-01604,Cotton,154.53,78.86,7492.72,459.97,559.0233128571429,211.34480000000002,229.985,561.954,1562.3071128571428
FARM-01605,Maize,171.31,68.91,4926.73,268.97,619.7261614285715,184.6788,134.485,369.50474999999994,1308.3947114285716
FARM-01606,Sugarcane,206.67,111.09,19194.57,590.91,747.6434871428571,297.7212,295.455,1439.59275,2780.412437142857
FARM-01607,Cotton,145.93,77.98,7426.51,411.49,527.9121985714286,208.98640000000003,205.745,556.98825,1499.6318485714287
FARM-01608,Maize,198.92,69.35,4762.17,,719.6073085714285,185.858,,357.16275,
FARM-01609,Sugarcane,220.24,84.98,18623.98,446.5,796.7339314285716,227.74640000000002,223.25,1396.7984999999999,2644.5288314285717
FARM-01610,Rice,142.51,88.95,9605.53,575.72,515.5401042857143,238.38600000000002,287.86,720.41475,1762.2008542857143
FARM-01611,Soybean,50.48,55.29,4664.86,157.46,182.6150057142857,148.1772,78.73,349.86449999999996,759.3867057142857
FARM-01612,Cotton,139.49,66.66,6385.86,382.83,504.6150385714286,178.6488,191.415,478.93949999999995,1353.6183385714285
FARM-01613,Maize,181.31,54.45,4801.67,236.15,655.9018757142858,145.92600000000002,118.075,360.12525,1280.0281257142858
FARM-01614,Cotton,160.02,61.71,7104.86,304.68,578.88378,165.3828,152.34,532.8644999999999,1429.4710799999998
FARM-01615,Cotton,143.11,41.31,6273.55,306.15,517.7106471428572,110.7108,153.075,470.51625,1252.0126971428572
FARM-01616,Soybean,36.71,54.36,3963.88,227.71,132.80104714285716,145.6848,113.855,297.291,689.6318471428572
FARM-01617,Cotton,128.64,77.67,6396.03,515.05,465.36438857142855,208.15560000000002,257.525,479.70224999999994,1410.7472385714286
FARM-01618,Cotton,157.96,57.94,8375.66,388.48,571.431582857143,155.2792,194.24,628.1745,1549.1252828571428
FARM-01619,Maize,166.38,97.02,5323.16,387.06,601.8915342857142,260.0136,193.53,399.23699999999997,1454.672134285714
FARM-01620,Sugarcane,186.07,100.59,18420.7,645.86,673.1215157142858,269.5812,322.93,1381.5525,2647.1852157142857
FARM-01621,Wheat,125.63,64.53,3203.15,256.66,454.4754985714286,172.9404,128.33,240.23624999999998,995.9821485714288
FARM-01622,Wheat,126.51,55.2,4450.57,244.07,457.6589614285715,147.936,122.035,333.79274999999996,1061.4227114285713
FARM-01623,Maize,185.74,54.76,5788.69,297.99,671.9277171428573,146.7568,148.995,434.15174999999994,1401.8312671428573
FARM-01624,Rice,164.93,86.88,11208.47,568.41,596.6460557142857,232.8384,284.205,840.6352499999999,1954.3247057142858
FARM-01625,Maize,177.69,74.03,5470.57,266.03,642.8062671428572,198.40040000000002,133.015,410.29274999999996,1384.5144171428572
FARM-01626,Wheat,108.74,51.84,4675.88,191.53,393.3747171428572,138.93120000000002,95.765,350.691,978.7619171428571
FARM-01627,Rice,145.52,61.04,9323.2,365.3,526.4289942857143,163.5872,182.65,699.24,1571.9061942857143
FARM-01628,Soybean,44.69,44.31,3457.4,170.41,161.66926714285717,118.75080000000001,85.205,259.305,624.9300671428572
FARM-01629,Sugarcane,230.15,94.89,16736.16,607.99,832.5840642857145,254.3052,303.995,1255.212,2646.0962642857144
FARM-01630,Sugarcane,219.08,98.15,17551.51,586.07,792.5375485714286,263.04200000000003,293.035,1316.3632499999999,2664.9777985714286
FARM-01631,Sugarcane,191.51,96.42,18386.71,471.22,692.8011042857142,258.4056,235.61,1379.00325,2565.8199542857146
FARM-01632,Wheat,111.34,70.03,3540.25,231.6,402.7804028571429,187.68040000000002,115.8,265.51875,971.7795528571428
FARM-01633,Rice,149.69,58.31,10038.19,360.55,541.5142671428571,156.2708,180.275,752.86425,1630.924317142857
FARM-01634,Cotton,122.62,57.65,7616.01,287.03,443.58660857142866,154.502,143.515,571.20075,1312.8043585714286
FARM-01635,Wheat,110.71,76.45,3881.52,231.57,400.50133285714287,204.88600000000002,115.785,291.114,1012.2863328571427
FARM-01636,Rice,159.34,95.43,8805.75,668.66,576.4238314285715,255.75240000000002,334.33,660.43125,1826.9374814285716
FARM-01637,Rice,175.83,82.09,9187.79,454.31,636.0775842857145,220.0012,227.155,689.08425,1772.3180342857145
FARM-01638,Wheat,122.82,55.21,4661.66,217.92,444.3101228571429,147.96280000000002,108.96,349.62449999999995,1050.8574228571429
FARM-01639,Sugarcane,223.26,122.44,19370.61,583.48,807.6589971428572,328.1392,291.74,1452.79575,2880.333947142857
FARM-01640,Rice,123.64,,9017.3,331.42,447.27653142857145,,165.71,676.2974999999999,
FARM-01641,Cotton,147.59,67.5,7795.75,399.71,533.9173671428572,180.9,199.855,584.68125,1499.3536171428573
FARM-01642,Maize,177.01,63.58,,332.31,640.3463185714286,170.39440000000002,166.155,,
FARM-01643,Soybean,47.36,63.26,4094.46,229.4,171.32818285714288,169.5368,114.7,307.0845,762.6494828571429
FARM-01644,Wheat,121.92,30.17,4107.54,140.89,441.05430857142863,80.85560000000001,70.445,308.0655,900.4204085714287
FARM-01645,Rice,149.68,94.3,10292.51,449.41,541.4780914285715,252.72400000000002,224.705,771.93825,1790.8453414285716
FARM-01646,Sugarcane,235.06,101.34,,528.43,850.34634,271.5912,264.215,,
FARM-01647,Sugarcane,227.06,110.62,17337.37,471.73,821.4057685714287,296.46160000000003,235.865,1300.3027499999998,2654.0351185714285
FARM-01648,Wheat,119.77,54.03,3722.5,,433.27653000000004,144.80040000000002,,279.1875,
FARM-01649,Sugarcane,,95.88,17678.27,597.5,,256.9584,298.75,1325.87025,
FARM-01650,Rice,137.96,74.27,9240.32,561.66,499.08015428571434,199.0436,280.83,693.024,1671.9777542857141
FARM-01651,Soybean,39.0,66.59,3742.76,246.51,141.08528571428573,178.46120000000002,123.255,280.707,723.5084857142857
FARM-01652,Sugarcane,206.8,74.5,17882.7,512.19,748.1137714285716,199.66000000000003,256.095,1341.2025,2545.071271428572
FARM-01653,Soybean,58.15,46.27,3566.01,226.2,210.36177857142857,124.00360000000002,113.1,267.45075,714.9161285714285
FARM-01654,Rice,165.93,84.95,9039.54,456.14,600.2636271428573,227.66600000000003,228.07,677.9655,1733.9651271428575
FARM-01655,Wheat,134.07,69.64,4397.1,209.06,485.00780142857144,186.63520000000003,104.53,329.7825,1105.9555014285716
FARM-01656,Cotton,130.92,80.12,6913.47,366.68,473.61245142857143,214.72160000000002,183.34,518.51025,1390.1843014285714
FARM-01657,Sugarcane,214.82,84.53,15776.31,413.66,777.1266942857143,226.5404,206.83,1183.22325,2393.7203442857144
FARM-01658,Rice,159.98,75.99,9289.96,361.42,578.7390771428572,203.6532,180.71,696.747,1659.8492771428573
FARM-01659,Cotton,136.76,59.42,7059.1,392.75,494.73906857142856,159.24560000000002,196.375,529.4325,1379.7921685714286
FARM-01660,Sugarcane,225.29,75.7,15836.42,398.7,815.002667142857,202.87600000000003,199.35,1187.7314999999999,2404.960167142857
FARM-01661,Soybean,49.51,68.05,3923.8,249.86,179.10596142857145,182.374,124.93,294.285,780.6949614285714
FARM-01662,Sugarcane,189.85,121.86,15923.48,622.38,686.7959357142857,326.58480000000003,311.19,1194.261,2518.831735714286
FARM-01663,Soybean,45.5,53.3,4341.43,201.47,164.5995,142.844,100.735,325.60725,733.78575
FARM-01664,Soybean,37.19,38.83,3975.91,191.06,134.5374814285714,104.0644,95.53,298.19325,632.3251314285715
FARM-01665,Rice,153.91,81.07,9217.79,489.75,556.7804185714288,217.2676,244.875,691.33425,1710.2572685714288
FARM-01666,Maize,192.19,75.74,4939.37,291.02,695.2610528571429,202.9832,145.51,370.45275,1414.207002857143
FARM-01667,Cotton,140.62,61.63,7000.39,279.94,508.70289428571436,165.16840000000002,139.97,525.02925,1338.8705442857145
FARM-01668,Wheat,129.97,58.07,3822.3,251.69,470.17575857142856,155.6276,125.845,286.6725,1038.3208585714287
FARM-01669,Wheat,140.85,39.57,3437.63,223.02,509.5349357142857,106.0476,111.51,257.82225,984.9147857142857
FARM-01670,Sugarcane,238.45,101.86,17342.01,585.92,862.6099071428571,272.9848,292.96,1300.6507499999998,2729.205457142857
FARM-01671,Sugarcane,196.76,116.11,18639.41,509.29,711.7933542857144,311.1748,254.645,1397.9557499999999,2675.5689042857143
FARM-01672,Rice,152.64,54.18,10359.15,348.08,552.1861028571428,145.2024,174.04,776.93625,1648.3647528571428
FARM-01673,Maize,173.12,64.87,4988.91,328.24,626.2739657142859,173.85160000000002,164.12,374.16825,1338.4138157142859
FARM-01674,Soybean,49.7,52.58,3604.82,220.28,179.79330000000002,140.9144,110.14,270.3615,701.2092
FARM-01675,Sugarcane,246.6,100.77,17495.87,586.55,892.0931142857144,270.0636,293.275,1312.1902499999999,2767.621964285714
FARM-01676,Sugarcane,216.97,124.48,16673.1,681.16,784.904472857143,333.6064,340.58,1250.4824999999998,2709.573372857143
FARM-01677,Soybean,40.83,53.08,3294.85,278.91,147.70544142857142,142.2544,139.455,247.11374999999998,676.5285914285714
FARM-01678,Wheat,134.35,60.34,3845.01,275.89,486.02072142857145,161.71120000000002,137.945,288.37575,1074.0526714285713
FARM-01679,Maize,186.8,58.96,5192.75,396.03,675.762342857143,158.0128,198.015,389.45625,1421.246392857143
FARM-01680,Cotton,133.92,63.36,7642.41,247.39,484.4651657142856,169.8048,123.695,573.18075,1351.1457157142856
FARM-01681,Cotton,127.55,51.65,7550.32,290.37,461.4212357142858,138.422,145.185,566.274,1311.3022357142859
FARM-01682,Cotton,143.06,80.6,7740.32,385.32,517.5297685714287,216.008,192.66,580.524,1506.7217685714286
FARM-01683,Soybean,42.19,33.63,4394.81,160.73,152.62533857142856,90.12840000000001,80.365,329.61075,652.7294885714286
FARM-01684,Rice,152.86,71.43,11567.93,381.58,552.9819685714285,191.43240000000003,190.79,867.59475,1802.7991185714286
FARM-01685,Soybean,46.57,48.5,4307.02,278.02,168.47030142857142,129.98000000000002,139.01,323.0265,760.4868014285714
FARM-01686,Maize,187.85,65.87,5192.4,396.05,679.5607928571428,176.53160000000003,198.025,389.42999999999995,1443.5473928571428
FARM-01687,Maize,203.96,75.13,4792.95,353.25,737.8398685714286,201.3484,176.625,359.47125,1475.2845185714286
FARM-01688,Soybean,52.7,44.81,4526.68,160.95,190.6460142857143,120.09080000000002,80.475,339.50100000000003,730.7128142857143
FARM-01689,Cotton,168.95,61.95,7241.73,490.45,611.1886928571429,166.026,245.225,543.12975,1565.5694428571428
FARM-01690,Maize,162.76,377.13148758513057,5044.73,300.56,588.7959257142857,1010.71238672815,150.28,378.35474999999997,2128.1430624424356
FARM-01691,Rice,163.14,79.05,9260.42,420.71,590.170602857143,211.854,210.355,694.5314999999999,1706.9111028571429
FARM-01692,Cotton,142.25,73.73,8108.61,345.45,514.5995357142857,197.59640000000002,172.725,608.1457499999999,1493.0666857142855
FARM-01693,Rice,152.03,68.39,9428.59,487.62,549.9793842857143,183.2852,243.81,707.1442499999999,1684.2188342857144
FARM-01694,Wheat,145.29,49.59,3941.88,183.36,525.5969528571428,132.90120000000002,91.68,295.641,1045.8191528571429
FARM-01695,Soybean,48.29,60.38,4495.81,209.47,174.69252428571428,161.81840000000003,104.735,337.18575000000004,778.4316742857143
FARM-01696,Cotton,162.16,61.87,6480.36,306.25,586.6253828571428,165.8116,153.125,486.02699999999993,1391.5889828571426
FARM-01697,Cotton,162.42,45.15,6399.9,304.13,587.5659514285715,121.00200000000001,152.065,479.99249999999995,1340.6254514285715
FARM-01698,Wheat,128.8,60.71,3851.03,292.2,465.94320000000005,162.70280000000002,146.1,288.82725,1063.5732500000001
FARM-01699,Maize,174.52,53.62,4746.33,217.27,631.3385657142858,143.7016,108.635,355.97475,1239.6499157142857
FARM-01700,Sugarcane,214.82,114.49,19985.2,787.5,777.1266942857143,306.8332,393.75,1498.89,2976.599894285714
FARM-01701,Maize,160.65,66.29,4584.02,249.63,581.16285,177.65720000000002,124.815,343.80150000000003,1227.4365500000001
FARM-01702,Rice,145.65,95.49,10055.69,496.65,526.8992785714287,255.9132,248.325,754.17675,1785.3142285714284
FARM-01703,Soybean,40.93,36.17,,182.83,148.06719857142858,96.93560000000001,91.415,,
FARM-01704,Wheat,131.04,44.39,3839.15,178.03,474.04656,118.96520000000001,89.015,287.93625,969.9630099999999
FARM-01705,Rice,132.33,83.69,10842.52,410.45,478.71322714285725,224.2892,205.225,813.189,1721.4164271428572
FARM-01706,Maize,186.09,,5437.25,264.25,673.1938671428572,,132.125,407.79375,
FARM-01707,Soybean,46.58,53.79,3954.24,259.28,168.50647714285714,144.15720000000002,129.64,296.568,738.8716771428572
FARM-01708,Sugarcane,229.58,117.66,17037.17,671.04,830.5220485714286,315.3288,335.52,1277.7877499999997,2759.1585985714282
FARM-01709,Sugarcane,211.72,104.54,16520.47,575.73,765.9122228571429,280.16720000000004,287.865,1239.0352500000001,2572.9796728571428
FARM-01710,Soybean,55.92,60.74,3820.88,204.23,202.2945942857143,162.78320000000002,102.115,286.566,753.7587942857143
FARM-01711,Wheat,122.5,67.4,,296.37,443.15250000000003,180.63200000000003,148.185,,
FARM-01712,Rice,130.23,84.67,8355.59,390.01,471.11632714285713,226.9156,195.005,626.66925,1519.706177142857
FARM-01713,Soybean,42.58,72.03,4831.88,245.63,154.03619142857144,193.0404,122.815,362.391,832.2825914285714
FARM-01714,Rice,159.01,75.73,9584.54,563.58,575.2300328571428,202.95640000000003,281.79,718.8405,1778.8169328571428
FARM-01715,Rice,133.72,100.28,10300.65,543.92,483.74165142857146,268.7504,271.96,772.5487499999999,1797.0008014285713
FARM-01716,Sugarcane,225.67,91.13,15804.54,508.35,816.3773442857143,244.2284,254.175,1185.3405,2500.121244285714
FARM-01717,Wheat,124.2,57.14,3561.22,219.06,449.30237142857146,153.1352,109.53,267.0915,979.0590714285714
FARM-01718,Cotton,142.51,85.99,8548.08,422.58,515.5401042857143,230.4532,211.29,641.106,1598.3893042857144
FARM-01719,Maize,200.69,68.27,,199.47,726.0104100000001,182.9636,99.735,,
FARM-01720,Soybean,48.58,38.09,3758.72,189.57,175.74162,102.08120000000001,94.785,281.904,654.5118200000001
FARM-01721,Maize,196.32,67.41,4434.56,261.51,710.2016228571429,180.6588,130.755,332.59200000000004,1354.207422857143
FARM-01722,Sugarcane,223.49,129.9,18196.63,715.11,808.4910385714286,348.13200000000006,357.555,1364.7472500000001,2878.9252885714286
FARM-01723,Rice,150.38,84.61,26932.08746695345,436.1,544.0103914285714,226.75480000000002,218.05,2019.9065600215085,3008.72175145008
FARM-01724,Soybean,46.06,,3936.97,233.44,166.62534000000005,,116.72,295.27275,
FARM-01725,Maize,187.09,73.23,4885.72,307.48,676.8114385714287,196.2564,153.74,366.42900000000003,1393.2368385714287
FARM-01726,Rice,142.63,83.96,10694.29,520.8,515.9742128571429,225.0128,260.4,802.0717500000001,1803.458762857143
FARM-01727,Rice,166.81,91.48,10394.28,528.88,603.4470900000001,245.16640000000004,264.44,779.571,1892.6244900000002
FARM-01728,Maize,205.49,62.49,4734.08,222.01,743.3747528571429,167.47320000000002,111.005,355.056,1376.9089528571428
FARM-01729,Sugarcane,198.73,81.3,17424.38,467.5,718.91997,217.88400000000001,233.75,1306.8285,2477.38247
FARM-01730,Cotton,160.31,65.11,7687.01,444.19,579.9328757142858,174.4948,222.095,576.52575,1553.048425714286
FARM-01731,Cotton,172.61,79.5,7862.79,486.28,624.4290042857144,213.06,243.14,589.70925,1670.3382542857144
FARM-01732,Cotton,173.7,52.78,6940.96,345.08,628.3721571428572,141.4504,172.54,520.572,1462.934557142857
FARM-01733,Rice,150.11,50.16,9844.09,353.57,543.0336471428573,134.4288,176.785,738.30675,1592.5541971428572
FARM-01734,Sugarcane,219.64,104.22,15732.53,450.17,794.5633885714287,279.3096,225.085,1179.93975,2478.897738571429
FARM-01735,Rice,143.12,100.06,10567.41,425.96,517.7468228571429,268.1608,212.98,792.55575,1791.443372857143
FARM-01736,Cotton,562.9766354006687,87.9,6722.69,519.72,2036.6081911787333,235.57200000000003,259.86,504.20174999999995,3036.241941178733
FARM-01737,Cotton,155.28,71.47,6831.86,447.8,561.7364914285715,191.5396,223.9,512.3895,1489.5655914285717
FARM-01738,Rice,156.03,83.26,9012.14,483.35,564.4496700000001,223.13680000000002,241.675,675.9105,1705.17197
FARM-01739,Cotton,126.94,55.33,8227.22,377.52,459.2145171428572,148.2844,188.76,617.0414999999999,1413.300417142857
FARM-01740,Soybean,56.54,47.1,4257.62,142.95,204.53748857142858,126.22800000000001,71.475,319.32149999999996,721.5619885714286
FARM-01741,Wheat,117.25,50.79,3588.77,194.24,424.16025,136.1172,97.12,269.15774999999996,926.5552
FARM-01742,Sugarcane,239.46,94.81,19344.53,565.34,866.2636542857142,254.09080000000003,282.67,1450.8397499999999,2853.864204285714
FARM-01743,Wheat,123.84,47.95,3748.3,156.98,448.00004571428576,128.50600000000003,78.49,281.1225,936.1185457142858
FARM-01744,Maize,185.24,71.05,4557.14,337.86,670.1189314285715,190.41400000000002,168.93,341.7855,1371.2484314285714
FARM-01745,Soybean,53.51,73.33,3623.2,328.84,193.57624714285714,196.5244,164.42,271.73999999999995,826.2606471428571
FARM-01746,Sugarcane,193.68,106.08,19136.25,568.56,700.6512342857144,284.2944,284.28,1435.21875,2704.4443842857145
FARM-01747,Maize,207.02,35.0,4266.26,142.0,748.9096371428573,93.80000000000001,71.0,319.9695,1233.6791371428571
FARM-01748,Soybean,41.77,48.19,3826.08,192.83,151.1059585714286,129.1492,96.415,286.95599999999996,663.6261585714286
FARM-01749,Soybean,40.25,33.1,4652.82,186.82,145.60725000000002,88.70800000000001,93.41,348.96149999999994,676.6867500000001
FARM-01750,Soybean,47.01,49.06,4042.74,260.46,170.06203285714287,131.48080000000002,130.23,303.2055,734.978332857143
FARM-01751,Cotton,153.17,67.65,7369.99,421.67,554.1034157142856,181.30200000000002,210.835,552.74925,1498.9896657142856
FARM-01752,Rice,521.18502377478,71.99,11228.96,309.08,1885.424051006965,192.9332,154.54,842.1719999999999,3075.0692510069653
FARM-01753,Sugarcane,214.48,104.81,16359.9,541.72,775.89672,280.8908,270.86,1226.9924999999998,2554.64002
FARM-01754,Cotton,141.73,71.03,8545.2,283.72,512.7183985714285,190.36040000000003,141.86,640.89,1485.8287985714285
FARM-01755,Rice,166.76,57.66,9740.33,438.17,603.2662114285713,154.5288,219.085,730.5247499999999,1707.4047614285714
FARM-01756,Soybean,53.73,41.41,3440.57,160.85,194.37211285714284,110.97879999999999,80.425,258.04275,643.8186628571428
FARM-01757,Maize,194.66,53.13,4765.95,268.13,704.1964542857143,142.38840000000002,134.065,357.44624999999996,1338.0961042857143
FARM-01758,Rice,160.08,50.55,10511.68,294.3,579.1008342857144,135.474,147.15,788.376,1650.1008342857144
FARM-01759,Rice,127.45,90.84,8431.07,491.92,461.0594785714286,243.45120000000003,245.96,632.33025,1582.8009285714286
FARM-01760,Sugarcane,241.59,93.54,16823.77,517.89,873.9690814285714,250.68720000000002,258.945,1261.78275,2645.3840314285717
FARM-01761,Rice,139.3,60.42,11043.78,460.4,503.92769999999996,161.9256,230.2,828.2835,1724.3368
FARM-01762,Soybean,50.57,48.32,4618.96,144.79,182.94058714285714,129.4976,72.395,346.42199999999997,731.255187142857
FARM-01763,Sugarcane,221.79,77.54,17251.11,467.18,802.3411671428571,207.80720000000002,233.59,1293.83325,2537.5716171428567
FARM-01764,Maize,216.52,74.46,5321.82,375.62,783.2765657142859,199.5528,187.81,399.13649999999996,1569.7758657142858
FARM-01765,Soybean,41.66,49.86,3554.12,233.22,150.70802571428572,133.6248,116.61,266.55899999999997,667.5018257142857
FARM-01766,Wheat,119.57,56.26,3778.06,243.84,432.5530157142857,150.7768,121.92,283.3545,988.6043157142856
FARM-01767,Maize,208.17,51.51,4575.9,255.23,753.0698442857143,138.0468,127.615,343.19249999999994,1361.9241442857142
FARM-01768,Rice,162.32,89.08,9072.97,383.34,587.2041942857143,238.73440000000002,191.67,680.4727499999999,1698.0813442857143
FARM-01769,Rice,144.4,104.49,9062.18,525.88,522.3773142857143,280.0332,262.94,679.6635,1745.0140142857144
FARM-01770,Cotton,142.96,54.88,7492.7,350.48,517.1680114285714,147.07840000000002,175.24,561.9525,1401.4389114285714
FARM-01771,Soybean,40.63,72.52,4148.99,219.85,146.98192714285716,194.3536,109.925,311.17425,762.4347771428571
FARM-01772,Wheat,129.1,68.2,3262.95,292.2,467.0284714285715,182.776,146.1,244.72124999999997,1040.6257214285715
FARM-01773,Cotton,163.07,59.47,8015.37,324.76,589.9173728571429,159.3796,162.38,601.15275,1512.8297228571428
FARM-01774,Maize,181.96,66.35,4467.37,292.46,658.2532971428573,177.81799999999998,146.23,335.05275,1317.3540471428573
FARM-01775,Rice,170.79,80.76,8861.42,456.15,617.8450242857143,216.43680000000003,228.075,664.6065,1726.9633242857144
FARM-01776,Maize,189.85,62.28,4575.45,364.88,686.7959357142857,166.9104,182.44,343.15875,1379.3050857142857
FARM-01777,Rice,169.28,63.84,10330.68,383.65,612.3824914285715,171.09120000000001,191.825,774.801,1750.0996914285715
FARM-01778,Maize,166.09,72.89,4879.3,242.29,600.8424385714286,195.3452,121.145,365.9475,1283.2801385714286
FARM-01779,Rice,484.3970596489074,84.94,9450.16,466.79,1752.3409630698975,227.63920000000002,233.395,708.762,2922.1371630698977
FARM-01780,Maize,159.3,72.17,4868.52,238.35,576.2791285714286,193.4156,119.175,365.139,1254.0087285714285
FARM-01781,Cotton,145.1,83.42,8186.7,385.91,524.9096142857143,223.56560000000002,192.955,614.0024999999999,1555.4327142857142
FARM-01782,Cotton,129.12,87.88,7552.17,464.14,467.1008228571429,235.5184,232.07,566.41275,1501.1019728571428
FARM-01783,Rice,146.27,88.04,10289.41,490.73,529.1421728571429,235.94720000000004,245.365,771.70575,1782.160122857143
FARM-01784,Sugarcane,204.45,105.77,18461.27,642.13,739.6124785714286,283.4636,321.065,1384.59525,2728.7363285714287
FARM-01785,Cotton,136.5,69.69,8301.26,298.44,493.79850000000005,186.7692,149.22,622.5945,1452.3822
FARM-01786,Wheat,139.87,51.73,4233.83,223.83,505.9897157142858,138.6364,111.915,317.53725,1074.0783657142856
FARM-01787,Sugarcane,215.14,110.37,18481.11,548.13,778.2843171428572,295.7916,274.065,1386.08325,2734.2241671428574
FARM-01788,Wheat,125.77,71.67,4288.28,271.47,454.98195857142855,192.0756,135.735,321.621,1104.4135585714284
FARM-01789,Cotton,151.98,46.4,7139.73,205.88,549.7985057142857,124.352,102.94,535.47975,1312.5702557142856
FARM-01790,Cotton,148.13,75.36,7761.24,423.8,535.8708557142857,201.9648,211.9,582.093,1531.8286557142856
FARM-01791,Maize,167.0,85.73,4465.41,345.8,604.1344285714287,229.7564,172.9,334.90574999999995,1341.6965785714285
FARM-01792,Wheat,132.69,56.45,3993.05,211.0,480.01555285714284,151.28600000000003,105.5,299.47875,1036.280302857143
FARM-01793,Soybean,42.48,50.14,4538.51,190.02,153.6744342857143,134.3752,95.01,340.38825,723.4478842857143
FARM-01794,Cotton,150.5,68.22,7868.52,352.88,544.4445000000001,182.8296,176.44,590.139,1493.8531000000003
FARM-01795,Cotton,157.67,65.28,8142.12,309.21,570.3824871428571,174.9504,154.605,610.659,1510.5968871428572
FARM-01796,Soybean,45.16,63.73,3487.07,218.68,163.36952571428571,170.7964,109.34,261.53025,705.0361757142857
FARM-01797,Rice,160.84,101.5,10145.24,516.78,581.8501885714286,272.02000000000004,258.39,760.8929999999999,1873.1531885714285
FARM-01798,Maize,177.2,60.23,4821.0,259.24,641.0336571428571,161.4164,129.62,361.575,1293.645057142857
FARM-01799,Wheat,143.17,45.72,3874.06,216.08,517.9277014285715,122.5296,108.04,290.55449999999996,1039.0518014285713
FARM-01800,Rice,128.99,72.16,10586.54,394.46,466.63053857142864,193.3888,197.23,793.9905,1651.2398385714287
FARM-01801,Sugarcane,188.45,103.53,18527.63,540.7,681.7313357142857,277.4604,270.35,1389.57225,2619.1139857142853
FARM-01802,Rice,163.67,87.3,10480.55,446.53,592.0879157142858,233.964,223.265,786.0412499999999,1835.3581657142854
FARM-01803,Soybean,36.74,75.8,4146.4,226.26,132.9095742857143,203.144,113.13,310.97999999999996,760.1635742857143
FARM-01804,Rice,161.25,79.56,9616.28,500.03,583.3333928571428,213.22080000000003,250.015,721.221,1767.7901928571428
FARM-01805,Wheat,121.75,50.69,3416.27,138.36,440.4393214285715,135.8492,69.18,256.22024999999996,901.6887714285714
FARM-01806,Wheat,,66.32,3028.88,284.52,,177.7376,142.26,227.166,
FARM-01807,Wheat,134.04,47.99,3706.43,238.99,484.89927428571434,128.6132,119.495,277.98224999999996,1010.9897242857144
FARM-01808,Maize,204.16,74.85,4540.93,326.1,738.5633828571429,200.59799999999998,163.05,340.56975,1442.781132857143
FARM-01809,Cotton,158.94,55.51,7208.15,242.14,574.976802857143,148.76680000000002,121.07,540.6112499999999,1385.424852857143
FARM-01810,Wheat,123.75,43.58,3254.28,220.74,447.6744642857143,116.7944,110.37,244.071,918.9098642857143
FARM-01811,Cotton,145.3,60.22,8682.34,330.75,525.6331285714286,161.3896,165.375,651.1754999999999,1503.5732285714284
FARM-01812,Soybean,49.6,53.86,3700.02,257.62,179.4315428571429,144.34480000000002,128.81,277.50149999999996,730.087842857143
FARM-01813,Wheat,112.26,50.13,3671.18,183.09,406.1085685714286,134.34840000000003,91.545,275.33849999999995,907.3404685714286
FARM-01814,Sugarcane,234.9,92.83,15488.03,556.55,849.7675285714286,248.7844,278.275,1161.60225,2538.4291785714286
FARM-01815,Rice,160.05,71.89,9310.08,289.15,578.9923071428572,192.66520000000003,144.575,698.256,1614.488507142857
FARM-01816,Maize,199.68,65.12,5269.67,296.49,722.356662857143,174.52160000000003,148.245,395.22525,1440.3485128571429
FARM-01817,Wheat,117.7,78.46,3156.5,321.93,425.7881571428572,210.2728,160.965,236.73749999999998,1033.7634571428573
FARM-01818,Rice,141.19,57.96,10286.87,396.22,510.76491000000004,155.33280000000002,198.11,771.51525,1635.72296
FARM-01819,Sugarcane,200.77,91.28,16443.14,589.97,726.2998157142858,244.6304,294.985,1233.2355,2499.150715714286
FARM-01820,Maize,204.05,56.6,5549.41,192.54,738.1654500000002,151.68800000000002,96.27,416.20574999999997,1402.3292000000001
FARM-01821,Sugarcane,196.52,82.1,16619.04,392.07,710.9251371428572,220.028,196.035,1246.428,2373.416137142857
FARM-01822,Soybean,37.96,66.23,,240.32,137.32301142857142,177.49640000000002,120.16,,
FARM-01823,Wheat,137.45,57.03,3334.41,203.46,497.2351928571428,152.84040000000002,101.73,250.08074999999997,1001.8863428571428
FARM-01824,Soybean,48.76,68.34,3574.19,275.94,176.3927828571429,183.15120000000002,137.97,268.06425,765.5782328571429
FARM-01825,Sugarcane,215.3,99.8,17728.27,637.05,778.8631285714287,267.464,318.525,1329.62025,2694.4723785714286
FARM-01826,Sugarcane,801.3906297523621,115.88,18385.9,634.86,2899.0878453170094,310.5584,317.43,1378.9425,4906.018745317009
FARM-01827,Cotton,161.7,50.39,7958.42,219.29,584.9613,135.04520000000002,109.645,596.8815,1426.533
FARM-01828,Sugarcane,220.81,79.39,18441.29,422.05,798.7959471428572,212.76520000000002,211.025,1383.09675,2605.682897142857
FARM-01829,Maize,183.24,76.26,4384.55,250.13,662.8837885714287,204.37680000000003,125.065,328.84125,1321.1668385714286
FARM-01830,Maize,186.4,67.8,5629.73,384.2,674.3153142857143,181.704,192.1,422.22974999999997,1470.3490642857141
FARM-01831,Cotton,163.47,45.19,7684.1,279.6,591.3644014285715,121.1092,139.8,576.3075,1428.5811014285714
FARM-01832,Sugarcane,217.74,117.76,18462.9,606.77,787.690002857143,315.59680000000003,303.385,1384.7175,2791.389302857143
FARM-01833,Soybean,53.26,60.3,4187.65,321.7,192.6718542857143,161.604,160.85,314.07374999999996,829.1996042857143
FARM-01834,Cotton,147.39,72.77,7262.92,401.1,533.1938528571428,195.0236,200.55,544.7189999999999,1473.486452857143
FARM-01835,Cotton,138.97,69.01,6699.29,383.33,502.7339014285714,184.94680000000002,191.665,502.44674999999995,1381.7924514285714
FARM-01836,Maize,194.09,58.6,4354.1,301.64,702.1344385714286,157.048,150.82,326.5575,1336.5599385714286
FARM-01837,Maize,197.87,235.09721498287777,4808.9,344.25,715.8088585714286,630.0605361541125,172.125,360.66749999999996,1878.661894725541
FARM-01838,Cotton,165.33,56.7,7233.85,319.74,598.0930842857144,151.95600000000002,159.87,542.53875,1452.4578342857144
FARM-01839,Rice,133.77,99.82,10799.36,379.83,483.92253000000005,267.5176,189.915,809.952,1751.3071300000001
FARM-01840,Rice,162.89,64.71,9917.73,486.84,589.26621,173.4228,243.42,743.82975,1749.93876
FARM-01841,Wheat,117.34,50.01,4067.09,,424.4858314285715,134.0268,,305.03175,
FARM-01842,Rice,171.72,80.47,9158.27,557.76,621.2093657142857,215.6596,278.88,686.87025,1802.6192157142855
FARM-01843,Maize,205.07,81.84,5125.0,390.01,741.8553728571429,219.33120000000002,195.005,384.375,1540.566572857143
FARM-01844,Rice,150.25,66.54,10476.89,401.25,543.5401071428572,178.32720000000003,200.625,785.7667499999999,1708.2590571428573
FARM-01845,Sugarcane,218.58,104.13,16047.67,668.12,790.7287628571429,279.0684,334.06,1203.5752499999999,2607.4324128571425
FARM-01846,Cotton,146.3,54.27,7392.89,276.09,529.2507,145.4436,138.045,554.46675,1367.2060500000002
FARM-01847,Wheat,130.25,47.28,4058.58,288.37,471.18867857142857,126.7104,144.185,304.39349999999996,1046.4775785714285
FARM-01848,Soybean,30.98,48.92,4100.81,166.6,112.07236285714288,131.1056,83.3,307.56075000000004,634.0387128571429
FARM-01849,Soybean,55.44,43.03,3416.09,174.25,200.55816000000004,115.3204,87.125,256.20675,659.21031
FARM-01850,Soybean,50.18,61.01,4015.89,210.14,181.5297342857143,163.5068,105.07,301.19174999999996,751.2982842857143
FARM-01851,Wheat,120.77,52.9,3627.31,170.86,436.89410142857145,141.772,85.43,272.04825,936.1443514285716
FARM-01852,Sugarcane,221.66,90.9,16743.28,385.93,801.8708828571429,243.61200000000002,192.965,1255.7459999999999,2494.193882857143
FARM-01853,Wheat,129.32,51.18,3270.97,213.21,467.8243371428572,137.16240000000002,106.605,245.32274999999998,956.9144871428573
FARM-01854,Sugarcane,239.36,109.44,18222.64,597.56,865.9018971428573,293.2992,298.78,1366.6979999999999,2824.6790971428572
FARM-01855,Soybean,39.92,35.42,3580.63,114.92,144.41345142857145,94.92560000000002,57.46,268.54725,565.3463014285715
FARM-01856,Sugarcane,205.31,121.45,16642.79,552.41,742.7235900000001,325.48600000000005,276.205,1248.20925,2592.62384
FARM-01857,Wheat,130.17,60.14,3670.77,262.74,470.8992728571428,161.17520000000002,131.37,275.30775,1038.752222857143
FARM-01858,Rice,159.85,88.74,9309.43,550.17,578.2687928571429,237.8232,275.085,698.20725,1789.384242857143
FARM-01859,Sugarcane,183.54,86.85,16837.67,424.17,663.96906,232.758,212.085,1262.8252499999999,2371.63731
FARM-01860,Maize,173.3,70.76,4775.44,223.61,626.9251285714286,189.63680000000002,111.805,358.15799999999996,1286.5249285714285
FARM-01861,Rice,160.16,84.5,11500.02,451.57,579.3902400000001,226.46,225.785,862.5015,1894.13674
FARM-01862,Sugarcane,189.76,130.01,18840.2,819.93,686.4703542857143,348.4268,409.965,1413.015,2857.8771542857144
FARM-01863,Cotton,128.45,73.3,7401.66,353.78,464.67705,196.44400000000002,176.89,555.1245,1393.13555
FARM-01864,Rice,144.71,75.51,11225.21,393.72,523.4987614285715,202.3668,196.86,841.8907499999999,1764.6163114285714
FARM-01865,Maize,190.68,87.42,4755.96,388.4,689.79852,234.28560000000002,194.2,356.697,1474.98112
FARM-01866,Rice,154.25,68.93,9896.59,302.02,558.0103928571428,184.73240000000004,151.01,742.24425,1635.9970428571428
FARM-01867,Rice,133.81,55.21,8689.85,289.42,484.0672328571429,147.96280000000002,144.71,651.73875,1428.478782857143
FARM-01868,Sugarcane,204.82,90.99,17993.55,461.03,740.9509800000001,243.8532,230.515,1349.51625,2564.83543
FARM-01869,Rice,143.1,84.72,8635.84,417.75,517.6744714285715,227.0496,208.875,647.688,1601.2870714285714
FARM-01870,Rice,168.58,66.46,10391.65,418.61,609.8501914285715,178.1128,209.305,779.37375,1776.6417414285715
FARM-01871,Cotton,146.58,53.18,6918.34,322.63,530.2636200000002,142.5224,161.315,518.8755,1352.9765200000002
FARM-01872,Sugarcane,229.69,95.81,17003.02,480.9,830.9199814285716,256.7708,240.45,1275.2265,2603.367281428572
FARM-01873,Soybean,34.01,39.87,3928.41,143.91,123.03360428571429,106.8516,71.955,294.63075,596.4709542857142
FARM-01874,Maize,163.38,67.01,5720.96,270.84,591.03882,179.5868,135.42,429.072,1335.11762
FARM-01875,Sugarcane,202.93,108.31,18165.89,691.34,734.1137699999999,290.2708,345.67,1362.44175,2732.49632
FARM-01876,Rice,154.22,77.85,11300.32,395.78,557.9018657142858,208.638,197.89,847.524,1811.9538657142857
FARM-01877,Wheat,126.35,52.85,4234.17,225.02,457.08015,141.638,112.51,317.56275,1028.7909
FARM-01878,Cotton,163.84,74.94,7969.99,413.12,592.7029028571428,200.8392,206.56,597.74925,1597.851352857143
FARM-01879,Sugarcane,188.28,,15705.88,725.04,681.1163485714286,,362.52,1177.9409999999998,
FARM-01880,Sugarcane,222.6,104.23,18558.82,752.75,805.2714,279.3364,376.375,1391.9115,2852.8943
FARM-01881,Soybean,34.85,76.89,4638.35,226.28,126.07236428571431,206.0652,113.14,347.87625,793.1538142857144
FARM-01882,Soybean,49.35,48.76,3662.24,,178.52715,130.67680000000001,,274.66799999999995,
FARM-01883,Sugarcane,208.66,96.91,19388.41,558.33,754.8424542857143,259.7188,279.165,1454.13075,2747.8570042857145
FARM-01884,Rice,538.8665610002929,79.99,9891.86,554.27,1949.3882748872024,214.3732,277.135,741.8895,3182.7859748872024
FARM-01885,Maize,191.74,55.94,4633.1,251.78,693.6331457142858,149.9192,125.89,347.4825,1316.9248457142858
FARM-01886,Wheat,113.73,43.63,3105.82,175.02,411.4263985714286,116.92840000000001,87.51,232.9365,848.8012985714286
FARM-01887,Wheat,119.48,63.52,4225.33,315.95,432.22743428571437,170.23360000000002,157.975,316.89975,1077.3357842857145
FARM-01888,Maize,186.17,81.61,5166.63,343.88,673.4832728571428,218.71480000000003,171.94,387.49725,1451.635322857143
FARM-01889,Maize,182.1,63.97,4709.14,373.87,658.7597571428571,171.4396,186.935,353.1855,1370.3198571428572
FARM-01890,Sugarcane,211.1,107.14,16756.96,454.06,763.6693285714284,287.1352,227.03,1256.772,2534.6065285714285
FARM-01891,Soybean,55.12,56.95,3786.36,221.89,199.40053714285716,152.626,110.945,283.977,746.948537142857
FARM-01892,Wheat,111.73,55.21,3546.82,234.51,404.1912557142857,147.96280000000002,117.255,266.0115,935.4205557142857
FARM-01893,Sugarcane,216.28,104.16,18504.46,562.42,782.4083485714286,279.1488,281.21,1387.8345,2730.6016485714285
FARM-01894,Cotton,172.74,78.13,7489.43,352.15,624.8992885714285,209.3884,176.075,561.70725,1572.0699385714288
FARM-01895,Sugarcane,230.6,76.58,18345.56,381.36,834.2119714285716,205.2344,190.68,1375.9170000000001,2606.043371428572
FARM-01896,Soybean,58.18,42.11,4393.22,181.54,210.47030571428576,112.85480000000001,90.77,329.49150000000003,743.5866057142857
FARM-01897,Sugarcane,217.77,94.61,17079.32,544.64,787.79853,253.5548,272.32,1280.9489999999998,2594.6223299999997
FARM-01898,Maize,190.84,74.55,5223.87,207.71,690.3773314285713,199.794,103.855,391.79024999999996,1385.8165814285712
FARM-01899,Wheat,123.46,44.39,3907.66,211.24,446.6253685714286,118.96520000000001,105.62,293.0745,964.2850685714286
FARM-01900,Rice,158.48,95.02,11407.02,363.85,573.3127200000001,254.6536,181.925,855.5265,1865.4178200000001
FARM-01901,Rice,149.42,64.71,9930.3,395.91,540.5375228571429,173.4228,197.955,744.7724999999999,1656.687822857143
FARM-01902,Cotton,153.86,52.0,7968.93,351.2,556.5995400000002,139.36,175.6,597.66975,1469.2292900000002
FARM-01903,Cotton,175.58,79.28,7093.55,401.41,635.1731914285715,212.4704,200.705,532.01625,1580.3648414285717
FARM-01904,Sugarcane,217.51,105.38,18058.6,510.04,786.8579614285713,282.4184,255.02,1354.3949999999998,2678.6913614285713
FARM-01905,Soybean,48.53,49.22,3960.93,182.88,175.56074142857148,131.9096,91.44,297.06975,695.9800914285715
FARM-01906,Rice,134.93,86.89,10132.58,478.66,488.1189128571429,232.86520000000002,239.33,759.9435,1720.257612857143
FARM-01907,Maize,200.65,78.52,5388.33,255.73,725.8657071428572,210.4336,127.865,404.12475,1468.2890571428572
FARM-01908,Maize,176.32,68.68,5253.08,242.85,637.8501942857145,184.06240000000003,121.425,393.981,1337.3185942857144
FARM-01909,Rice,168.87,85.63,10371.09,470.17,610.8992871428571,229.4884,235.085,777.8317499999999,1853.3044371428573
FARM-01910,Sugarcane,210.43,105.26,16784.76,647.91,761.2455557142858,282.09680000000003,323.955,1258.8569999999997,2626.154355714286
FARM-01911,Soybean,53.11,76.34,3773.84,235.03,192.1292185714286,204.59120000000001,117.515,283.038,797.2734185714286
FARM-01912,Soybean,36.37,50.04,12805.188895691272,226.14,131.57107285714284,134.1072,113.07,960.3891671768454,1339.1374400339882
FARM-01913,Maize,171.76,71.15,5515.46,261.61,621.3540685714287,190.68200000000002,130.805,413.6595,1356.5005685714286
FARM-01914,Wheat,116.71,40.86,10298.16448017302,197.64,422.20676142857144,109.5048,98.82,772.3623360129765,1402.8938974415478
FARM-01915,Cotton,147.33,58.49,8394.18,260.58,532.9767985714287,156.75320000000002,130.29,629.5635,1449.5834985714287
FARM-01916,Rice,148.8,90.71,11209.54,527.2,538.2946285714287,243.1028,263.6,840.7155,1885.7129285714288
FARM-01917,Sugarcane,233.58,119.39,15880.38,588.5,844.9923342857144,319.96520000000004,294.25,1191.0285,2650.2360342857146
FARM-01918,Cotton,148.02,56.91,7183.08,291.19,535.4729228571429,152.5188,145.595,538.731,1372.3177228571428
FARM-01919,Cotton,124.79,87.44,8247.79,491.6,451.43673857142863,234.3392,245.8,618.58425,1550.1601885714285
FARM-01920,Wheat,123.6,71.78,4308.09,316.64,447.1318285714286,192.37040000000002,158.32,323.10675,1120.9289785714286
FARM-01921,Sugarcane,206.36,95.88,17600.48,428.04,746.5220400000002,256.9584,214.02,1320.0359999999998,2537.53644
FARM-01922,Soybean,31.62,53.2,3504.03,231.57,114.38760857142859,142.57600000000002,115.785,262.80225,635.5508585714285
FARM-01923,Rice,157.37,68.16,9471.59,474.64,569.2972157142858,182.6688,237.32,710.36925,1699.6552657142859
FARM-01924,Wheat,131.01,57.0,4228.57,277.08,473.93803285714284,152.76000000000002,138.54,317.14275,1082.3807828571428
FARM-01925,Sugarcane,213.93,106.44,18325.2,612.74,773.9070557142858,285.2592,306.37,1374.39,2739.9262557142856
FARM-01926,Wheat,131.28,48.63,4103.98,177.4,474.9147771428572,130.32840000000002,88.7,307.79849999999993,1001.7416771428573
FARM-01927,Maize,202.08,58.0,4127.59,358.41,731.0388342857143,155.44,179.205,309.56925,1375.2530842857143
FARM-01928,Maize,211.49,57.56,5190.43,246.6,765.0801814285714,154.26080000000002,123.3,389.28225000000003,1431.9232314285714
FARM-01929,Maize,194.69,67.69,5607.15,301.5,704.3049814285714,181.4092,150.75,420.53624999999994,1457.0004314285713
FARM-01930,Wheat,129.24,66.25,4386.11,208.65,467.53493142857155,177.55,104.325,328.95824999999996,1078.3681814285715
FARM-01931,Wheat,137.83,59.44,3882.55,243.38,498.6098700000001,159.2992,121.69,291.19125,1070.7903200000003
FARM-01932,Soybean,43.43,55.73,4354.92,355.15,157.11112714285713,149.3564,177.575,326.61899999999997,810.661527142857
FARM-01933,Soybean,33.32,87.54,,272.72,120.53748000000002,234.60720000000003,136.36,,
FARM-01934,Cotton,141.99,61.28,7540.89,314.61,513.6589671428573,164.2304,157.305,565.56675,1400.7611171428573
FARM-01935,Rice,153.15,84.63,9329.05,533.61,554.0310642857144,226.8084,266.805,699.6787499999999,1747.3232142857141
FARM-01936,Rice,128.6,89.74,8664.59,619.94,465.21968571428573,240.5032,309.97,649.84425,1665.5371357142858
FARM-01937,Soybean,46.23,60.56,3964.19,276.87,167.24032714285713,162.3008,138.435,297.31425,765.2903771428571
FARM-01938,Wheat,132.4,53.94,3585.9,199.09,478.96645714285717,144.5592,99.545,268.9425,992.0131571428572
FARM-01939,Maize,158.6,69.97,5528.83,383.9,573.7468285714286,187.5196,191.95,414.66225,1367.8786785714287
FARM-01940,Sugarcane,228.39,103.76,18616.1,724.24,826.2171385714286,278.07680000000005,362.12,1396.2074999999998,2862.6214385714284
FARM-01941,Sugarcane,225.13,87.91,16395.22,437.02,814.4238557142858,235.5988,218.51,1229.6415,2498.174155714286
FARM-01942,Wheat,131.2,41.85,4463.64,177.22,474.6253714285714,112.15800000000002,88.61,334.773,1010.1663714285714
FARM-01943,Sugarcane,211.97,103.73,15985.44,521.01,766.8166157142858,277.99640000000005,260.505,1198.908,2504.226015714286
FARM-01944,Rice,135.36,87.21,9228.7,406.19,489.67446857142863,233.7228,203.095,692.1525,1618.6447685714288
FARM-01945,Maize,158.23,59.37,5882.63,263.79,572.4083271428572,159.1116,131.895,441.19725,1304.612177142857
FARM-01946,Wheat,140.41,51.13,4311.05,205.79,507.9432042857143,137.0284,102.895,323.32875,1071.1953542857143
FARM-01947,Cotton,167.14,62.14,6954.05,339.28,604.6408885714286,166.5352,169.64,521.55375,1462.3698385714288
FARM-01948,Sugarcane,219.2,93.9,17260.78,424.34,792.9716571428571,251.65200000000004,212.17,1294.5584999999999,2551.3521571428573
FARM-01949,Rice,145.69,55.62,9953.87,328.11,527.0439814285714,149.0616,164.055,746.54025,1586.7008314285715
FARM-01950,Rice,143.77,70.67,8941.17,400.52,520.0982442857144,189.3956,200.26,670.58775,1580.3415942857146
FARM-01951,Soybean,32.75,40.25,,190.37,118.4754642857143,107.87,95.185,,
FARM-01952,Sugarcane,242.46,109.07,16372.03,612.24,877.1163685714287,292.3076,306.12,1227.90225,2703.4462185714287
FARM-01953,Maize,183.99,49.93,5096.85,225.74,665.5969671428572,133.8124,112.87,382.26375,1294.5431171428572
FARM-01954,Rice,132.2,71.68,10380.78,528.02,478.24294285714285,192.10240000000002,264.01,778.5585,1712.9138428571428
FARM-01955,Cotton,167.32,57.46,7279.33,270.34,605.2920514285715,153.99280000000002,135.17,545.94975,1440.4046014285714
FARM-01956,Cotton,168.58,85.84,7625.01,467.8,609.8501914285715,230.05120000000002,233.9,571.87575,1645.6771414285718
FARM-01957,Maize,180.15,81.09,5416.87,261.48,651.7054928571429,217.32120000000003,130.74,406.26525,1406.031942857143
FARM-01958,Cotton,152.5,83.63,7440.21,392.84,551.6796428571429,224.1284,196.42,558.01575,1530.243792857143
FARM-01959,Wheat,135.74,68.71,3885.67,218.32,491.04914571428577,184.1428,109.16,291.42525,1075.7771957142859
FARM-01960,Sugarcane,197.45,93.2,16814.04,559.94,714.2894785714286,249.776,279.97,1261.053,2505.088478571429
FARM-01961,Maize,169.82,60.93,4925.07,254.67,614.33598,163.29240000000001,127.335,369.38025,1274.34363
FARM-01962,Maize,185.31,55.28,4167.65,284.05,670.3721614285715,148.15040000000002,142.025,312.57374999999996,1273.1213114285715
FARM-01963,Maize,187.5,88.55,5421.24,404.71,678.2946428571429,237.314,202.355,406.59299999999996,1524.5566428571428
FARM-01964,Rice,143.29,91.67,9601.83,545.74,518.36181,245.67560000000003,272.87,720.13725,1757.04466
FARM-01965,Soybean,55.42,59.55,3574.7,259.8,200.4858085714286,159.594,129.9,268.10249999999996,758.0823085714286
FARM-01966,Soybean,42.92,46.89,4059.29,210.7,155.26616571428573,125.66520000000001,105.35,304.44675,690.7281157142857
FARM-01967,Sugarcane,224.28,61.21,17242.27,320.62,811.3489200000001,164.0428,160.31,1293.17025,2428.87197
FARM-01968,Rice,,76.65,10848.03,491.89,,205.42200000000003,245.945,813.60225,
FARM-01969,Soybean,55.1,67.08,3471.35,285.62,199.32818571428572,179.7744,142.81,260.35125,782.2638357142857
FARM-01970,Wheat,129.72,45.23,3993.9,226.75,469.2713657142857,121.2164,113.375,299.5425,1003.4052657142857
FARM-01971,Cotton,153.71,56.69,21757.75233836312,259.75,556.0569042857144,151.9292,129.875,1631.831425377234,2469.6925296629483
FARM-01972,Rice,128.73,58.8,10736.94,258.0,465.68997,157.584,129.0,805.2705,1557.5444699999998
FARM-01973,Soybean,57.91,40.63,4350.12,215.31,209.49356142857144,108.88840000000002,107.655,326.25899999999996,752.2959614285714
FARM-01974,Cotton,133.75,50.39,8101.97,219.47,483.85017857142867,135.04520000000002,109.735,607.64775,1336.2781285714286
FARM-01975,Rice,125.14,87.99,9111.48,366.0,452.7028885714286,235.8132,183.0,683.361,1554.8770885714284
FARM-01976,Maize,170.67,77.6,4954.96,402.63,617.4109157142857,207.968,201.315,371.622,1398.3159157142857
FARM-01977,Rice,140.46,74.3,10164.74,344.8,508.124082857143,199.124,172.4,762.3555,1642.003582857143
FARM-01978,Cotton,156.36,81.07,7364.52,399.33,565.6434685714286,217.2676,199.665,552.339,1534.9150685714285
FARM-01979,Sugarcane,209.91,94.12,17228.18,563.8,759.3644185714286,252.24160000000003,281.9,1292.1135,2585.6195185714287
FARM-01980,Maize,185.37,86.04,5287.65,357.0,670.5892157142857,230.58720000000002,178.5,396.57374999999996,1476.2501657142857
FARM-01981,Soybean,54.31,64.91,3751.75,297.5,196.4703042857143,173.9588,148.75,281.38124999999997,800.5603542857143
FARM-01982,Wheat,120.75,53.99,3545.37,252.3,436.82175,144.69320000000002,126.15,265.90274999999997,973.5677
FARM-01983,Soybean,39.86,57.08,3689.44,238.32,144.19639714285714,152.9744,119.16,276.70799999999997,693.0387971428571
FARM-01984,Rice,165.56,84.62,10251.38,468.94,598.9251257142857,226.78160000000003,234.47,768.8534999999999,1829.0302257142857
FARM-01985,Cotton,134.58,,7273.69,329.23,486.852762857143,,164.615,545.52675,
FARM-01986,Soybean,43.65,36.03,4182.97,179.17,157.90699285714288,96.56040000000002,89.585,313.72275,657.7751428571429
FARM-01987,Wheat,125.0,60.33,3702.72,214.72,452.1964285714286,161.6844,107.36,277.70399999999995,998.9448285714286
FARM-01988,Sugarcane,239.58,94.45,19133.83,499.83,866.6977628571431,253.12600000000003,249.915,1435.03725,2804.776012857143
FARM-01989,Wheat,109.17,48.16,3478.32,269.32,394.9302728571429,129.0688,134.66,260.874,919.5330728571429
FARM-01990,Rice,144.72,65.42,9350.16,462.54,523.5349371428572,175.3256,231.27,701.262,1631.3925371428572
FARM-01991,Wheat,107.75,57.44,4357.94,231.21,389.79332142857146,153.9392,115.605,326.84549999999996,986.1830214285715
FARM-01992,Sugarcane,235.27,119.23,18141.74,568.86,851.1060300000001,319.5364,284.43,1360.6305,2815.7029300000004
FARM-01993,Soybean,53.31,58.02,3877.83,201.11,192.85273285714285,155.49360000000001,100.555,290.83725,739.7385828571429
FARM-01994,Cotton,160.76,63.19,6317.6,366.82,581.5607828571428,169.3492,183.41,473.82,1408.1399828571427
FARM-01995,Cotton,139.24,78.07,8834.87,419.36,503.7106457142859,209.2276,209.68,662.6152500000001,1585.233495714286
FARM-01996,Maize,181.49,76.83,4815.16,378.31,656.5530385714287,205.9044,189.155,361.137,1412.7494385714288
FARM-01997,Wheat,133.6,59.38,4004.68,279.13,483.3075428571429,159.13840000000002,139.565,300.351,1082.3619428571428
FARM-01998,Cotton,138.79,79.62,6547.79,350.8,502.08273857142865,213.38160000000002,175.4,491.08425,1381.9485885714287
FARM-01999,Rice,142.49,51.65,10040.56,358.25,515.4677528571428,138.422,179.125,753.0419999999999,1586.0567528571428
FARM-02000,Soybean,50.5,48.53,3741.3,236.96,182.68735714285714,130.06040000000002,118.48,280.5975,711.8252571428573
FARM-02001,Wheat,133.55,61.73,4173.65,,483.12666428571436,165.4364,,313.02374999999995,
FARM-02002,Cotton,143.63,51.85,,346.47,519.5917842857143,138.958,173.235,,
FARM-02003,Wheat,117.85,62.62,4090.48,296.51,426.33079285714285,167.8216,148.255,306.786,1049.1933928571427
FARM-02004,Rice,134.86,97.85,11000.34,446.35,487.86568285714293,262.238,223.175,825.0255,1798.304182857143
FARM-02005,Sugarcane,192.6,128.04,17636.8,676.47,696.7442571428571,343.1472,338.235,1322.76,2700.8864571428576
FARM-02006,Cotton,130.71,57.68,7184.18,269.39,472.8527614285715,154.5824,134.695,538.8135,1300.9436614285714
FARM-02007,Maize,179.07,91.58,5025.47,375.07,647.7985157142857,245.4344,187.535,376.91025,1457.6781657142856
FARM-02008,Cotton,164.37,59.74,7428.28,330.5,594.6202157142857,160.10320000000002,165.25,557.121,1477.0944157142858
FARM-02009,Maize,203.98,78.26,5718.5,334.22,737.91222,209.73680000000002,167.11,428.8875,1543.64652
FARM-02010,Cotton,135.22,70.16,7427.86,,489.1680085714286,188.0288,,557.0894999999999,
FARM-02011,Wheat,441.9942447456521,59.28,3166.42,175.94,1598.9457513848783,158.87040000000002,87.97,237.48149999999998,2083.2676513848783
FARM-02012,Cotton,156.95,58.1,8249.06,252.87,567.7778357142857,155.70800000000003,126.435,618.6795,1468.6003357142856
FARM-02013,Wheat,109.83,40.59,4150.77,193.84,397.31786999999997,108.78120000000001,96.92,311.30775,914.32682
FARM-02014,Soybean,45.82,68.26,3783.22,308.39,165.75712285714286,182.93680000000003,154.195,283.7415,786.6304228571428
FARM-02015,Sugarcane,243.68,83.84,16553.51,596.52,881.5298057142859,224.6912,298.26,1241.5132499999997,2645.994255714286
FARM-02016,Soybean,43.49,66.46,4468.9,,157.32818142857144,178.1128,,335.16749999999996,
FARM-02017,Maize,185.23,73.2,4341.11,302.61,670.0827557142857,196.17600000000002,151.305,325.58324999999996,1343.1470057142856
FARM-02018,Cotton,157.27,54.33,7519.43,372.1,568.9354585714286,145.6044,186.05,563.95725,1464.5471085714285
FARM-02019,Wheat,107.07,53.43,4032.01,259.9,387.3333728571429,143.19240000000002,129.95,302.40075,962.8765228571428
FARM-02020,Cotton,147.42,40.35,7903.63,232.42,533.30238,108.138,116.21,592.77225,1350.42263
FARM-02021,Sugarcane,209.23,103.98,18328.65,693.71,756.90447,278.6664,346.855,1374.64875,2757.0746200000003
FARM-02022,Cotton,129.36,70.43,8095.19,436.89,467.9690400000001,188.75240000000002,218.445,607.13925,1482.3056900000001
FARM-02023,Soybean,37.86,42.92,4363.0,234.08,136.9612542857143,115.02560000000001,117.04,327.22499999999997,696.2518542857142
FARM-02024,Maize,190.53,79.87,4961.89,344.4,689.2558842857143,214.05160000000004,172.2,372.14175,1447.6492342857143
FARM-02025,Wheat,146.93,56.86,3694.95,301.82,531.52977,152.3848,150.91,277.12125,1111.94582
FARM-02026,Soybean,52.59,48.63,3165.75,264.62,190.24808142857142,130.32840000000002,132.31,237.43124999999998,690.3177314285715
FARM-02027,Sugarcane,196.74,250.36492724215032,17163.54,413.72,711.7210028571429,670.9780050089629,206.86,1287.2655,2876.8245078661057
FARM-02028,Rice,144.51,84.62,9227.92,497.01,522.7752471428571,226.78160000000003,248.505,692.0939999999999,1690.155847142857
FARM-02029,Wheat,405.27535149896016,61.1,3844.74,176.06,1466.1125322868813,163.74800000000002,88.03,288.35549999999995,2006.2460322868812
FARM-02030,Soybean,42.47,69.44,3995.58,317.46,153.6382585714286,186.0992,158.73,299.6685,798.1359585714285
FARM-02031,Wheat,114.76,47.9,3922.54,165.09,415.1524971428572,128.372,82.545,294.1905,920.2599971428572
FARM-02032,Sugarcane,224.95,156.0,17594.51,573.37,813.7726928571428,418.08000000000004,286.685,1319.5882499999998,2838.1259428571425
FARM-02033,Sugarcane,231.19,107.44,15385.79,697.19,836.3463385714285,287.9392,348.595,1153.93425,2626.814788571429
FARM-02034,Maize,182.85,70.44,5199.73,376.0,661.4729357142858,188.7792,188.0,389.97974999999997,1428.2318857142857
FARM-02035,Sugarcane,231.98,112.13,16741.27,488.39,839.2042200000001,300.5084,244.195,1255.59525,2639.5028700000003
FARM-02036,Cotton,131.3,53.93,7306.81,338.08,474.9871285714287,144.5324,169.04,548.01075,1336.5702785714288
FARM-02037,Soybean,34.13,51.0,3115.79,195.81,123.46771285714289,136.68,97.905,233.68425,591.7369628571429
FARM-02038,Wheat,133.31,60.12,3497.8,248.94,482.2584471428572,161.1216,124.47,262.335,1030.1850471428572
FARM-02039,Cotton,126.25,71.8,6764.88,364.33,456.7183928571429,192.424,182.165,507.366,1338.673392857143
FARM-02040,Rice,140.83,60.81,9772.95,395.38,509.46258428571434,162.97080000000003,197.69,732.97125,1603.0946342857144
FARM-02041,Maize,175.31,56.96,4748.37,263.8,634.1964471428572,152.6528,131.9,356.12775,1274.8769971428571
FARM-02042,Rice,133.17,96.29,11894.53,497.2,481.7519871428571,258.0572,248.6,892.08975,1880.4989371428571
FARM-02043,Rice,137.21,79.68,10008.37,612.55,496.3669757142858,213.54240000000004,306.275,750.62775,1766.8121257142857
FARM-02044,Soybean,49.03,60.93,3471.15,225.63,177.36952714285718,163.29240000000001,112.815,260.33625,713.8131771428572
FARM-02045,Soybean,39.49,56.99,4252.15,203.89,142.85789571428575,152.7332,101.945,318.91124999999994,716.4473457142857
FARM-02046,Soybean,55.19,50.51,4471.92,181.33,199.65376714285713,135.3668,90.665,335.394,761.0795671428572
FARM-02047,Wheat,119.74,52.75,3739.38,310.76,433.1680028571428,141.37,155.38,280.4535,1010.3715028571428
FARM-02048,Wheat,115.37,61.58,4297.3,231.91,417.3592157142858,165.0344,115.955,322.2975,1020.6461157142859
FARM-02049,Maize,161.73,91.28,4310.78,360.75,585.0698271428571,244.6304,180.375,323.3085,1333.383727142857
FARM-02050,Cotton,160.13,63.9,6679.36,905.7521828525548,579.2817128571429,171.252,452.8760914262774,500.95199999999994,1704.3618042834203
FARM-02051,Cotton,150.99,65.38,7780.3,326.84,546.21711,175.2184,163.42,583.5225,1468.37801
FARM-02052,Cotton,,66.19,8128.27,381.24,,177.38920000000002,190.62,609.62025,
FARM-02053,Soybean,38.73,53.15,4733.06,182.16,140.1085414285714,142.442,91.08,354.97950000000003,728.6100414285714
FARM-02054,Wheat,125.77,58.53,3724.62,207.17,454.98195857142855,156.8604,103.585,279.3465,994.7738585714286
FARM-02055,Soybean,48.28,63.57,4681.57,236.55,174.65634857142857,170.3676,118.275,351.11774999999994,814.4166985714285
FARM-02056,Cotton,151.62,46.13,6867.42,,548.4961800000001,123.62840000000001,,515.0565,
FARM-02057,Wheat,122.93,43.96,3667.37,153.62,444.7080557142857,117.81280000000001,76.81,275.05275,914.3836057142857
FARM-02058,Rice,149.82,52.28,9313.0,344.66,541.9845514285714,140.1104,172.33,698.475,1552.8999514285715
FARM-02059,Rice,162.5,75.69,10810.46,451.96,587.8553571428572,202.8492,225.98,810.7844999999999,1827.469057142857
FARM-02060,Maize,422.5363390847632,72.63,4648.87,277.7,1528.5553878062083,194.6484,138.85,348.66524999999996,2210.7190378062082
FARM-02061,Cotton,155.94,61.28,8123.85,358.0,564.1240885714285,164.2304,179.0,609.28875,1516.6432385714286
FARM-02062,Maize,188.04,63.2,18852.02591466123,206.31,680.2481314285715,169.376,103.155,1413.9019435995922,2366.681075028164
FARM-02063,Soybean,53.91,56.72,4287.13,176.7,195.02327571428572,152.0096,88.35,321.53475,756.9176257142858
FARM-02064,Rice,172.55,73.54,10865.71,411.9,624.2119500000001,197.08720000000002,205.95,814.9282499999999,1842.1774
FARM-02065,Maize,185.96,63.83,4667.78,331.85,672.7235828571429,171.0644,165.925,350.08349999999996,1359.7964828571428
FARM-02066,Sugarcane,226.76,109.52,17316.15,490.23,820.3204971428572,293.5136,245.115,1298.71125,2657.660347142857
FARM-02067,Sugarcane,196.7,110.53,15979.4,490.05,711.5763,296.22040000000004,245.025,1198.455,2451.2767
FARM-02068,Wheat,106.85,61.64,3877.69,185.05,386.5375071428571,165.1952,92.525,290.82675,935.0844571428572
FARM-02069,Cotton,125.16,66.19,7814.31,334.5,452.77524,177.38920000000002,167.25,586.07325,1383.48769
FARM-02070,Cotton,158.05,80.0,7033.08,344.65,571.7571642857142,214.4,172.325,527.481,1485.9631642857141
FARM-02071,Wheat,121.59,44.14,4526.1,252.31,439.8605100000001,118.29520000000001,126.155,339.45750000000004,1023.7682100000002
FARM-02072,Rice,135.89,55.35,8876.79,386.54,491.59178142857144,148.33800000000002,193.27,665.7592500000001,1498.9590314285715
FARM-02073,Maize,170.1,49.27,5197.31,195.88,615.3489,132.04360000000003,97.94,389.79825,1235.13075
FARM-02074,Wheat,108.48,,4482.3,237.85,392.43414857142864,,118.925,336.1725,
FARM-02075,Maize,193.7,94.11,5162.27,343.56,700.7235857142857,252.21480000000003,171.78,387.17025,1511.8886357142856
FARM-02076,Cotton,143.03,78.73,8104.69,471.28,517.4212414285714,210.99640000000002,235.64,607.8517499999999,1571.9093914285713
FARM-02077,Sugarcane,226.83,93.73,17436.22,1872.335863721858,820.5737271428573,251.19640000000004,936.167931860929,1307.7165,3315.6545590037863
FARM-02078,Maize,177.91,48.87,4607.98,220.19,643.6021328571428,130.9716,110.095,345.59849999999994,1230.2672328571427
FARM-02079,Maize,202.49,59.37,4636.72,223.9,732.5220385714287,159.1116,111.95,347.754,1351.3376385714287
FARM-02080,Wheat,138.23,53.58,3399.42,176.24,500.0568985714285,143.5944,88.12,254.9565,986.7277985714285
FARM-02081,Cotton,157.34,71.37,7716.06,272.64,569.1886885714287,191.27160000000003,136.32,578.7045,1475.4847885714287
FARM-02082,Soybean,49.43,59.06,4078.66,286.02,178.8165557142857,158.28080000000003,143.01,305.8995,786.0068557142857
FARM-02083,Rice,135.86,69.2,11339.82,380.61,491.48325428571434,185.45600000000002,190.305,850.4865,1717.7307542857143
FARM-02084,Cotton,147.22,75.88,6719.86,421.47,532.5788657142857,203.3584,210.735,503.98949999999996,1450.6617657142856
FARM-02085,Maize,162.79,104.64,4220.98,327.92,588.9044528571428,280.4352,163.96,316.57349999999997,1349.8731528571427
FARM-02086,Maize,188.08,65.61,5466.16,380.04,680.3928342857143,175.8348,190.02,409.962,1456.2096342857144
FARM-02087,Rice,151.51,74.39,10298.09,456.9,548.0982471428572,199.36520000000002,228.45,772.35675,1748.2701971428573
FARM-02088,Rice,140.33,76.71,8629.03,422.87,507.65379857142875,205.5828,211.435,647.1772500000001,1571.8488485714288
FARM-02089,Wheat,128.96,39.23,4256.76,160.92,466.52201142857143,105.1364,80.46,319.257,971.3754114285714
FARM-02090,Wheat,123.85,56.51,3088.84,180.48,448.03622142857137,151.4468,90.24,231.663,921.3860214285714
FARM-02091,Rice,133.41,70.66,10057.92,348.57,482.6202042857143,189.3688,174.285,754.3439999999999,1600.618004285714
FARM-02092,Rice,148.86,51.56,11238.45,331.46,538.511682857143,138.1808,165.73,842.8837500000001,1685.3062328571432
FARM-02093,Wheat,112.22,55.44,3935.85,292.15,405.9638657142857,148.57920000000001,146.075,295.18874999999997,995.8068157142857
FARM-02094,Maize,191.62,49.66,4428.31,234.83,693.1990371428572,133.0888,117.415,332.12325000000004,1275.8260871428572
FARM-02095,Wheat,130.74,55.58,4783.4,254.53,472.96128857142867,148.9544,127.265,358.75499999999994,1107.9356885714285
FARM-02096,Cotton,124.12,44.45,6841.01,316.42,449.01296571428577,119.12600000000002,158.21,513.07575,1239.4247157142859
FARM-02097,Wheat,120.4,66.27,3537.75,217.28,435.5556000000001,177.6036,108.64,265.33125,987.1304500000001
FARM-02098,Rice,147.1,88.31,11313.42,450.58,532.1447571428571,236.6708,225.29,848.5065,1842.6120571428569
FARM-02099,Wheat,132.68,75.96,3383.7,293.68,479.97937714285723,203.5728,146.84,253.77749999999997,1084.1696771428572
FARM-02100,Cotton,159.97,76.59,8606.4,447.66,578.7029014285715,205.26120000000003,223.83,645.4799999999999,1653.2741014285716
FARM-02101,Soybean,54.93,73.29,3961.8,324.87,198.71319857142856,196.41720000000004,162.435,297.135,854.7003985714287
FARM-02102,Maize,196.61,77.43,4994.84,364.07,711.2507185714286,207.51240000000004,182.035,374.613,1475.4111185714287
FARM-02103,Cotton,159.32,74.48,8467.6,318.99,576.35148,199.60640000000004,159.495,635.07,1570.52288
FARM-02104,Wheat,121.33,43.85,3839.92,158.14,438.9199414285715,117.51800000000001,79.07,287.99399999999997,923.5019414285714
FARM-02105,Rice,152.54,101.61,10822.24,504.74,551.8243457142858,272.3148,252.37,811.668,1888.1771457142859
FARM-02106,Wheat,125.02,53.49,4750.26,257.29,452.26878,143.35320000000002,128.645,356.2695,1080.53648
FARM-02107,Soybean,48.63,66.88,4156.88,323.99,175.9224985714286,179.23839999999998,161.995,311.766,828.9218985714285
FARM-02108,Sugarcane,200.75,83.55,18332.08,479.4,726.2274642857143,223.91400000000002,239.7,1374.9060000000002,2564.747464285714
FARM-02109,Maize,,63.84,4478.42,308.46,,171.09120000000001,154.23,335.8815,
FARM-02110,Wheat,106.15,65.71,4769.05,223.57,384.0052071428572,176.1028,111.785,357.67875,1029.5717571428572
FARM-02111,Sugarcane,229.39,93.13,17928.46,493.14,829.83471,249.5884,246.57,1344.6345,2670.6276099999995
FARM-02112,Sugarcane,216.54,132.85,18170.73,773.31,783.3489171428571,356.038,386.655,1362.80475,2888.846667142857
FARM-02113,Rice,131.0,99.34,10571.07,507.48,473.9018571428572,266.2312,253.74,792.83025,1786.7033071428573
FARM-02114,Rice,165.98,78.86,10590.01,443.59,600.4445057142857,211.34480000000002,221.795,794.25075,1827.8350557142858
FARM-02115,Soybean,43.98,35.55,4241.76,167.63,159.10079142857143,95.274,83.815,318.132,656.3217914285715
FARM-02116,Maize,192.73,61.43,4798.85,335.88,697.2145414285715,164.63240000000002,167.94,359.91375,1389.7006914285714
FARM-02117,Soybean,41.43,78.07,4607.02,319.14,149.8759842857143,209.2276,159.57,345.5265,864.2000842857142
FARM-02118,Rice,165.0,94.02,10965.18,602.04,596.8992857142857,251.9736,301.02,822.3885,1972.2813857142858
FARM-02119,Rice,133.53,86.92,10140.83,437.99,483.0543128571429,232.9456,218.995,760.56225,1695.5571628571429
FARM-02120,Sugarcane,227.59,91.75,17681.4,476.93,823.3230814285715,245.89000000000001,238.465,1326.105,2633.7830814285717
FARM-02121,Rice,377.661608190884,82.24,8754.95,500.1,1366.2178434596794,220.4032,250.05,656.62125,2493.2922934596795
FARM-02122,Cotton,139.82,75.41,6932.11,329.27,505.8088371428571,202.0988,164.635,519.90825,1392.450887142857
FARM-02123,Cotton,147.25,72.72,7758.26,305.41,532.6873928571429,194.8896,152.705,581.8695,1462.1514928571428
FARM-02124,Sugarcane,215.25,84.09,15639.97,448.71,778.6822500000001,225.36120000000003,224.355,1172.99775,2401.3962
FARM-02125,Sugarcane,211.03,87.52,16298.17,496.35,763.4160985714286,234.55360000000002,248.175,1222.36275,2468.5074485714285
FARM-02126,Rice,129.99,82.64,11517.38,480.46,470.2481100000001,221.4752,240.23,863.8034999999999,1795.7568099999999
FARM-02127,Maize,179.67,67.78,4922.35,228.72,649.9690585714286,181.65040000000002,114.36,369.17625000000004,1315.1557085714287
FARM-02128,Sugarcane,227.32,69.59,15584.33,362.67,822.3463371428571,186.5012,181.335,1168.82475,2359.0072871428574
FARM-02129,Cotton,164.95,60.51,7332.53,277.66,596.7184071428571,162.1668,138.83,549.93975,1447.6549571428573
FARM-02130,Cotton,162.35,49.82,7612.19,264.02,587.3127214285714,133.51760000000002,132.01,570.9142499999999,1423.7545714285714
FARM-02131,Rice,139.09,97.38,9839.13,516.71,503.16801000000004,260.9784,258.355,737.9347499999999,1760.43616
FARM-02132,Wheat,131.54,51.64,4034.89,196.89,475.85534571428576,138.39520000000002,98.445,302.61674999999997,1015.3122957142857
FARM-02133,Rice,541.0386159895753,76.08,8092.41,454.82,1957.2458389577166,203.89440000000002,227.41,606.93075,2995.4809889577164
FARM-02134,Cotton,132.62,60.85,7985.77,490.28,479.76232285714286,163.078,245.14,598.93275,1486.9130728571429
FARM-02135,Rice,137.34,64.91,10880.44,413.69,496.83726,173.9588,206.845,816.033,1693.67406
FARM-02136,Soybean,43.69,55.14,3511.62,229.19,158.05169571428573,147.7752,114.595,263.37149999999997,683.7933957142857
FARM-02137,Rice,136.16,75.06,,463.58,492.5685257142857,201.16080000000002,231.79,,
FARM-02138,Cotton,153.63,53.75,8187.36,338.51,555.7674985714285,144.05,169.255,614.0519999999999,1483.1244985714284
FARM-02139,Rice,136.47,93.42,9873.65,635.59,493.6899728571429,250.36560000000003,317.795,740.52375,1802.374322857143
FARM-02140,Cotton,174.49,85.63,7969.49,522.18,631.2300385714287,229.4884,261.09,597.7117499999999,1719.5201885714287
FARM-02141,Sugarcane,236.84,103.69,18344.13,536.22,856.7856171428573,277.8892,268.11,1375.8097500000001,2778.594567142857
FARM-02142,Maize,207.45,80.71,5439.29,378.38,750.4651928571428,216.3028,189.19,407.94675,1563.904742857143
FARM-02143,Cotton,134.16,55.97,7040.12,355.22,485.3333828571429,149.99960000000002,177.61,528.009,1340.9519828571429
FARM-02144,Maize,179.27,55.87,4345.4,309.72,648.5220300000001,149.73160000000001,154.86,325.905,1279.01863
FARM-02145,Rice,146.88,66.32,9458.85,356.97,531.3488914285715,177.7376,178.485,709.41375,1596.9852414285715
FARM-02146,Rice,148.09,71.79,11002.16,423.14,535.7261528571429,192.39720000000003,211.57,825.1619999999999,1764.8553528571429
FARM-02147,Sugarcane,229.26,97.19,18137.89,413.9,829.3644257142856,260.4692,206.95,1360.3417499999998,2657.1253757142854
FARM-02148,Maize,172.0,75.96,4420.34,230.61,622.2222857142858,203.5728,115.305,331.5255,1272.6255857142858
FARM-02149,Maize,181.15,49.77,5548.67,223.99,655.3230642857143,133.38360000000003,111.995,416.15024999999997,1316.8519142857142
FARM-02150,Wheat,120.98,46.9,3968.13,194.36,437.6537914285715,125.69200000000001,97.18,297.60975,958.1355414285715
FARM-02151,Wheat,126.68,60.27,4068.24,327.22,458.2739485714286,161.52360000000002,163.61,305.118,1088.5255485714285
FARM-02152,Sugarcane,193.06,100.84,16162.96,446.31,698.4083400000001,270.25120000000004,223.155,1212.222,2404.03654
FARM-02153,Wheat,129.61,62.86,4244.09,192.27,468.8734328571429,168.4648,96.135,318.30675,1051.7799828571428
FARM-02154,Sugarcane,230.91,127.73,16719.95,705.34,835.3334185714286,342.31640000000004,352.67,1253.99625,2784.3160685714283
FARM-02155,Maize,189.16,71.55,5215.75,253.2,684.2998114285714,191.754,126.6,391.18125,1393.8350614285714
FARM-02156,Rice,145.68,84.16,8555.28,310.72,527.007805714286,225.5488,155.36,641.6460000000001,1549.562605714286
FARM-02157,Maize,182.19,60.87,4826.55,223.49,659.0853385714286,163.1316,111.745,361.99125,1295.9531885714284
FARM-02158,Wheat,102.7,58.26,3768.52,176.08,371.52458571428576,156.1368,88.04,282.639,898.3403857142857
FARM-02159,Cotton,,52.3,,293.14,,140.164,146.57,,
FARM-02160,Sugarcane,227.2,118.41,18715.95,675.11,821.9122285714286,317.3388,337.555,1403.69625,2880.5022785714286
FARM-02161,Sugarcane,227.55,95.51,16826.49,623.05,823.1783785714287,255.96680000000003,311.525,1261.98675,2652.6569285714286
FARM-02162,Soybean,55.53,49.99,4030.82,289.73,200.88374142857145,133.97320000000002,144.865,302.3115,782.0334414285715
FARM-02163,Soybean,168.8129076398232,56.0,3970.43,212.59,610.6927514518919,150.08,106.295,297.78225,1164.8500014518918
FARM-02164,Sugarcane,213.58,94.75,17391.77,468.08,772.6409057142857,253.93,234.04,1304.38275,2564.9936557142855
FARM-02165,Soybean,38.98,47.64,4357.55,,141.01293428571427,127.6752,,326.81625,
FARM-02166,Cotton,161.44,48.94,7917.17,237.21,584.0207314285715,131.1592,118.605,593.78775,1427.5726814285715
FARM-02167,Maize,207.32,73.05,5097.96,238.61,749.9949085714286,195.774,119.305,382.347,1447.4209085714285
FARM-02168,Rice,154.35,76.4,,400.25,558.37215,204.75200000000004,200.125,,
FARM-02169,Sugarcane,196.94,104.57,18035.03,594.16,712.4445171428572,280.2476,297.08,1352.6272499999998,2642.399367142857
FARM-02170,Maize,182.48,38.12,4929.48,247.05,660.1344342857142,102.16159999999999,123.525,369.71099999999996,1255.5320342857142
FARM-02171,Maize,179.84,115.8,4407.02,426.59,650.5840457142857,310.344,213.295,330.5265,1504.7495457142857
FARM-02172,Maize,184.8,70.38,5448.12,301.65,668.5272000000001,188.6184,150.825,408.609,1416.5796
FARM-02173,Rice,161.24,77.88,9727.57,514.16,583.2972171428571,208.7184,257.08,729.5677499999999,1778.663367142857
FARM-02174,Cotton,139.05,85.74,6707.26,425.18,503.0233071428572,229.7832,212.59,503.04449999999997,1448.4410071428572
FARM-02175,Maize,211.28,73.11,5326.75,305.52,764.3204914285714,195.93480000000002,152.76,399.50624999999997,1512.5215414285713
FARM-02176,Cotton,169.31,37.53,6689.49,193.09,612.4910185714286,100.58040000000001,96.545,501.71174999999994,1311.3281685714287
FARM-02177,Maize,203.3,65.07,4673.03,309.5,735.4522714285715,174.3876,154.75,350.47724999999997,1415.0671214285715
FARM-02178,Sugarcane,208.35,143.53,,819.39,753.7210071428572,384.66040000000004,409.695,,
FARM-02179,Cotton,145.07,83.12,7890.39,514.42,524.8010871428571,222.76160000000002,257.21,591.77925,1596.5519371428572
FARM-02180,Soybean,,51.5,4360.16,243.26,,138.02,121.63,327.012,
FARM-02181,Rice,152.84,61.13,9827.83,348.8,552.9096171428572,163.82840000000002,174.4,737.0872499999999,1628.225267142857
FARM-02182,Wheat,115.11,38.51,3789.15,174.4,416.41864714285714,103.2068,87.2,284.18625,891.0116971428572
FARM-02183,Sugarcane,240.71,103.77,16888.59,526.54,870.7856185714286,278.10360000000003,263.27,1266.64425,2678.8034685714283
FARM-02184,Rice,126.45,117.72,9875.76,615.53,457.4419071428572,315.4896,307.765,740.682,1821.3785071428572
FARM-02185,Soybean,48.81,50.81,3499.4,201.63,176.57366142857143,136.1708,100.815,262.455,676.0144614285714
FARM-02186,Maize,198.83,47.91,5034.07,230.57,719.2817271428573,128.3988,115.285,377.55524999999994,1340.5207771428572
FARM-02187,Sugarcane,234.92,103.92,15832.28,441.91,849.83988,278.5056,220.955,1187.421,2536.72148
FARM-02188,Maize,209.32,77.52,5092.7,279.23,757.2300514285714,207.7536,139.615,381.9525,1486.5511514285713
FARM-02189,Soybean,55.58,55.18,4670.43,213.1,201.06462,147.88240000000002,106.55,350.28225000000003,805.77927
FARM-02190,Rice,132.73,82.22,10571.69,612.77,480.16025571428577,220.3496,306.385,792.87675,1799.7716057142857
FARM-02191,Maize,177.11,95.01,5429.73,398.68,640.7080757142858,254.62680000000003,199.34,407.22974999999997,1501.9046257142857
FARM-02192,Wheat,135.56,72.59,3848.59,278.46,490.3979828571429,194.54120000000003,139.23,288.64425,1112.813432857143
FARM-02193,Cotton,153.21,60.56,7285.65,438.96,554.2481185714287,162.3008,219.48,546.4237499999999,1482.4526685714286
FARM-02194,Sugarcane,218.03,93.86,17406.53,331.62,788.7390985714286,251.5448,165.81,1305.48975,2511.5836485714285
FARM-02195,Maize,194.06,65.82,5659.6,302.27,702.0259114285714,176.39759999999998,151.135,424.47,1454.0285114285714
FARM-02196,Rice,160.44,80.55,9850.77,467.01,580.4031600000001,215.874,233.505,738.80775,1768.5899100000001
FARM-02197,Maize,187.38,67.69,5701.41,194.59,677.8605342857143,181.4092,97.295,427.60575,1384.1704842857143
FARM-02198,Soybean,45.97,53.2,3755.23,264.53,166.29975857142858,142.57600000000002,132.265,281.64225,722.7830085714286
FARM-02199,Maize,162.26,56.79,5279.02,244.85,586.98714,152.1972,122.425,395.92650000000003,1257.53584
FARM-02200,Wheat,129.63,54.12,4866.06,211.62,468.94578428571435,145.0416,105.81,364.9545,1084.7518842857144
FARM-02201,Maize,202.74,92.26,5399.58,379.72,733.4264314285715,247.25680000000003,189.86,404.9685,1575.5117314285715
FARM-02202,Maize,195.26,45.5,5669.53,239.59,706.3669971428571,121.94000000000001,119.795,425.21475,1373.3167471428571
FARM-02203,Sugarcane,214.7,101.19,17183.52,631.93,776.6925857142858,271.1892,315.965,1288.764,2652.6107857142856
FARM-02204,Rice,134.93,66.7,11782.34,314.86,488.1189128571429,178.75600000000003,157.43,883.6754999999999,1707.9804128571427
FARM-02205,Cotton,169.49,47.47,7355.03,295.08,613.1421814285715,127.2196,147.54,551.62725,1439.5290314285714
FARM-02206,Maize,195.6,56.55,5331.66,261.82,707.5969714285715,151.554,130.91,399.87449999999995,1389.9354714285714
FARM-02207,Maize,183.38,,4278.19,420.25,663.3902485714285,,210.125,320.86424999999997,
FARM-02208,Cotton,157.41,35.0,7273.11,175.0,569.4419185714287,93.80000000000001,87.5,545.48325,1296.2251685714286
FARM-02209,Maize,179.46,78.61,4638.39,272.37,649.2093685714287,210.6748,136.185,347.87925,1343.9484185714286
FARM-02210,Cotton,148.96,70.47,28046.95832790175,367.48,538.8734400000001,188.8596,183.74,2103.5218745926313,3014.994914592631
FARM-02211,Wheat,135.42,59.07,4006.93,182.59,489.8915228571429,158.3076,91.295,300.51975,1040.0138728571428
FARM-02212,Maize,197.08,57.74,4962.4,315.97,712.9509771428573,154.7432,157.985,372.17999999999995,1397.8591771428573
FARM-02213,Sugarcane,192.49,117.27,16218.68,602.98,696.3463242857144,314.28360000000004,301.49,1216.401,2528.5209242857145
FARM-02214,Sugarcane,199.67,100.52,17139.47,435.73,722.320487142857,269.3936,217.865,1285.46025,2495.039337142857
FARM-02215,Rice,139.18,80.43,10843.58,441.66,503.49359142857145,215.55240000000003,220.83,813.2685,1753.1444914285717
FARM-02216,Maize,151.77,78.6,4516.56,284.95,549.0388157142859,210.648,142.475,338.742,1240.9038157142859
FARM-02217,Sugarcane,,78.5,16222.45,385.78,,210.38000000000002,192.89,1216.68375,
FARM-02218,Rice,159.39,97.89,10041.34,348.35,576.6047100000001,262.34520000000003,174.175,753.1005,1766.22541
FARM-02219,Wheat,137.07,50.17,4262.48,220.98,495.8605157142857,134.4556,110.49,319.686,1060.4921157142858
FARM-02220,Sugarcane,213.38,89.82,,469.73,771.9173914285716,240.7176,234.865,,
FARM-02221,Maize,184.14,70.97,5429.85,,666.1396028571428,190.1996,,407.23875000000004,
FARM-02222,Cotton,152.99,88.8,8741.36,,553.4522528571429,237.984,,655.602,
FARM-02223,Wheat,118.46,55.29,4278.71,239.3,428.5375114285714,148.1772,119.65,320.90325,1017.2679614285714
FARM-02224,Rice,144.76,77.92,10991.68,560.33,523.6796400000001,208.8256,280.165,824.376,1837.0462400000001
FARM-02225,Maize,173.62,71.25,4872.54,303.02,628.0827514285714,190.95000000000002,151.51,365.4405,1335.9832514285715
FARM-02226,Wheat,111.41,48.07,4136.02,,403.03363285714283,128.82760000000002,,310.2015,
FARM-02227,Rice,160.23,73.28,11721.12,577.04,579.64347,196.39040000000003,288.52,879.0840000000001,1943.63787
FARM-02228,Cotton,147.09,51.29,7395.1,381.99,532.1085814285714,137.4572,190.995,554.6325,1415.1932814285715
FARM-02229,Cotton,134.61,79.37,7369.07,320.51,486.9612900000001,212.71160000000003,160.255,552.68025,1412.60814
FARM-02230,Sugarcane,219.45,91.0,19023.37,513.2,793.8760500000001,243.88000000000002,256.6,1426.7527499999999,2721.1088
FARM-02231,Sugarcane,219.52,93.05,15671.54,570.93,794.1292800000001,249.374,285.465,1175.3655,2504.33378
FARM-02232,Wheat,135.98,64.82,3943.44,256.11,491.91736285714285,173.7176,128.055,295.758,1089.447962857143
FARM-02233,Wheat,140.83,51.91,3936.14,255.28,509.46258428571434,139.1188,127.64,295.21049999999997,1071.4318842857142
FARM-02234,Soybean,57.61,62.73,4392.7,162.71,208.40829000000002,168.1164,81.355,329.4525,787.3321900000001
FARM-02235,Sugarcane,188.12,93.99,19313.96,538.46,680.5375371428572,251.8932,269.23,1448.5469999999998,2650.207737142857
FARM-02236,Cotton,160.86,67.56,7189.47,389.79,581.9225400000001,181.06080000000003,194.895,539.21025,1497.0885900000003
FARM-02237,Soybean,48.05,49.89,3797.36,253.39,173.82430714285712,133.70520000000002,126.695,284.802,719.0265071428571
FARM-02238,Cotton,140.54,70.26,8405.11,435.04,508.41348857142856,188.29680000000002,217.52,630.38325,1544.6135385714285
FARM-02239,Cotton,162.97,55.99,8602.44,321.07,589.5556157142858,150.0532,160.535,645.183,1545.3268157142857
FARM-02240,Cotton,144.18,44.01,7277.28,275.92,521.5814485714286,117.9468,137.96,545.7959999999999,1323.2842485714286
FARM-02241,Soybean,35.43,54.52,3638.95,280.31,128.17055571428574,146.11360000000002,140.155,272.92125,687.3604057142858
FARM-02242,Cotton,150.06,61.6,6989.89,328.84,542.8527685714287,165.08800000000002,164.42,524.24175,1396.6025185714286
FARM-02243,Maize,161.26,60.35,5132.89,332.59,583.3695685714285,161.738,166.295,384.96675,1296.3693185714285
FARM-02244,Cotton,150.38,78.13,,363.25,544.0103914285714,209.3884,181.625,,
FARM-02245,Maize,159.42,70.11,4322.1,272.25,576.713237142857,187.8948,136.125,324.1575,1224.890537142857
FARM-02246,Wheat,122.25,55.61,3562.32,266.77,442.2481071428572,149.03480000000002,133.385,267.174,991.8419071428572
FARM-02247,Soybean,53.28,49.53,4000.85,251.12,192.74420571428573,132.74040000000002,125.56,300.06374999999997,751.1083557142857
FARM-02248,Sugarcane,185.86,79.45,19526.49,559.25,672.3618257142858,212.92600000000002,279.625,1464.48675,2629.3995757142857
FARM-02249,Wheat,116.84,54.82,3500.77,248.7,422.6770457142857,146.91760000000002,124.35,262.55775,956.5023957142857
FARM-02250,Wheat,115.13,71.94,4117.83,253.56,416.4909985714286,192.7992,126.78,308.83725,1044.9074485714286
FARM-02251,Sugarcane,247.36,119.25,18167.88,571.29,894.8424685714288,319.59000000000003,285.645,1362.5910000000001,2862.668468571429
FARM-02252,Sugarcane,236.32,118.06,15341.34,570.2,854.90448,316.4008,285.1,1150.6005,2607.00578
FARM-02253,Rice,156.84,130.0,8694.73,520.2,567.3799028571428,348.40000000000003,260.1,652.10475,1827.984652857143
FARM-02254,Cotton,134.82,,7815.42,326.74,487.72098000000005,,163.37,586.1564999999999,
FARM-02255,Wheat,105.65,45.25,3589.62,154.23,382.19642142857145,121.27000000000001,77.115,269.2215,849.8029214285715
FARM-02256,Soybean,49.9,63.37,3935.37,242.71,180.5168142857143,169.8316,121.355,295.15274999999997,766.8561642857143
FARM-02257,Sugarcane,201.21,367.2301265049877,18856.63,499.75,727.8915471428572,984.1767390333671,249.875,1414.2472500000001,3376.1905361762247
FARM-02258,Wheat,112.71,62.87,3994.88,182.27,407.7364757142857,168.4916,91.135,299.616,966.9790757142857
FARM-02259,Rice,138.72,94.29,9555.58,439.43,501.8295085714286,252.69720000000004,219.715,716.6685,1690.9102085714287
FARM-02260,Wheat,108.32,53.24,4706.36,197.41,391.85533714285714,142.68320000000003,98.705,352.977,986.2205371428572
FARM-02261,Cotton,127.98,79.67,8290.17,375.92,462.97679142857146,213.5156,187.96,621.76275,1486.2151414285713
FARM-02262,Wheat,112.66,44.83,4133.7,,407.55559714285715,120.1444,,310.0275,
FARM-02263,Cotton,127.54,59.81,8031.75,295.39,461.38506000000007,160.29080000000002,147.695,602.38125,1371.75211
FARM-02264,Sugarcane,212.51,106.32,17280.67,550.13,768.7701042857143,284.9376,275.065,1296.0502499999998,2624.8229542857143
FARM-02265,Rice,162.92,108.59,9122.58,446.21,589.3747371428572,291.0212,223.105,684.1935,1787.6944371428572
FARM-02266,Maize,,56.12,5328.73,306.98,,150.4016,153.49,399.65475,
FARM-02267,Soybean,51.07,64.01,4726.5,228.63,184.74937285714287,171.54680000000002,114.315,354.4875,825.0986728571429
FARM-02268,Sugarcane,222.2,82.96,17439.64,403.66,803.8243714285716,222.3328,201.83,1307.973,2535.9601714285714
FARM-02269,Maize,190.61,82.57,5570.91,,689.5452900000003,221.2876,,417.81825,
FARM-02270,Soybean,47.46,67.9,4374.99,172.41,171.68993999999998,181.97200000000004,86.205,328.12424999999996,767.99119
FARM-02271,Cotton,150.47,75.04,7775.43,395.4,544.3359728571429,201.10720000000003,197.7,583.15725,1526.3004228571428
FARM-02272,Sugarcane,229.6,101.69,18193.3,539.95,830.5944,272.5292,269.975,1364.4975,2737.5960999999998
FARM-02273,Sugarcane,216.05,123.1,17442.09,698.06,781.5763071428572,329.908,349.03,1308.1567499999999,2768.671057142857
FARM-02274,Cotton,134.87,58.17,7490.81,347.3,487.90185857142865,155.8956,173.65,561.81075,1379.2582085714287
FARM-02275,Wheat,107.23,57.96,3797.3,230.58,387.9121842857143,155.33280000000002,115.29,284.7975,943.3324842857143
FARM-02276,Cotton,138.74,63.32,8105.38,390.49,501.90186000000006,169.69760000000002,195.245,607.9035,1474.7479600000001
FARM-02277,Sugarcane,188.1,83.6,17254.29,692.25,680.4651857142858,224.048,346.125,1294.07175,2544.709935714286
FARM-02278,Sugarcane,225.28,111.07,17035.0,584.47,814.9664914285715,297.6676,292.235,1277.625,2682.4940914285717
FARM-02279,Rice,136.61,64.43,10991.47,363.4,494.1964328571429,172.67240000000004,181.7,824.36025,1672.929082857143
FARM-02280,Rice,158.11,117.33,9305.6,521.57,571.9742185714287,314.44440000000003,260.785,697.92,1845.1236185714288
FARM-02281,Rice,140.55,52.04,9266.69,361.99,508.4496642857144,139.46720000000002,180.995,695.00175,1523.9136142857144
FARM-02282,Sugarcane,234.89,134.93,18370.41,564.68,849.7313528571428,361.61240000000004,282.34,1377.78075,2871.4645028571426
FARM-02283,Soybean,48.01,66.24,4014.7,255.72,173.6796042857143,177.5232,127.86,301.10249999999996,780.1653042857142
FARM-02284,Cotton,154.0,59.49,6713.68,355.12,557.106,159.43320000000003,177.56,503.526,1397.6252000000002
FARM-02285,Rice,158.16,80.37,10658.08,367.32,572.1550971428571,215.3916,183.66,799.356,1770.5626971428571
FARM-02286,Soybean,49.95,57.59,3387.9,182.94,180.6976928571429,154.34120000000001,91.47,254.0925,680.6013928571429
FARM-02287,Sugarcane,222.17,115.77,19097.51,703.18,803.7158442857143,310.2636,351.59,1432.31325,2897.882694285714
FARM-02288,Soybean,50.31,55.87,3968.43,156.45,182.0000185714286,149.73160000000001,78.225,297.63225,707.5888685714286
FARM-02289,Cotton,152.18,93.5,7920.02,372.68,550.5220200000001,250.58,186.34,594.0015,1581.4435200000003
FARM-02290,Rice,143.89,91.87,9350.46,501.23,520.5323528571428,246.21160000000003,250.615,701.2844999999999,1718.6434528571426
FARM-02291,Cotton,166.79,59.11,8624.3,307.26,603.3747385714285,158.4148,153.63,646.8224999999999,1562.2420385714283
FARM-02292,Maize,176.92,77.05,5489.62,339.57,640.0207371428571,206.494,169.785,411.7215,1428.021237142857
FARM-02293,Maize,198.23,56.07,5119.79,279.7,717.1111842857143,150.26760000000002,139.85,383.98425,1391.2130342857145
FARM-02294,Sugarcane,205.26,80.63,16629.53,377.14,742.5427114285715,216.0884,188.57,1247.2147499999999,2394.4158614285716
FARM-02295,Rice,144.22,70.71,10017.95,458.16,521.7261514285715,189.5028,229.08,751.34625,1691.6552014285717
FARM-02296,Rice,144.81,117.15,11187.08,552.87,523.8605185714285,313.96200000000005,276.435,839.031,1953.2885185714285
FARM-02297,Cotton,145.02,53.69,6756.52,296.32,524.6202085714286,143.88920000000002,148.16,506.73900000000003,1323.4084085714285
FARM-02298,Sugarcane,229.15,102.82,18772.28,661.36,828.9664928571428,275.5576,330.68,1407.9209999999998,2843.1250928571426
FARM-02299,Wheat,113.29,52.72,4273.34,242.12,409.8346671428572,141.2896,121.06,320.5005,992.6847671428571
FARM-02300,Maize,189.44,55.53,4318.11,253.28,685.3127314285715,148.8204,126.64,323.85824999999994,1284.6313814285713
FARM-02301,Maize,752.1840609109314,64.34,5019.44,354.77,2721.079567778217,172.43120000000002,177.385,376.45799999999997,3447.3537677782174
FARM-02302,Cotton,168.39,78.86,6919.66,371.89,609.1628528571429,211.34480000000002,185.945,518.9744999999999,1525.4271528571426
FARM-02303,Wheat,139.18,,4295.6,193.32,503.49359142857145,,96.66,322.17,
FARM-02304,Cotton,143.72,54.11,7183.5,296.34,519.9173657142857,145.0148,148.17,538.7624999999999,1351.8646657142856
FARM-02305,Maize,192.16,82.74,4257.07,292.64,695.1525257142857,221.7432,146.32,319.28024999999997,1382.4959757142858
FARM-02306,Cotton,157.7,78.73,6999.01,465.84,570.4910142857143,210.99640000000002,232.92,524.92575,1539.3331642857142
FARM-02307,Maize,185.92,71.66,4818.42,196.75,672.57888,192.0488,98.375,361.3815,1324.38418
FARM-02308,Wheat,140.81,40.08,3400.37,191.71,509.3902328571429,107.4144,95.855,255.02774999999997,967.6873828571429
FARM-02309,Cotton,127.68,70.99,7128.35,357.53,461.89152000000007,190.2532,178.765,534.62625,1365.53597
FARM-02310,Rice,142.88,,9776.47,528.96,516.8786057142858,,264.48,733.23525,
FARM-02311,Rice,175.58,96.07,10801.86,676.98,635.1731914285715,257.4676,338.49,810.1395,2041.2702914285715
FARM-02312,Cotton,156.55,57.35,8979.89,313.23,566.3308071428571,153.698,156.615,673.4917499999999,1550.1355571428571
FARM-02313,Sugarcane,222.39,114.78,17097.15,725.73,804.51171,307.6104,362.865,1282.28625,2757.27336
FARM-02314,Maize,170.47,68.69,4969.78,408.14,616.6874014285715,184.0892,204.07,372.7335,1377.5801014285717
FARM-02315,Soybean,52.57,52.17,4291.38,203.81,190.17573,139.81560000000002,101.905,321.8535,753.74983
FARM-02316,Rice,153.01,65.74,10675.88,443.9,553.5246042857143,176.1832,221.95,800.6909999999999,1752.3488042857143
FARM-02317,Maize,210.5,83.87,5298.27,267.06,761.4987857142858,224.77160000000003,133.53,397.37025,1517.1706357142857
FARM-02318,Sugarcane,196.9,101.6,17601.84,473.33,712.2998142857143,272.288,236.665,1320.138,2541.3908142857144
FARM-02319,Wheat,124.32,57.65,4817.68,261.3,449.73648,154.502,130.65,361.326,1096.21448
FARM-02320,Maize,163.17,85.11,5243.46,319.91,590.27913,228.09480000000002,159.955,393.2595,1371.58843
FARM-02321,Maize,185.66,72.01,4533.0,377.94,671.6383114285713,192.98680000000002,188.97,339.97499999999997,1393.5701114285712
FARM-02322,Soybean,46.47,40.97,3980.52,182.3,168.1085442857143,109.7996,91.15,298.539,667.5971442857143
FARM-02323,Cotton,147.38,55.26,6894.84,306.28,533.1576771428571,148.0968,153.14,517.1129999999999,1351.5074771428572
FARM-02324,Maize,206.07,95.49,5203.61,374.18,745.4729442857142,255.9132,187.09,390.27074999999996,1578.746894285714
FARM-02325,Cotton,143.96,62.42,7380.46,245.83,520.785582857143,167.28560000000002,122.915,553.5345,1364.5206828571431
FARM-02326,Maize,161.58,63.34,5013.23,273.41,584.5271914285714,169.7512,136.705,375.99224999999996,1266.9756414285714
FARM-02327,Wheat,104.84,55.24,4033.03,237.95,379.26618857142864,148.0432,118.975,302.47725,948.7616385714286
FARM-02328,Sugarcane,198.54,75.01,50242.52253799391,466.09,718.2326314285715,201.02680000000004,233.045,3768.189190349543,4920.493621778114
FARM-02329,Sugarcane,208.92,97.24,16433.87,475.69,755.7830228571429,260.6032,237.845,1232.5402499999998,2486.7714728571427
FARM-02330,Rice,150.69,88.88,8437.91,597.59,545.1318385714287,238.1984,298.795,632.84325,1714.9684885714287
FARM-02331,Maize,192.79,66.87,5441.73,350.53,697.4315957142858,179.21160000000003,175.265,408.12974999999994,1460.0379457142858
FARM-02332,Sugarcane,201.23,110.18,16919.23,613.33,727.9638985714286,295.28240000000005,306.665,1268.9422499999998,2598.8535485714283
FARM-02333,Sugarcane,219.46,107.51,18433.9,445.79,793.9122257142858,288.1268,222.895,1382.5425,2687.476525714286
FARM-02334,Cotton,152.73,57.94,8074.49,421.22,552.5116842857143,155.2792,210.61,605.5867499999999,1523.9876342857142
FARM-02335,Sugarcane,224.36,109.91,17802.79,539.55,811.6383257142857,294.5588,269.775,1335.20925,2711.1813757142854
FARM-02336,Wheat,145.57,74.66,4384.98,280.34,526.6098728571428,200.0888,140.17,328.8735,1195.7421728571428
FARM-02337,Maize,173.16,71.76,5608.37,297.74,626.4186685714286,192.31680000000003,148.87,420.62775,1388.2332185714286
FARM-02338,Sugarcane,231.65,133.25,17483.52,510.87,838.0104214285715,357.11,255.435,1311.264,2761.8194214285713
FARM-02339,Soybean,35.39,51.69,4069.76,200.98,128.02585285714287,138.5292,100.49,305.232,672.277052857143
FARM-02340,Wheat,116.71,43.91,13991.09726702518,181.67,422.20676142857144,117.6788,90.835,1049.3322950268885,1680.05285645546
FARM-02341,Maize,156.51,76.6,5470.5,258.66,566.1861042857144,205.288,129.33,410.28749999999997,1311.0916042857143
FARM-02342,Wheat,128.36,60.61,4057.16,163.16,464.35146857142865,162.4348,81.58,304.287,1012.6532685714287
FARM-02343,Wheat,112.38,49.03,3934.19,225.45,406.54267714285714,131.40040000000002,112.725,295.06425,945.7323271428572
FARM-02344,Wheat,105.84,45.84,4027.48,255.12,382.88376000000005,122.85120000000002,127.56,302.061,935.3559600000001
FARM-02345,Maize,203.12,89.66,4910.64,335.44,734.8011085714286,240.2888,167.72,368.298,1511.1079085714287
FARM-02346,Maize,193.14,47.31,4711.97,261.21,698.6977457142857,126.79080000000002,130.605,353.39775000000003,1309.4912957142858
FARM-02347,Sugarcane,234.37,120.28,16126.71,529.33,847.8502157142858,322.35040000000004,264.665,1209.50325,2644.3688657142857
FARM-02348,Wheat,121.29,57.68,,213.32,438.7752385714286,154.5824,106.66,,
FARM-02349,Rice,154.29,72.53,9470.62,370.23,558.1550957142857,194.3804,185.115,710.2965,1647.9469957142858
FARM-02350,Rice,155.9,84.88,11140.26,430.26,563.9793857142857,227.4784,215.13,835.5195,1842.1072857142858
FARM-02351,Maize,180.39,59.43,4847.59,322.79,652.57371,159.2724,161.395,363.56925,1336.81036
FARM-02352,Wheat,138.59,63.83,,179.33,501.3592242857143,171.0644,89.665,,
FARM-02353,Maize,209.77,59.46,5347.63,256.66,758.8579585714285,159.3528,128.33,401.07225,1447.6130085714285
FARM-02354,Maize,194.87,83.8,4591.23,341.15,704.9561442857143,224.584,170.575,344.34225,1444.4573942857144
FARM-02355,Soybean,47.17,43.66,3981.96,233.18,170.6408442857143,117.0088,116.59,298.647,702.8866442857143
FARM-02356,Maize,200.82,83.25,4463.73,325.02,726.4806942857143,223.11,162.51,334.77975,1446.8804442857142
FARM-02357,Soybean,47.08,28.78,4571.33,147.94,170.31526285714287,77.13040000000001,73.97,342.84975,664.2654128571428
FARM-02358,Cotton,156.27,35.16,7508.87,271.99,565.3178871428572,94.22879999999999,135.995,563.16525,1358.7069371428572
FARM-02359,Wheat,145.84,59.03,3882.66,249.85,527.5866171428571,158.2004,124.925,291.1995,1101.911517142857
FARM-02360,Sugarcane,226.7,106.47,16666.04,691.69,820.1034428571429,285.3396,345.845,1249.953,2701.241042857143
FARM-02361,Soybean,36.61,53.39,4385.07,226.31,132.43929000000003,143.08520000000001,113.155,328.88025,717.5597399999999
FARM-02362,Sugarcane,210.1,116.8,19245.4,617.05,760.0517571428571,313.024,308.525,1443.405,2825.005757142857
FARM-02363,Wheat,127.6,55.45,4607.55,257.92,461.60211428571426,148.60600000000002,128.96,345.56625,1084.7343642857143
FARM-02364,Wheat,115.86,49.46,3644.49,197.96,419.1318257142857,132.55280000000002,98.98,273.33675,924.0013757142858
FARM-02365,Sugarcane,217.76,79.72,19026.24,542.7,787.7623542857143,213.64960000000002,271.35,1426.968,2699.7299542857145
FARM-02366,Wheat,116.94,52.54,3886.29,227.85,423.03880285714285,140.8072,113.925,291.47175,969.2427528571427
FARM-02367,Maize,185.96,72.28,5281.03,275.66,672.7235828571429,193.71040000000002,137.83,396.07725,1400.341232857143
FARM-02368,Sugarcane,208.24,120.95,19395.02,633.23,753.3230742857143,324.146,316.615,1454.6265,2848.7105742857143
FARM-02369,Sugarcane,225.05,113.53,18962.01,440.05,814.1344500000001,304.2604,220.025,1422.1507499999998,2760.5706
FARM-02370,Rice,166.69,91.62,11123.21,471.07,603.0129814285715,245.54160000000002,235.535,834.2407499999999,1918.3303314285715
FARM-02371,Sugarcane,220.08,89.92,16016.95,470.17,796.1551200000001,240.9856,235.085,1201.27125,2473.49697
FARM-02372,Wheat,,54.1,,,,144.988,,,
FARM-02373,Wheat,132.19,62.69,3885.34,201.2,478.20676714285713,168.0092,100.6,291.4005,1038.2164671428573
FARM-02374,Maize,212.18,48.78,4884.46,249.76,767.5763057142858,130.7304,124.88,366.3345,1389.5212057142858
FARM-02375,Wheat,108.15,62.58,3697.65,216.08,391.24035000000003,167.7144,108.04,277.32375,944.3185000000001
FARM-02376,Wheat,127.38,44.83,4186.92,208.03,460.80624857142857,120.1444,104.015,314.019,998.9846485714286
FARM-02377,Sugarcane,231.2,73.01,18448.35,436.67,836.3825142857143,195.66680000000002,218.335,1383.6262499999998,2634.0105642857143
FARM-02378,Rice,168.6,59.28,11255.34,432.51,609.9225428571428,158.87040000000002,216.255,844.1505,1829.1984428571427
FARM-02379,Wheat,119.31,48.05,4126.39,214.75,431.61244714285715,128.774,107.375,309.47925000000004,977.2406971428572
FARM-02380,Soybean,33.99,68.28,3811.75,288.77,122.96125285714288,182.99040000000002,144.385,285.88124999999997,736.2179028571429
FARM-02381,Maize,189.75,55.33,4264.9,,686.4341785714287,148.2844,,319.86749999999995,
FARM-02382,Soybean,43.45,36.3,4340.09,136.55,157.1834785714286,97.28399999999999,68.275,325.50675,648.2492285714286
FARM-02383,Soybean,,54.09,3978.0,243.74,,144.96120000000002,121.87,298.34999999999997,
FARM-02384,Cotton,145.1,71.33,7329.59,355.75,524.9096142857143,191.1644,177.875,549.71925,1443.6682642857143
FARM-02385,Maize,184.05,67.72,5063.22,279.77,665.8140214285716,181.4896,139.885,379.74150000000003,1366.9301214285715
FARM-02386,Sugarcane,202.66,110.32,18551.7,645.61,733.1370257142858,295.6576,322.805,1391.3775,2742.9771257142856
FARM-02387,Sugarcane,226.71,,17222.85,712.34,820.1396185714286,,356.17,1291.71375,
FARM-02388,Cotton,128.23,67.53,7127.16,334.32,463.8811842857143,180.9804,167.16,534.5369999999999,1346.5585842857142
FARM-02389,Cotton,149.21,52.19,7924.96,226.48,539.7778328571428,139.8692,113.24,594.372,1387.2590328571428
FARM-02390,Sugarcane,221.4,102.52,17471.2,524.95,800.9303142857143,274.7536,262.475,1310.34,2648.498914285714
FARM-02391,Cotton,136.32,56.93,7550.23,280.22,493.14733714285717,152.57240000000002,140.11,566.26725,1352.0969871428572
FARM-02392,Wheat,132.11,51.11,3232.1,261.77,477.9173614285715,136.97480000000002,130.885,242.40749999999997,988.1846614285714
FARM-02393,Sugarcane,233.89,148.57,19054.56,836.99,846.1137814285714,398.1676,418.495,1429.092,3091.8683814285714
FARM-02394,Maize,197.34,50.35,4315.18,282.09,713.8915457142858,134.93800000000002,141.045,323.6385,1313.513045714286
FARM-02395,Wheat,144.59,52.4,3483.0,201.59,523.064652857143,140.43200000000002,100.795,261.22499999999997,1025.5166528571428
FARM-02396,Cotton,153.56,62.29,7256.34,370.05,555.5142685714286,166.93720000000002,185.025,544.2255,1451.7019685714286
FARM-02397,Rice,153.91,81.05,9998.39,427.52,556.7804185714288,217.214,213.76,749.87925,1737.6336685714286
FARM-02398,Sugarcane,198.48,110.83,17719.84,712.53,718.0155771428572,297.0244,356.265,1328.988,2700.292977142857
FARM-02399,Sugarcane,223.89,92.33,18316.13,450.04,809.9380671428572,247.4444,225.02,1373.70975,2656.112217142857
FARM-02400,Wheat,132.8,55.68,3887.21,208.41,480.4134857142858,149.22240000000002,104.205,291.54075,1025.381635714286
FARM-02401,Soybean,48.85,48.54,3824.92,272.8,176.7183642857143,130.0872,136.4,286.86899999999997,730.0745642857144
FARM-02402,Rice,171.36,82.96,9920.85,434.04,619.90704,222.3328,217.02,744.06375,1803.3235900000002
FARM-02403,Sugarcane,216.25,104.34,16280.29,622.87,782.2998214285715,279.63120000000004,311.435,1221.02175,2594.387771428572
FARM-02404,Maize,167.99,89.8,4467.38,427.21,607.7158242857143,240.66400000000002,213.605,335.0535,1397.0383242857142
FARM-02405,Cotton,151.19,52.18,8212.97,296.24,546.9406242857142,139.8424,148.12,615.9727499999999,1450.8757742857142
FARM-02406,Wheat,123.96,49.6,3609.93,168.79,448.4341542857143,132.92800000000003,84.395,270.74474999999995,936.5019042857143
FARM-02407,Soybean,,59.64,4264.07,247.25,,159.83520000000001,123.625,319.80524999999994,
FARM-02408,Rice,137.12,88.21,10906.46,493.57,496.0413942857143,236.40279999999998,246.785,817.9844999999999,1797.2136942857142
FARM-02409,Maize,195.97,89.88,4882.99,336.92,708.9354728571429,240.8784,168.46,366.22425,1484.498122857143
FARM-02410,Cotton,151.64,60.43,7841.64,275.2,548.5685314285713,161.9524,137.6,588.123,1436.2439314285714
FARM-02411,Maize,205.89,67.5,5256.08,260.51,744.8217814285715,180.9,130.255,394.20599999999996,1450.1827814285714
FARM-02412,Rice,,80.98,9944.34,506.9,,217.02640000000002,253.45,745.8255,
FARM-02413,Wheat,137.48,83.76,3811.41,338.49,497.34371999999996,224.47680000000003,169.245,285.85575,1176.92127
FARM-02414,Soybean,39.82,50.43,11756.173687922465,185.98,144.0516942857143,135.1524,92.99,881.7130265941848,1253.9071208798991
FARM-02415,Maize,177.48,77.84,4709.51,284.82,642.0465771428571,208.61120000000003,142.41,353.21325,1346.281027142857
FARM-02416,Cotton,147.08,68.47,7224.64,468.75,532.0724057142858,183.49960000000002,234.375,541.848,1491.7950057142857
FARM-02417,Soybean,48.75,47.79,4310.88,163.85,176.35660714285714,128.0772,81.925,323.316,709.6748071428572
FARM-02418,Wheat,126.41,41.06,4749.22,164.55,457.2972042857143,110.04080000000002,82.275,356.1915,1005.8045042857143
FARM-02419,Rice,506.3802857183487,219.893026940355,8840.96,505.67,1831.8668536065352,589.3133122001515,252.835,663.0719999999999,3337.0871658066862
FARM-02420,Soybean,40.0,60.43,4500.19,278.93,144.70285714285717,161.9524,139.465,337.51424999999995,783.6345071428572
FARM-02421,Wheat,132.13,65.67,4575.43,259.51,477.9897128571429,175.99560000000002,129.755,343.15725000000003,1126.897562857143
FARM-02422,Maize,195.22,78.71,4331.54,273.39,706.2222942857144,210.9428,136.695,324.8655,1378.7255942857146
FARM-02423,Rice,152.26,75.02,9558.97,583.07,550.8114257142856,201.0536,291.535,716.92275,1760.3227757142856
FARM-02424,Cotton,145.93,35.0,7720.6,206.5,527.9121985714286,93.80000000000001,103.25,579.045,1304.0071985714285
FARM-02425,Maize,161.31,76.44,5020.17,371.68,583.5504471428571,204.85920000000002,185.84,376.51275,1350.762397142857
FARM-02426,Sugarcane,212.02,114.66,18133.52,702.68,766.9974942857143,307.28880000000004,351.34,1360.014,2785.640294285714
FARM-02427,Wheat,124.19,54.49,3598.95,189.74,449.26619571428574,146.03320000000002,94.87,269.92125,960.0906457142858
FARM-02428,Soybean,46.22,91.0,3199.11,335.1,167.20415142857144,243.88000000000002,167.55,239.93325,818.5674014285714
FARM-02429,Wheat,108.81,57.51,3639.87,233.3,393.6279471428571,154.1268,116.65,272.99025,937.3949971428572
FARM-02430,Cotton,138.76,77.86,7252.03,309.22,501.9742114285714,208.6648,154.61,543.90225,1409.1512614285714
FARM-02431,Maize,,60.72,4486.13,219.53,,162.7296,109.765,336.45975,
FARM-02432,Cotton,138.51,55.33,6915.97,1046.252884080379,501.0698185714285,148.2844,523.1264420401895,518.69775,1691.1784106116181
FARM-02433,Rice,160.42,76.14,9483.65,362.73,580.3308085714286,204.0552,181.365,711.27375,1677.0247585714287
FARM-02434,Soybean,42.11,57.43,4851.99,272.54,152.33593285714284,153.91240000000002,136.27,363.89925,806.4175828571429
FARM-02435,Soybean,48.19,63.76,3984.84,302.06,174.33076714285716,170.8768,151.03,298.863,795.1005671428572
FARM-02436,Soybean,44.54,53.46,4442.03,274.76,161.12663142857144,143.27280000000002,137.38,333.15225,774.9316814285714
FARM-02437,Soybean,32.82,66.96,4171.02,301.25,118.7286942857143,179.4528,150.625,312.8265,761.6329942857143
FARM-02438,Wheat,118.94,67.29,4009.54,247.15,430.2739457142858,180.33720000000002,123.575,300.71549999999996,1034.901645714286
FARM-02439,Wheat,111.87,62.9,4082.68,264.67,404.6977157142858,168.572,132.335,306.20099999999996,1011.8057157142857
FARM-02440,Wheat,345.466557729775,63.02,4450.73,242.9,1249.7499487701562,168.89360000000002,121.45,333.80474999999996,1873.8982987701563
FARM-02441,Maize,171.18,71.07,5343.4,332.01,619.2558771428571,190.4676,166.005,400.75499999999994,1376.483477142857
FARM-02442,Cotton,165.58,74.72,7186.91,337.61,598.9974771428573,200.24960000000002,168.805,539.01825,1507.0703271428574
FARM-02443,Maize,164.89,70.83,5195.47,416.22,596.5013528571428,189.8244,208.11,389.66025,1384.0960028571428
FARM-02444,Soybean,49.41,64.0,4180.07,311.9,178.7442042857143,171.52,155.95,313.50525,819.7194542857143
FARM-02445,Cotton,149.03,59.62,7815.08,347.48,539.1266700000001,159.7816,173.74,586.131,1458.77927
FARM-02446,Maize,199.47,71.4,5375.03,331.56,721.5969728571429,191.35200000000003,165.78,403.12724999999995,1481.856222857143
FARM-02447,Rice,135.0,96.32,9322.74,565.26,488.3721428571429,258.1376,282.63,699.2054999999999,1728.3452428571427
FARM-02448,Maize,175.13,74.15,5349.64,291.29,633.5452842857142,198.72200000000004,145.645,401.223,1379.135284285714
FARM-02449,Soybean,43.84,,4142.52,229.16,158.59433142857145,,114.58,310.689,
FARM-02450,Wheat,130.99,36.89,3716.4,178.56,473.8656814285715,98.8652,89.28,278.73,940.7408814285715
FARM-02451,Sugarcane,227.38,88.41,17917.9,423.26,822.5633914285715,236.93880000000001,211.63,1343.8425,2614.9746914285715
FARM-02452,Wheat,129.13,40.9,3472.47,206.19,467.1369985714286,109.61200000000001,103.095,260.43525,940.2792485714286
FARM-02453,Soybean,36.55,53.22,3820.23,282.25,132.22223571428572,142.6296,141.125,286.51725,702.4940857142857
FARM-02454,Rice,167.77,54.81,9718.11,308.65,606.9199585714287,146.8908,154.325,728.85825,1636.9940085714286
FARM-02455,Wheat,127.23,60.0,3526.12,251.26,460.2636128571429,160.8,125.63,264.459,1011.1526128571429
FARM-02456,Maize,190.11,69.02,4529.54,,687.7365042857143,184.9736,,339.71549999999996,
FARM-02457,Maize,190.86,68.95,4928.03,348.33,690.449682857143,184.78600000000003,174.165,369.60224999999997,1419.002932857143
FARM-02458,Soybean,50.07,49.19,,229.6,181.1318014285714,131.82920000000001,114.8,,
FARM-02459,Cotton,148.09,78.72,7553.49,465.62,535.7261528571429,210.9696,232.81,566.51175,1546.017502857143
FARM-02460,Maize,168.14,68.76,4840.26,347.31,608.25846,184.27680000000004,173.655,363.0195,1329.2097600000002
FARM-02461,Maize,198.39,80.71,4939.65,289.51,717.6899957142857,216.3028,144.755,370.47374999999994,1449.2215457142854
FARM-02462,Wheat,123.55,39.64,4750.9,262.72,446.95095000000003,106.2352,131.36,356.31749999999994,1040.86365
FARM-02463,Rice,153.72,70.54,9270.8,412.54,556.0930800000001,189.04720000000003,206.27,695.31,1646.72028
FARM-02464,Maize,185.64,68.24,5057.01,295.18,671.56596,182.8832,147.59,379.27575,1381.31491
FARM-02465,Sugarcane,196.79,107.18,16262.86,568.96,711.9018814285714,287.24240000000003,284.48,1219.7145,2503.3387814285716
FARM-02466,Maize,180.67,83.76,,353.07,653.58663,224.47680000000003,176.535,,
FARM-02467,Cotton,137.25,79.76,7420.4,441.47,496.51167857142866,213.75680000000003,220.735,556.53,1487.5334785714285
FARM-02468,Cotton,150.68,66.36,7645.67,467.85,545.0956628571429,177.84480000000002,233.925,573.42525,1530.2907128571428
FARM-02469,Wheat,120.19,73.79,3930.72,275.79,434.79591,197.75720000000004,137.895,294.804,1065.25211
FARM-02470,Cotton,128.69,62.41,8368.34,297.49,465.54526714285714,167.2588,148.745,627.6255,1409.174567142857
FARM-02471,Wheat,120.37,55.1,4223.53,211.92,435.44707285714287,147.668,105.96,316.76475,1005.839822857143
FARM-02472,Cotton,160.73,71.91,7839.37,299.04,581.4522557142857,192.71880000000002,149.52,587.9527499999999,1511.6438057142855
FARM-02473,Maize,,62.91,5474.12,313.72,,168.5988,156.86,410.55899999999997,
FARM-02474,Wheat,130.48,49.6,3924.58,249.15,472.02072000000004,132.92800000000003,124.575,294.3435,1023.8672200000001
FARM-02475,Maize,,70.29,4403.95,326.1,,188.37720000000002,163.05,330.29625,
FARM-02476,Sugarcane,204.69,72.1,18870.36,324.96,740.4806957142857,193.228,162.48,1415.277,2511.465695714286
FARM-02477,Soybean,57.84,47.52,3932.31,167.2,209.24033142857144,127.35360000000001,83.6,294.92325,715.1171814285715
FARM-02478,Soybean,48.69,54.15,3834.35,253.71,176.13955285714286,145.122,126.855,287.57624999999996,735.6928028571429
FARM-02479,Wheat,126.36,64.69,3623.99,290.32,457.1163257142858,173.3692,145.16,271.79925,1047.4447757142857
FARM-02480,Soybean,35.22,47.42,4097.5,221.41,127.41086571428572,127.08560000000001,110.705,307.3125,672.5139657142857
FARM-02481,Rice,166.39,66.12,,444.35,601.92771,177.2016,222.175,,
FARM-02482,Rice,163.38,87.86,9907.66,462.15,591.03882,235.46480000000003,231.075,743.0745,1800.65312
FARM-02483,Rice,143.89,93.27,10264.6,477.82,520.5323528571428,249.9636,238.91,769.845,1779.2509528571427
FARM-02484,Sugarcane,249.11,156.0,15871.36,649.39,901.1732185714286,418.08000000000004,324.695,1190.352,2834.3002185714286
FARM-02485,Cotton,144.38,64.74,7729.88,299.07,522.3049628571429,173.5032,149.535,579.741,1425.084162857143
FARM-02486,Rice,161.83,79.34,10597.92,554.9,585.4315842857144,212.63120000000004,277.45,794.8439999999999,1870.3567842857142
FARM-02487,Cotton,138.84,71.86,7775.03,433.19,502.26361714285724,192.5848,216.595,583.12725,1494.5706671428572
FARM-02488,Maize,213.71,62.41,4782.8,312.07,773.1111900000001,167.2588,156.035,358.71,1455.1149900000003
FARM-02489,Rice,150.44,75.95,10722.69,379.13,544.2274457142858,203.54600000000002,189.565,804.2017500000001,1741.5401957142858
FARM-02490,Wheat,135.0,76.63,3865.8,242.42,488.3721428571429,205.3684,121.21,289.935,1104.8855428571428
FARM-02491,Sugarcane,235.75,109.11,15626.64,569.16,852.8424642857144,292.4148,284.58,1171.9979999999998,2601.8352642857144
FARM-02492,Soybean,36.77,47.98,4008.04,163.57,133.01810142857144,128.5864,81.785,300.603,643.9925014285714
FARM-02493,Cotton,156.16,66.45,7368.62,436.65,564.9199542857143,178.086,218.325,552.6465,1513.9774542857144
FARM-02494,Soybean,48.52,59.6,4181.84,323.48,175.52456571428576,159.728,161.74,313.638,810.6305657142857
FARM-02495,Rice,160.03,89.18,10350.75,439.21,578.9199557142857,239.00240000000002,219.605,776.30625,1813.8336057142856
FARM-02496,Wheat,127.98,58.77,3874.82,212.41,462.97679142857146,157.5036,106.205,290.6115,1017.2968914285715
FARM-02497,Cotton,136.45,58.39,7479.56,368.79,493.6176214285714,156.48520000000002,184.395,560.967,1395.4648214285712
FARM-02498,Sugarcane,202.24,94.87,16990.5,469.34,731.6176457142858,254.25160000000002,234.67,1274.2875,2494.8267457142856
FARM-02499,Rice,143.47,85.76,10255.68,328.67,519.0129728571429,229.83680000000004,164.335,769.176,1682.360772857143
FARM-02500,Maize,192.01,71.99,4561.27,341.48,694.6098900000001,192.9332,170.74,342.09525,1400.3783400000002
FARM-02501,Sugarcane,208.05,102.99,18949.18,554.65,752.6357357142857,276.0132,277.325,1421.1885,2727.1624357142855
FARM-02502,Rice,148.74,94.52,11153.01,560.35,538.0775742857143,253.3136,280.175,836.47575,1908.0419242857142
FARM-02503,Wheat,117.56,40.19,4009.25,198.67,425.2816971428572,107.7092,99.335,300.69374999999997,933.0196471428571
FARM-02504,Rice,150.9,78.06,10046.73,379.46,545.8915285714286,209.20080000000002,189.73,753.50475,1698.3270785714285
FARM-02505,Sugarcane,229.38,138.38,17764.89,670.24,829.7985342857144,370.8584,335.12,1332.36675,2868.1436842857147
FARM-02506,Wheat,124.48,45.98,4422.49,235.29,450.3152914285714,123.2264,117.645,331.68674999999996,1022.8734414285714
FARM-02507,Wheat,112.89,61.73,3821.31,259.12,408.3876385714286,165.4364,129.56,286.59825,989.9822885714286
FARM-02508,Rice,143.92,54.16,9243.25,403.69,520.6408799999999,145.1488,201.845,693.24375,1560.8784299999998
FARM-02509,Sugarcane,217.3,124.51,18237.71,790.49,786.0982714285715,333.68680000000006,395.245,1367.8282499999998,2882.858321428571
FARM-02510,Soybean,45.98,38.38,3385.0,151.92,166.3359342857143,102.85840000000002,75.96,253.875,599.0293342857143
FARM-02511,Wheat,127.13,41.92,3683.19,187.72,459.9018557142857,112.3456,93.86,276.23924999999997,942.3467057142857
FARM-02512,Rice,125.64,68.79,10583.96,402.26,454.5116742857143,184.35720000000003,201.13,793.7969999999999,1633.7958742857143
FARM-02513,Soybean,41.88,63.36,4145.92,257.51,151.50389142857145,169.8048,128.755,310.944,761.0076914285714
FARM-02514,Sugarcane,213.17,140.32,15562.6,814.56,771.1577014285715,376.0576,407.28,1167.195,2721.6903014285713
FARM-02515,Wheat,146.68,66.11,10959.748670121293,203.89,530.6253771428571,177.1748,101.945,821.9811502590969,1631.726327401954
FARM-02516,Soybean,41.98,,4933.87,133.11,151.86564857142855,,66.555,370.04024999999996,
FARM-02517,Soybean,40.82,44.75,4042.52,224.97,147.6692657142857,119.93,112.485,303.18899999999996,683.2732657142857
FARM-02518,Soybean,42.85,52.8,3645.46,187.58,155.01293571428573,141.504,93.79,273.4095,663.7164357142858
FARM-02519,Sugarcane,211.42,139.17,16753.18,716.59,764.8269514285714,372.9756,358.295,1256.4885,2752.5860514285714
FARM-02520,Sugarcane,218.17,92.57,17578.82,406.2,789.2455585714285,248.0876,203.1,1318.4115,2558.844658571428
FARM-02521,Wheat,119.87,52.85,4228.06,215.29,433.63828714285717,141.638,107.645,317.10450000000003,1000.0257871428572
FARM-02522,Maize,197.99,67.21,4912.94,228.17,716.2429671428572,180.12279999999998,114.085,368.47049999999996,1378.9212671428572
FARM-02523,Sugarcane,243.96,94.96,18340.39,655.58,882.5427257142858,254.4928,327.79,1375.5292499999998,2840.3547757142856
FARM-02524,Maize,204.81,54.94,4982.01,250.64,740.9148042857144,147.2392,125.32,373.65075,1387.1247542857143
FARM-02525,Maize,182.3,46.64,4385.09,202.8,659.4832714285715,124.99520000000001,101.4,328.88175,1214.7602214285716
FARM-02526,Sugarcane,217.15,104.75,16559.11,692.04,785.5556357142858,280.73,346.02,1241.93325,2654.238885714286
FARM-02527,Sugarcane,220.03,100.27,18341.94,563.14,795.9742414285715,268.72360000000003,281.57,1375.6454999999999,2721.9133414285716
FARM-02528,Soybean,42.13,51.77,3633.57,255.28,152.4082842857143,138.74360000000001,127.64,272.51775,691.3096342857143
FARM-02529,Maize,168.76,76.43,5065.12,270.6,610.5013542857142,204.83240000000004,135.3,379.88399999999996,1330.5177542857143
FARM-02530,Soybean,35.86,53.98,,283.66,129.72611142857141,144.6664,141.83,,
FARM-02531,Maize,168.65,81.44,5332.99,287.48,610.1034214285716,218.2592,143.74,399.97425,1372.0768714285714
FARM-02532,Maize,177.4,63.43,4825.06,277.68,641.7571714285714,169.9924,138.84,361.8795,1312.4690714285714
FARM-02533,Sugarcane,239.2,98.63,16891.76,679.02,865.3230857142858,264.3284,339.51,1266.8819999999998,2736.0434857142855
FARM-02534,Sugarcane,220.7,99.91,17284.11,429.68,798.3980142857143,267.7588,214.84,1296.30825,2577.3050642857143
FARM-02535,Rice,147.05,77.29,11164.16,498.3,531.9638785714287,207.13720000000004,249.15,837.312,1825.5630785714288
FARM-02536,Wheat,121.69,58.79,4431.34,241.37,440.22226714285716,157.5572,120.685,332.3505,1050.814967142857
FARM-02537,Wheat,129.63,49.36,4102.04,166.09,468.94578428571435,132.28480000000002,83.045,307.65299999999996,991.9285842857144
FARM-02538,Soybean,40.37,61.08,4002.55,263.6,146.04135857142856,163.6944,131.8,300.19125,741.7270085714285
FARM-02539,Soybean,38.5,79.21,4361.1,293.67,139.2765,212.2828,146.835,327.08250000000004,825.4768000000001
FARM-02540,Wheat,134.16,57.29,4069.79,189.34,485.3333828571429,153.5372,94.67,305.23425,1038.7748328571429
FARM-02541,Soybean,40.03,54.92,3634.95,215.54,144.8113842857143,147.18560000000002,107.77,272.62125,672.3882342857144
FARM-02542,Sugarcane,221.18,113.14,17006.21,571.5,800.1344485714285,303.21520000000004,285.75,1275.4657499999998,2664.5653985714284
FARM-02543,Sugarcane,236.32,106.34,18421.92,588.22,854.90448,284.99120000000005,294.11,1381.6439999999998,2815.64968
FARM-02544,Wheat,109.43,55.2,4082.85,273.55,395.8708414285715,147.936,136.775,306.21375,986.7955914285715
FARM-02545,Sugarcane,222.65,79.66,17847.87,407.87,805.4522785714287,213.4888,203.935,1338.59025,2561.4663285714287
FARM-02546,Maize,180.87,66.52,5524.73,299.21,654.3101442857144,178.2736,149.605,414.35474999999997,1396.5434942857144
FARM-02547,Soybean,43.68,,3405.65,147.44,158.01551999999998,,73.72,255.42374999999998,
FARM-02548,Cotton,156.5,62.57,22819.311670654617,296.51,566.1499285714287,167.6876,148.255,1711.4483752990961,2593.5409038705247
FARM-02549,Sugarcane,229.22,81.2,16132.07,443.74,829.2197228571429,217.616,221.87,1209.90525,2478.6109728571428
FARM-02550,Rice,157.46,73.99,10908.2,466.3,569.6227971428573,198.29319999999998,233.15,818.115,1819.1809971428572
FARM-02551,Maize,179.68,61.85,5278.69,222.65,650.0052342857144,165.758,111.325,395.90174999999994,1322.9899842857144
FARM-02552,Cotton,125.38,79.94,24137.15811365185,453.28,453.57110571428575,214.2392,226.64,1810.2868585238887,2704.7371642381745
FARM-02553,Cotton,151.22,76.55,8627.91,501.52,547.0491514285713,205.154,250.76,647.09325,1650.0564014285715
FARM-02554,Wheat,,51.35,3952.18,275.32,,137.61800000000002,137.66,296.4135,
FARM-02555,Rice,149.7,89.11,9995.86,495.16,541.5504428571428,238.81480000000002,247.58,749.6895000000001,1777.634742857143
FARM-02556,Sugarcane,199.81,,17101.42,527.42,722.8269471428573,,263.71,1282.6064999999999,
FARM-02557,Cotton,149.33,68.14,8139.72,353.79,540.2119414285715,182.61520000000002,176.895,610.479,1510.2011414285716
FARM-02558,Wheat,134.2,43.77,4570.89,193.83,485.4780857142857,117.30360000000002,96.915,342.81675,1042.5134357142856
FARM-02559,Soybean,55.28,46.49,4194.67,174.97,199.9793485714286,124.59320000000001,87.485,314.60025,726.6577985714287
FARM-02560,Soybean,50.4,54.28,3254.69,273.01,182.3256,145.4704,136.505,244.10174999999998,708.40275
FARM-02561,Wheat,120.82,55.22,3318.33,174.43,437.07498,147.9896,87.215,248.87474999999998,921.15433
FARM-02562,Cotton,167.3,58.58,7506.0,463.31,605.2197000000001,156.9944,231.655,562.9499999999999,1556.8191000000002
FARM-02563,Cotton,152.71,66.67,7962.95,350.08,552.4393328571429,178.6756,175.04,597.2212499999999,1503.3761828571428
FARM-02564,Sugarcane,202.95,108.13,17016.53,657.13,734.1861214285714,289.7884,328.565,1276.23975,2628.7792714285715
FARM-02565,Sugarcane,221.51,87.72,18719.94,464.68,801.3282471428571,235.08960000000002,232.34,1403.9954999999998,2672.753347142857
FARM-02566,Rice,142.64,69.56,9167.36,412.85,516.0103885714286,186.4208,206.425,687.552,1596.4081885714286
FARM-02567,Maize,193.32,60.13,5733.05,309.57,699.3489085714286,161.1484,154.785,429.97875,1445.2610585714287
FARM-02568,Cotton,134.25,81.36,7446.65,413.02,485.6589642857143,218.0448,206.51,558.49875,1468.7125142857144
FARM-02569,Maize,178.87,78.33,4265.99,337.88,647.0750014285716,209.92440000000002,168.94,319.94924999999995,1345.8886514285714
FARM-02570,Maize,218.34,100.83,4614.24,444.3,789.8605457142858,270.2244,222.15,346.068,1628.302945714286
FARM-02571,Wheat,119.67,47.05,4076.86,158.93,432.9147728571429,126.094,79.465,305.7645,944.238272857143
FARM-02572,Soybean,35.0,43.18,4588.16,193.55,126.61500000000001,115.72240000000001,96.775,344.11199999999997,683.2244
FARM-02573,Soybean,48.4,69.18,4535.73,311.38,175.09045714285713,185.40240000000003,155.69,340.17974999999996,856.3626071428571
FARM-02574,Soybean,39.03,59.5,4129.22,328.32,141.19381285714286,159.46,164.16,309.6915,774.5053128571428
FARM-02575,Sugarcane,231.45,87.99,18600.05,585.81,837.2869071428572,235.8132,292.905,1395.0037499999999,2761.008857142857
FARM-02576,Soybean,43.19,48.34,3913.01,186.34,156.24291000000002,129.55120000000002,93.17,293.47575,672.4398600000001
FARM-02577,Sugarcane,233.23,66.5,17595.21,328.74,843.7261842857142,178.22,164.37,1319.6407499999998,2505.956934285714
FARM-02578,Soybean,54.65,66.65,3962.37,183.16,197.70027857142856,178.622,91.58,297.17775,765.0800285714286
FARM-02579,Wheat,135.44,56.02,,253.46,489.96387428571427,150.13360000000003,126.73,,
FARM-02580,Wheat,129.11,51.09,4520.24,262.78,467.0646471428572,136.92120000000003,131.39,339.018,1074.393847142857
FARM-02581,Sugarcane,220.95,86.77,16184.26,489.01,799.3024071428572,232.5436,244.505,1213.8195,2490.1705071428573
FARM-02582,Sugarcane,190.21,95.43,17617.75,552.8,688.0982614285715,255.75240000000002,276.4,1321.33125,2541.5819114285714
FARM-02583,Sugarcane,235.28,127.8,19286.54,625.84,851.1422057142859,342.504,312.92,1446.4905,2953.056705714286
FARM-02584,Sugarcane,210.34,94.0,16576.91,476.41,760.9199742857143,251.92000000000002,238.205,1243.2682499999999,2494.313224285714
FARM-02585,Cotton,132.06,43.92,8095.81,234.89,477.73648285714285,117.70560000000002,117.445,607.18575,1320.0728328571427
FARM-02586,Maize,611.0649102227374,58.31,4351.44,400.86,2210.5709602243396,156.2708,200.43,326.35799999999995,2893.6297602243394
FARM-02587,Soybean,46.1,75.67,4088.7,247.73,166.77004285714287,202.7956,123.865,306.6525,800.0831428571428
FARM-02588,Rice,141.32,119.35,10743.82,687.05,511.2351942857142,319.858,343.525,805.7864999999999,1980.4046942857142
FARM-02589,Sugarcane,227.83,92.45,16041.05,621.61,824.1912985714287,247.76600000000002,310.805,1203.07875,2585.8410485714285
FARM-02590,Wheat,127.7,48.93,4446.0,261.91,461.96387142857145,131.13240000000002,130.955,333.45,1057.5012714285715
FARM-02591,Cotton,141.07,52.49,7855.1,244.28,510.3308014285715,140.6732,122.14,589.1325,1362.2765014285715
FARM-02592,Wheat,137.93,53.97,4176.18,288.24,498.9716271428572,144.6396,144.12,313.2135,1100.9447271428571
FARM-02593,Wheat,119.04,50.14,4444.64,160.64,430.63570285714286,134.3752,80.32,333.348,978.6789028571427
FARM-02594,Rice,152.08,103.46,8872.64,406.12,550.160262857143,277.2728,203.06,665.448,1695.9410628571432
FARM-02595,Rice,149.76,90.41,10425.52,423.54,541.7674971428571,242.2988,211.77,781.914,1777.750297142857
FARM-02596,Rice,160.22,106.29,8641.37,462.93,579.6072942857143,284.85720000000003,231.465,648.10275,1744.0322442857143
FARM-02597,Rice,154.63,97.84,9764.31,541.71,559.38507,262.2112,270.855,732.3232499999999,1824.77452
FARM-02598,Wheat,132.4,39.8,4716.68,162.78,478.96645714285717,106.664,81.39,353.75100000000003,1020.7714571428571
FARM-02599,Wheat,123.32,53.89,3550.79,175.57,446.11890857142856,144.42520000000002,87.785,266.30924999999996,944.6383585714284
FARM-02600,Rice,160.11,98.74,10070.44,523.31,579.2093614285716,264.6232,261.655,755.283,1860.7705614285715
FARM-02601,Sugarcane,214.95,100.9,17599.84,696.79,777.5969785714285,270.41200000000003,348.395,1319.988,2716.391978571429
FARM-02602,Rice,136.46,81.89,9163.22,571.11,493.6537971428572,219.4652,285.555,687.2415,1685.915497142857
FARM-02603,Cotton,150.13,58.19,6578.74,454.48,543.1059985714285,155.9492,227.24,493.40549999999996,1419.7006985714283
FARM-02604,Maize,186.54,78.95,5398.86,373.25,674.8217742857144,211.586,186.625,404.9145,1477.9472742857142
FARM-02605,Sugarcane,222.56,118.28,19311.86,736.1,805.1266971428572,316.9904,368.05,1448.3895,2938.5565971428573
FARM-02606,Sugarcane,234.47,92.83,17618.7,514.9,848.2119728571429,248.7844,257.45,1321.4025,2675.848872857143
FARM-02607,Sugarcane,214.34,87.4,17677.18,536.97,775.39026,234.23200000000003,268.485,1325.7884999999999,2603.8957600000003
FARM-02608,Wheat,128.96,46.15,3212.22,195.2,466.52201142857143,123.682,97.6,240.91649999999998,928.7205114285714
FARM-02609,Maize,175.82,92.16,4683.18,321.92,636.0414085714286,246.9888,160.96,351.2385,1395.2287085714286
FARM-02610,Cotton,169.93,65.46,8121.45,407.16,614.7339128571429,175.4328,203.58,609.10875,1602.8554628571428
FARM-02611,Wheat,128.82,42.56,3976.95,236.1,466.0155514285714,114.06080000000001,118.05,298.27124999999995,996.3976014285713
FARM-02612,Soybean,56.75,59.41,3317.68,263.76,205.2971785714286,159.2188,131.88,248.82599999999996,745.2219785714285
FARM-02613,Maize,206.83,83.74,4953.91,407.33,748.2222985714286,224.4232,203.665,371.54325,1547.8537485714285
FARM-02614,Cotton,156.11,71.64,6528.32,411.97,564.7390757142857,191.9952,205.985,489.62399999999997,1452.3432757142857
FARM-02615,Cotton,162.48,54.14,7718.78,348.69,587.7830057142857,145.0952,174.345,578.9085,1486.1317057142855
FARM-02616,Maize,168.98,64.38,5115.62,223.7,611.29722,172.5384,111.85,383.6715,1279.3571200000001
FARM-02617,Soybean,38.29,49.12,3411.41,251.67,138.51681,131.6416,125.835,255.85574999999997,651.84916
FARM-02618,Maize,202.04,57.13,4761.53,289.89,730.8941314285714,153.10840000000002,144.945,357.11474999999996,1386.0622814285714
FARM-02619,Rice,135.86,69.44,10086.01,410.45,491.48325428571434,186.0992,205.225,756.45075,1639.2582042857143
FARM-02620,Rice,142.99,66.36,10091.18,495.11,517.2765385714285,177.84480000000002,247.555,756.8385,1699.5148385714288
FARM-02621,Rice,125.85,83.48,10142.76,431.03,455.2713642857143,223.7264,215.515,760.707,1655.2197642857143
FARM-02622,Maize,211.9,90.93,4992.72,363.72,766.5633857142857,243.69240000000002,181.86,374.454,1566.5697857142857
FARM-02623,Maize,207.55,249.75093286079763,5011.58,328.54,750.8269500000001,669.3325000669377,164.27,375.8685,1960.2979500669378
FARM-02624,Sugarcane,229.89,86.24,65323.44036306888,401.22,831.6434957142857,231.1232,200.61,4899.258027230166,6162.634722944451
FARM-02625,Rice,145.51,80.95,10875.97,383.8,526.3928185714285,216.94600000000003,191.9,815.6977499999999,1750.9365685714283
FARM-02626,Cotton,142.13,47.38,6935.5,267.94,514.1654271428572,126.97840000000001,133.97,520.1625,1295.276327142857
FARM-02627,Cotton,132.67,51.29,8157.14,227.14,479.9432014285714,137.4572,113.57,611.7855,1342.7559014285714
FARM-02628,Maize,210.93,92.42,5506.88,347.99,763.0543414285715,247.68560000000002,173.995,413.016,1597.7509414285717
FARM-02629,Cotton,123.6,60.58,7389.0,337.99,447.1318285714286,162.3544,168.995,554.175,1332.6562285714285
FARM-02630,Cotton,159.38,54.84,7481.94,355.68,576.5685342857143,146.9712,177.84,561.1455,1462.5252342857143
FARM-02631,Soybean,49.43,50.81,3548.03,212.69,178.8165557142857,136.1708,106.345,266.10225,687.4346057142858
FARM-02632,Soybean,46.85,57.41,3870.49,197.87,169.48322142857145,153.8588,98.935,290.28675,712.5637714285715
FARM-02633,Soybean,44.17,62.24,3746.8,249.79,159.78813000000002,166.8032,124.895,281.01,732.49633
FARM-02634,Sugarcane,222.09,87.08,15635.2,589.56,803.4264385714287,233.3744,294.78,1172.64,2504.2208385714284
FARM-02635,Rice,159.42,,8296.87,329.64,576.713237142857,,164.82,622.26525,
FARM-02636,Maize,192.6,48.53,5525.05,174.45,696.7442571428571,130.06040000000002,87.225,414.37875,1328.4084071428572
FARM-02637,Soybean,41.36,49.93,4957.43,224.42,149.62275428571428,133.8124,112.21,371.80725,767.4524042857142
FARM-02638,Maize,194.88,70.4,4541.58,325.37,704.9923200000001,188.67200000000003,162.685,340.6185,1396.96782
FARM-02639,Cotton,438.5966754044365,72.59,6949.48,449.08,1586.6548016095066,194.54120000000003,224.54,521.2109999999999,2526.9470016095065
FARM-02640,Wheat,142.72,56.06,4321.4,225.47,516.2997942857144,150.2408,112.735,324.10499999999996,1103.3805942857143
FARM-02641,Maize,209.72,94.59,5379.32,418.85,758.6770800000002,253.5012,209.425,403.44899999999996,1625.0522800000003
FARM-02642,Sugarcane,225.07,99.45,17577.5,528.51,814.2068014285715,266.526,264.255,1318.3125,2663.3003014285714
FARM-02643,Sugarcane,228.5,101.98,15491.91,536.63,826.6150714285714,273.30640000000005,268.315,1161.8932499999999,2530.1297214285714
FARM-02644,Wheat,114.67,50.1,3998.32,202.95,414.82691571428575,134.268,101.475,299.874,950.4439157142858
FARM-02645,Sugarcane,,92.01,16351.18,480.64,,246.58680000000004,240.32,1226.3385,
FARM-02646,Sugarcane,206.61,86.03,17965.36,389.32,747.426432857143,230.56040000000002,194.66,1347.402,2520.048832857143
FARM-02647,Rice,158.14,84.74,9108.52,372.0,572.0827457142857,227.1032,186.0,683.139,1668.3249457142856
FARM-02648,Sugarcane,216.52,87.85,15783.24,453.99,783.2765657142859,235.438,226.995,1183.743,2429.452565714286
FARM-02649,Soybean,,60.3,4220.55,239.77,,161.604,119.885,316.54125,
FARM-02650,Soybean,53.2,53.8,3273.13,247.41,192.4548,144.184,123.705,245.48475,705.82855
FARM-02651,Cotton,159.21,83.03,7215.9,403.92,575.9535471428571,222.52040000000002,201.96,541.1925,1541.6264471428572
FARM-02652,Wheat,113.67,47.46,3845.85,200.6,411.20934428571434,127.1928,100.3,288.43874999999997,927.1408942857142
FARM-02653,Maize,170.76,94.09,4838.28,319.84,617.7364971428572,252.16120000000004,159.92,362.871,1392.688697142857
FARM-02654,Sugarcane,220.98,67.53,16538.3,409.53,799.4109342857143,180.9804,204.765,1240.3725,2425.5288342857143
FARM-02655,Soybean,,42.94,4616.22,180.51,,115.0792,90.255,346.2165,
FARM-02656,Wheat,141.63,59.32,4460.24,300.56,512.3566414285715,158.97760000000002,150.28,334.518,1156.1322414285714
FARM-02657,Maize,183.99,52.15,5319.95,278.3,665.5969671428572,139.762,139.15,398.99625,1343.5052171428572
FARM-02658,Sugarcane,233.72,72.53,17482.8,380.03,845.4987942857143,194.3804,190.015,1311.2099999999998,2541.1041942857137
FARM-02659,Maize,185.59,59.94,5954.59,260.67,671.3850814285715,160.63920000000002,130.335,446.59425,1408.9535314285718
FARM-02660,Cotton,140.82,43.17,7100.63,245.73,509.4264085714285,115.69560000000001,122.865,532.54725,1280.5342585714284
FARM-02661,Soybean,44.53,59.64,4110.52,156.79,161.09045571428572,159.83520000000001,78.395,308.28900000000004,707.6096557142857
FARM-02662,Cotton,149.85,53.05,6344.14,268.17,542.0930785714286,142.174,134.085,475.8105,1294.1625785714286
FARM-02663,Wheat,139.71,40.42,4968.04,163.2,505.4109042857143,108.32560000000001,81.6,372.603,1067.9395042857143
FARM-02664,Sugarcane,221.88,105.57,18404.44,614.54,802.6667485714286,282.9276,307.27,1380.3329999999999,2773.1973485714284
FARM-02665,Soybean,47.32,64.47,4319.41,224.88,171.18348000000003,172.77960000000002,112.44,323.95574999999997,780.35883
FARM-02666,Maize,170.59,60.0,5277.69,261.92,617.1215100000001,160.8,130.96,395.82674999999995,1304.70826
FARM-02667,Cotton,164.23,95.86,8525.21,500.27,594.1137557142857,256.9048,250.135,639.3907499999999,1740.5443057142857
FARM-02668,Cotton,156.05,84.42,7501.85,378.03,564.5220214285714,226.24560000000002,189.015,562.63875,1542.4213714285713
FARM-02669,Maize,184.19,96.23,4748.79,381.16,666.3204814285715,257.8964,190.58,356.15925,1470.9561314285713
FARM-02670,Sugarcane,232.66,109.86,16556.99,598.18,841.6641685714285,294.4248,299.09,1241.7742500000002,2676.953218571429
FARM-02671,Sugarcane,216.05,91.79,17578.94,637.82,781.5763071428572,245.99720000000002,318.91,1318.4205,2664.904007142857
FARM-02672,Soybean,55.07,72.64,4550.45,351.65,199.21965857142857,194.67520000000002,175.825,341.28375,911.0036085714287
FARM-02673,Rice,159.26,69.95,11209.32,483.31,576.1344257142857,187.466,241.655,840.699,1845.9544257142857
FARM-02674,Maize,162.66,77.58,4315.24,247.37,588.4341685714286,207.9144,123.685,323.643,1243.6765685714286
FARM-02675,Rice,135.55,74.03,11006.74,441.76,490.36180714285723,198.40040000000002,220.88,825.5055,1735.1477071428571
FARM-02676,Wheat,133.15,62.69,4038.59,238.76,481.6796357142857,168.0092,119.38,302.89425,1071.9630857142856
FARM-02677,Soybean,32.4,62.84,4062.95,263.51,117.2093142857143,168.4112,131.755,304.72125,722.0967642857142
FARM-02678,Cotton,141.61,64.15,6909.26,339.71,512.28429,171.92200000000003,169.855,518.1945,1372.2557900000002
FARM-02679,Cotton,161.86,69.2,7526.35,396.22,585.5401114285714,185.45600000000002,198.11,564.47625,1533.5823614285714
FARM-02680,Sugarcane,232.15,112.09,,597.72,839.8192071428572,300.4012,298.86,,
FARM-02681,Maize,,55.09,5027.78,243.08,,147.64120000000003,121.54,377.08349999999996,
FARM-02682,Sugarcane,194.52,81.73,19505.56,616.23,703.6899942857144,219.03640000000001,308.115,1462.9170000000001,2693.7583942857145
FARM-02683,Cotton,146.67,70.74,7091.29,464.46,530.5892014285714,189.5832,232.23,531.8467499999999,1484.2491514285714
FARM-02684,Wheat,122.81,42.76,3694.99,191.84,444.2739471428572,114.5968,95.92,277.12424999999996,931.9149971428571
FARM-02685,Soybean,46.02,60.99,3937.04,215.12,166.48063714285718,163.4532,107.56,295.27799999999996,732.7718371428572
FARM-02686,Maize,203.61,65.62,5722.08,230.19,736.5737185714287,175.8616,115.095,429.156,1456.6863185714287
FARM-02687,Wheat,119.57,66.81,3971.64,249.86,432.5530157142857,179.0508,124.93,297.873,1034.4068157142858
FARM-02688,Sugarcane,224.82,80.53,16255.25,489.02,813.3024085714287,215.8204,244.51,1219.14375,2492.7765585714287
FARM-02689,Wheat,125.74,71.39,4183.43,214.7,454.87343142857145,191.32520000000002,107.35,313.75725,1067.3058814285714
FARM-02690,Soybean,37.56,41.57,3350.64,127.4,135.8759828571429,111.4076,63.7,251.29799999999997,562.2815828571429
FARM-02691,Maize,206.38,62.13,4830.89,278.73,746.5943914285715,166.50840000000002,139.365,362.31675,1414.7845414285716
FARM-02692,Cotton,146.24,82.07,6332.06,424.06,529.0336457142859,219.9476,212.03,474.9045,1435.9157457142858
FARM-02693,Sugarcane,216.85,111.51,17377.04,578.2,784.4703642857144,298.84680000000003,289.1,1303.278,2675.695164285715
FARM-02694,Maize,168.67,78.61,4642.25,263.59,610.1757728571429,210.6748,131.795,348.16875,1300.8143228571428
FARM-02695,Maize,196.93,71.13,5929.82,267.28,712.4083414285715,190.6284,133.64,444.7365,1481.4132414285714
FARM-02696,Maize,187.14,85.6,5274.71,222.73,676.9923171428572,229.408,111.365,395.60325,1413.3685671428573
FARM-02697,Wheat,116.48,56.89,3752.37,331.34,421.37472,152.4652,165.67,281.42775,1020.93767
FARM-02698,Wheat,137.95,63.73,4772.03,292.55,499.04397857142857,170.7964,146.275,357.90225,1174.0176285714285
FARM-02699,Sugarcane,199.88,87.06,18097.45,536.89,723.0801771428571,233.32080000000002,268.445,1357.30875,2582.154727142857
FARM-02700,Cotton,144.83,65.65,7144.9,412.29,523.9328700000001,175.94200000000004,206.145,535.8675,1441.88737
FARM-02701,Soybean,34.05,40.19,3776.01,176.04,123.17830714285716,107.7092,88.02,283.20075,602.1082571428572
FARM-02702,Soybean,40.93,43.98,3437.26,263.34,148.06719857142858,117.8664,131.67,257.7945,655.3980985714286
FARM-02703,Rice,155.37,87.34,11081.36,440.0,562.062072857143,234.07120000000003,220.0,831.102,1847.2352728571432
FARM-02704,Cotton,139.99,64.61,8491.7,357.48,506.4238242857143,173.15480000000002,178.74,636.8775,1495.1961242857144
FARM-02705,Rice,156.09,98.21,10944.08,491.89,564.6667242857143,263.2028,245.945,820.8059999999999,1894.620524285714
FARM-02706,Rice,159.59,104.36,10856.72,511.26,577.3282242857143,279.6848,255.63,814.2539999999999,1926.8970242857142
FARM-02707,Wheat,115.57,48.91,3700.47,247.51,418.08273,131.0788,123.755,277.53524999999996,950.4517800000001
FARM-02708,Sugarcane,210.54,144.6,17459.72,793.26,761.6434885714286,387.528,396.63,1309.479,2855.2804885714286
FARM-02709,Cotton,137.01,59.37,7152.52,256.65,495.6434614285714,159.1116,128.325,536.439,1319.5190614285716
FARM-02710,Cotton,150.85,69.01,7988.26,358.69,545.71065,184.94680000000002,179.345,599.1195,1509.1219500000002
FARM-02711,Maize,174.04,79.9,5215.18,326.6,629.6021314285715,214.13200000000003,163.3,391.1385,1398.1726314285715
FARM-02712,Sugarcane,196.41,106.7,18264.95,651.75,710.5272042857143,285.956,325.875,1369.87125,2692.2294542857144
FARM-02713,Rice,,77.79,11586.57,366.27,,208.47720000000004,183.135,868.99275,
FARM-02714,Wheat,116.35,59.28,3104.11,,420.90443571428574,158.87040000000002,,232.80825,
FARM-02715,Maize,199.5,75.73,5742.93,235.97,721.7055,202.95640000000003,117.985,430.71975000000003,1473.36665
FARM-02716,Cotton,172.23,82.15,7294.47,483.9,623.0543271428571,220.16200000000003,241.95,547.08525,1632.251577142857
FARM-02717,Wheat,129.63,75.4,3854.11,248.15,468.94578428571435,202.07200000000003,124.075,289.05825,1084.1510342857143
FARM-02718,Rice,157.46,67.01,10465.85,374.76,569.6227971428573,179.5868,187.38,784.93875,1721.5283471428575
FARM-02719,Wheat,134.21,58.93,3920.82,277.58,485.5142614285715,157.9324,138.79,294.0615,1076.2981614285713
FARM-02720,Wheat,123.58,43.43,4853.27,174.84,447.0594771428572,116.39240000000001,87.42,363.99525,1014.8671271428573
FARM-02721,Soybean,36.81,64.19,4437.71,281.41,133.1628042857143,172.0292,140.705,332.82824999999997,778.7252542857143
FARM-02722,Maize,206.89,51.75,4774.3,331.77,748.4393528571429,138.69,165.885,358.0725,1411.086852857143
FARM-02723,Maize,180.42,41.25,4624.01,253.73,652.6822371428572,110.55000000000001,126.865,346.80075,1236.8979871428573
FARM-02724,Cotton,149.17,55.18,7800.82,330.61,539.63313,147.88240000000002,165.305,585.0614999999999,1437.8820300000002
FARM-02725,Wheat,126.78,67.51,3083.61,258.6,458.6357057142858,180.92680000000001,129.3,231.27075,1000.1332557142858
FARM-02726,Soybean,50.16,53.54,3760.9,259.11,181.45738285714285,143.4872,129.555,282.0675,736.5670828571429
FARM-02727,Rice,,87.66,9830.1,534.74,,234.9288,267.37,737.2575,
FARM-02728,Rice,143.03,67.14,11075.02,420.41,517.4212414285714,179.9352,210.205,830.6265,1738.1879414285713
FARM-02729,Wheat,120.83,59.88,4690.26,248.78,437.11115571428576,160.47840000000002,124.39,351.7695,1073.7490557142858
FARM-02730,Sugarcane,200.71,97.5,16242.29,537.28,726.0827614285715,261.3,268.64,1218.17175,2474.1945114285713
FARM-02731,Sugarcane,236.95,98.57,17059.57,577.75,857.1835500000001,264.1676,288.875,1279.46775,2689.6939
FARM-02732,Wheat,120.38,37.02,3842.04,204.65,435.4832485714286,99.21360000000001,102.325,288.15299999999996,925.1748485714286
FARM-02733,Maize,184.06,73.85,4314.86,343.7,665.8501971428573,197.918,171.85,323.61449999999996,1359.2326971428572
FARM-02734,Sugarcane,232.07,113.42,17858.02,653.95,839.5298014285715,303.9656,326.975,1339.3515,2809.8219014285714
FARM-02735,Sugarcane,232.71,104.6,18681.09,644.7,841.8450471428573,280.328,322.35,1401.08175,2845.604797142857
FARM-02736,Rice,149.72,52.37,10903.79,266.15,541.6227942857142,140.3516,133.075,817.78425,1632.8336442857144
FARM-02737,Wheat,119.37,51.71,4144.65,195.27,431.82950142857146,138.58280000000002,97.635,310.84874999999994,978.8960514285714
FARM-02738,Maize,184.42,61.78,4602.99,310.31,667.1525228571429,165.5704,155.155,345.22425,1333.102172857143
FARM-02739,Maize,184.89,66.84,4760.27,319.13,668.8527814285713,179.1312,159.565,357.02025000000003,1364.5692314285714
FARM-02740,Rice,139.09,88.27,9993.17,585.94,503.16801000000004,236.5636,292.97,749.48775,1782.18936
FARM-02741,Soybean,48.13,45.9,4059.79,207.86,174.11371285714287,123.012,103.93,304.48425,705.5399628571429
FARM-02742,Soybean,46.08,51.27,4497.53,235.93,166.69769142857143,137.4036,117.965,337.31474999999995,759.3810414285715
FARM-02743,Maize,205.24,52.54,5485.8,237.9,742.4703600000001,140.8072,118.95,411.435,1413.6625600000002
FARM-02744,Maize,189.35,,5120.17,271.15,684.98715,,135.575,384.01275,
FARM-02745,Wheat,139.23,52.47,3616.51,189.96,503.6744699999999,140.6196,94.98,271.23825,1010.5123199999999
FARM-02746,Sugarcane,199.81,83.07,19159.89,482.82,722.8269471428573,222.6276,241.41,1436.99175,2623.8562971428573
FARM-02747,Sugarcane,206.47,99.77,16842.19,685.18,746.919972857143,267.3836,342.59,1263.1642499999998,2620.057822857143
FARM-02748,Sugarcane,237.19,118.75,17048.01,639.06,858.0517671428572,318.25,319.53,1278.6007499999998,2774.4325171428573
FARM-02749,Sugarcane,223.39,112.98,19204.02,662.96,808.1292814285714,302.7864,331.48,1440.3015,2882.6971814285716
FARM-02750,Sugarcane,227.65,105.63,18160.69,649.13,823.5401357142857,283.0884,324.565,1362.0517499999999,2793.2452857142853
FARM-02751,Cotton,145.21,72.23,7094.85,301.4,525.3075471428573,193.57640000000004,150.7,532.11375,1401.6976971428574
FARM-02752,Soybean,33.52,65.72,4482.75,238.68,121.2609942857143,176.1296,119.34,336.20625,752.9368442857144
FARM-02753,Maize,194.02,79.71,5536.14,253.99,701.8812085714287,213.62279999999998,126.995,415.2105,1457.7095085714286
FARM-02754,Wheat,138.58,50.83,4361.36,247.73,501.3230485714286,136.2244,123.865,327.102,1088.5144485714286
FARM-02755,Sugarcane,208.15,121.19,18169.28,632.11,752.997492857143,324.7892,316.055,1362.696,2756.537692857143
FARM-02756,Maize,156.85,78.8,5472.59,274.0,567.4160785714287,211.184,137.0,410.44425,1326.0443285714287
FARM-02757,Wheat,140.66,44.48,3635.04,162.31,508.8475971428571,119.2064,81.155,272.628,981.8369971428572
FARM-02758,Rice,169.27,86.27,10592.39,396.32,612.3463157142858,231.2036,198.16,794.4292499999999,1836.1391657142858
FARM-02759,Sugarcane,214.27,110.0,17109.37,579.37,775.1370300000001,294.8,289.685,1283.20275,2642.82478
FARM-02760,Sugarcane,183.19,60.18,18596.57,428.49,662.7029100000001,161.2824,214.245,1394.74275,2432.97306
FARM-02761,Sugarcane,215.55,100.08,18069.47,533.36,779.7675214285715,268.2144,266.68,1355.21025,2669.8721714285716
FARM-02762,Cotton,137.62,61.24,8150.5,255.08,497.85018,164.12320000000003,127.54,611.2875,1400.80088
FARM-02763,Sugarcane,207.07,91.15,16174.01,544.16,749.0905157142859,244.28200000000004,272.08,1213.0507499999999,2478.5032657142856
FARM-02764,Wheat,116.62,60.07,3232.98,204.41,421.88118000000003,160.98760000000001,102.205,242.4735,927.54728
FARM-02765,Soybean,35.49,57.84,3389.51,283.44,128.38761,155.01120000000003,141.72,254.21325000000002,679.3320600000001
FARM-02766,Soybean,,58.91,4115.27,281.85,,157.8788,140.925,308.64525000000003,
FARM-02767,Maize,185.54,80.66,5172.12,298.36,671.204202857143,216.1688,149.18,387.909,1424.462002857143
FARM-02768,Soybean,41.26,44.03,3874.23,241.12,149.26099714285715,118.00040000000001,120.56,290.56725,678.3886471428572
FARM-02769,Sugarcane,230.25,114.31,18267.34,695.48,832.9458214285714,306.35080000000005,347.74,1370.0505,2857.0871214285717
FARM-02770,Rice,162.39,115.69,8567.48,620.57,587.4574242857143,310.0492,310.285,642.5609999999999,1850.3526242857142
FARM-02771,Rice,159.83,68.95,8704.63,451.7,578.1964414285716,184.78600000000003,225.85,652.8472499999999,1641.6796914285715
FARM-02772,Maize,162.07,,5023.63,304.04,586.2998014285714,,152.02,376.77225,
FARM-02773,Wheat,135.38,65.71,3962.1,284.75,489.74682,176.1028,142.375,297.15749999999997,1105.38212
FARM-02774,Cotton,163.25,67.77,7931.72,,590.5685357142856,181.6236,,594.879,
FARM-02775,Sugarcane,214.07,92.11,18205.21,601.42,774.4135157142857,246.8548,300.71,1365.3907499999998,2687.3690657142856
FARM-02776,Soybean,37.7,64.06,3696.11,261.1,136.38244285714288,171.6808,130.55,277.20825,715.8214928571429
FARM-02777,Rice,510.4067490986857,97.36,10071.06,,1846.432872489431,260.9248,,755.3294999999999,
FARM-02778,Sugarcane,203.79,69.77,16881.88,425.24,737.2248814285715,186.9836,212.62,1266.141,2402.9694814285717
FARM-02779,Soybean,55.08,53.31,3554.68,295.54,199.2558342857143,142.8708,147.77,266.601,756.4976342857143
FARM-02780,Wheat,110.98,56.87,3569.78,215.88,401.47807714285716,152.4116,107.94,267.7335,929.5631771428573
FARM-02781,Soybean,50.53,72.28,4269.46,300.87,182.7958842857143,193.71040000000002,150.435,320.2095,847.1507842857143
FARM-02782,Sugarcane,225.91,113.77,19530.92,504.11,817.2455614285714,304.9036,252.055,1464.8189999999997,2839.0231614285713
FARM-02783,Rice,165.33,81.54,10615.58,416.99,598.0930842857144,218.52720000000002,208.495,796.1685,1821.2837842857145
FARM-02784,Wheat,128.6,60.73,3835.56,173.93,465.21968571428573,162.7564,86.965,287.667,1002.6080857142858
FARM-02785,Sugarcane,233.84,103.63,17735.88,589.99,845.9329028571428,277.7284,294.995,1330.191,2748.8473028571425
FARM-02786,Wheat,114.75,33.0,3258.47,109.19,415.1163214285715,88.44000000000001,54.595,244.38524999999998,802.5365714285715
FARM-02787,Maize,173.11,79.25,4546.61,366.64,626.2377900000001,212.39000000000001,183.32,340.99575,1362.9435400000002
FARM-02788,Cotton,126.31,64.25,8310.99,442.37,456.9354471428572,172.19,221.185,623.32425,1473.634697142857
FARM-02789,Cotton,143.32,62.91,7246.43,302.44,518.4703371428571,168.5988,151.22,543.48225,1381.7713871428573
FARM-02790,Soybean,56.99,43.21,4683.09,214.4,206.16539571428575,115.8028,107.2,351.23175,780.3999457142856
FARM-02791,Sugarcane,216.2,114.95,17339.98,618.57,782.1189428571429,308.06600000000003,309.285,1300.4985,2699.9684428571427
FARM-02792,Cotton,164.33,58.2,7301.15,286.69,594.4755128571429,155.97600000000003,143.345,547.58625,1441.382762857143
FARM-02793,Cotton,135.67,66.13,6861.23,417.48,490.7959157142857,177.2284,208.74,514.5922499999999,1391.3565657142856
FARM-02794,Sugarcane,242.75,122.99,18361.18,639.58,878.1654642857144,329.6132,319.79,1377.0885,2904.6571642857143
FARM-02795,Sugarcane,230.79,89.88,16568.89,603.02,834.89931,240.8784,301.51,1242.6667499999999,2619.95446
FARM-02796,Soybean,51.05,60.35,3731.99,227.43,184.67702142857144,161.738,113.715,279.89925,740.0292714285715
FARM-02797,Sugarcane,239.42,102.44,19484.32,468.12,866.1189514285713,274.5392,234.06,1461.3239999999998,2836.042151428571
FARM-02798,Cotton,166.46,92.03,6673.31,508.64,602.18094,246.64040000000003,254.32,500.49825,1603.6395899999998
FARM-02799,Rice,128.96,70.91,9374.04,343.08,466.52201142857143,190.0388,171.54,703.053,1531.1538114285713
FARM-02800,Wheat,102.0,54.98,4385.8,,368.9922857142857,147.3464,,328.935,
FARM-02801,Wheat,115.17,48.67,3917.33,256.34,416.6357014285714,130.43560000000002,128.17,293.79974999999996,969.0410514285713
FARM-02802,Sugarcane,205.74,101.0,17351.8,515.53,744.2791457142858,270.68,257.765,1301.385,2574.1091457142857
FARM-02803,Wheat,129.57,57.08,3994.84,301.04,468.72873,152.9744,150.52,299.613,1071.83613
FARM-02804,Soybean,43.43,56.13,3899.25,232.86,157.11112714285713,150.4284,116.43,292.44374999999997,716.4132771428572
FARM-02805,Soybean,42.2,49.39,3933.93,259.32,152.6615142857143,132.36520000000002,129.66,295.04474999999996,709.7314642857143
FARM-02806,Rice,140.84,71.67,11189.37,426.81,509.49875999999995,192.0756,213.405,839.20275,1754.18211
FARM-02807,Maize,196.41,93.66,4909.0,392.67,710.5272042857143,251.0088,196.335,368.175,1526.0460042857144
FARM-02808,Sugarcane,218.95,105.82,17662.81,577.79,792.0672642857141,283.5976,288.895,1324.71075,2689.270614285714
FARM-02809,Wheat,128.7,68.86,4201.21,265.14,465.58144285714286,184.5448,132.57,315.09075,1097.7869928571429
FARM-02810,Sugarcane,231.72,135.39,17653.86,760.08,838.2636514285714,362.8452,380.04,1324.0395,2905.1883514285714
FARM-02811,Cotton,143.71,79.57,7639.6,461.31,519.8811900000001,213.2476,230.655,572.97,1536.7537900000002
FARM-02812,Wheat,126.9,38.91,3702.59,185.77,459.0698142857143,104.2788,92.885,277.69425,933.9278642857143
FARM-02813,Cotton,149.43,62.25,7154.94,316.24,540.5736985714286,166.83,158.12,536.6205,1402.1441985714287
FARM-02814,Cotton,168.38,47.06,8026.62,306.16,609.1266771428573,126.12080000000002,153.08,601.9965,1490.3239771428573
FARM-02815,Sugarcane,219.29,102.52,17551.01,563.84,793.2972385714286,274.7536,281.92,1316.3257499999997,2666.2965885714284
FARM-02816,Rice,164.44,77.61,11267.52,623.16,594.8734457142857,207.9948,311.58,845.064,1959.5122457142857
FARM-02817,Sugarcane,207.08,103.73,18480.23,510.41,749.1266914285716,277.99640000000005,255.205,1386.0172499999999,2668.3453414285714
FARM-02818,Wheat,138.38,36.66,3976.73,153.0,500.5995342857143,98.2488,76.5,298.25475,973.6030842857142
FARM-02819,Maize,160.45,85.11,4363.25,279.55,580.4393357142858,228.09480000000002,139.775,327.24375,1275.5528857142858
FARM-02820,Sugarcane,193.77,119.13,17239.66,682.48,700.9768157142857,319.2684,341.24,1292.9745,2654.4597157142857
FARM-02821,Soybean,49.18,42.97,,203.76,177.91216285714285,115.1596,101.88,,
FARM-02822,Wheat,120.22,48.25,4295.88,219.78,434.90443714285715,129.31,109.89,322.191,996.295437142857
FARM-02823,Cotton,151.03,66.45,7411.25,367.84,546.3618128571429,178.086,183.92,555.84375,1464.2115628571428
FARM-02824,Rice,150.49,61.39,9780.87,332.63,544.4083242857143,164.5252,166.315,733.56525,1608.8137742857143
FARM-02825,Sugarcane,237.54,79.94,16364.23,516.14,859.3179171428571,214.2392,258.07,1227.3172499999998,2558.944367142857
FARM-02826,Soybean,42.79,61.78,4556.65,925.8952370606462,154.79588142857142,165.5704,462.9476185303231,341.74875,1125.0626499588946
FARM-02827,Maize,173.38,60.67,5253.28,321.79,627.2145342857143,162.59560000000002,160.895,393.996,1344.7011342857143
FARM-02828,Wheat,119.65,53.66,4573.68,199.42,432.84242142857147,143.8088,99.71,343.026,1019.3872214285716
FARM-02829,Cotton,140.09,70.88,7159.95,434.33,506.7855814285714,189.9584,217.165,536.9962499999999,1450.9052314285714
FARM-02830,Wheat,124.44,36.86,3725.89,144.04,450.1705885714286,98.7848,72.02,279.44174999999996,900.4171385714285
FARM-02831,Sugarcane,214.46,119.84,15567.28,706.48,775.8243685714286,321.17120000000006,353.24,1167.546,2617.7815685714286
FARM-02832,Cotton,142.27,83.53,8035.78,482.14,514.6718871428573,223.86040000000003,241.07,602.6835,1582.2857871428573
FARM-02833,Maize,205.82,57.49,5300.33,241.28,744.5685514285715,154.0732,120.64,397.52475,1416.8065014285714
FARM-02834,Wheat,109.55,47.08,3250.57,176.91,396.30495,126.1744,88.455,243.79275,854.7271000000001
FARM-02835,Maize,157.55,67.52,14069.848560434655,264.54,569.9483785714287,180.9536,132.27,1055.238642032599,1938.4106206040278
FARM-02836,Rice,162.56,72.65,11558.15,453.59,588.0724114285715,194.70200000000003,226.795,866.8612499999999,1876.4306614285715
FARM-02837,Wheat,121.49,63.23,4005.67,242.33,439.4987528571428,169.4564,121.165,300.42525,1030.5454028571428
FARM-02838,Rice,163.58,71.73,11796.51,552.95,591.7623342857144,192.23640000000003,276.475,884.73825,1945.2119842857142
FARM-02839,Maize,199.38,64.21,5517.65,336.27,721.2713914285714,172.0828,168.135,413.82374999999996,1475.3129414285713
FARM-02840,Wheat,132.23,50.89,3990.79,211.65,478.35147000000006,136.3852,105.825,299.30924999999996,1019.8709200000001
FARM-02841,Rice,152.15,70.26,10656.62,362.32,550.413492857143,188.29680000000002,181.16,799.2465000000001,1719.116792857143
FARM-02842,Cotton,167.3,86.02,7559.86,485.57,605.2197000000001,230.5336,242.785,566.9894999999999,1645.5278
FARM-02843,Maize,182.12,61.42,5450.97,275.63,658.8321085714288,164.6056,137.815,408.82275,1370.0754585714287
FARM-02844,Cotton,162.67,52.21,8370.44,260.02,588.4703442857142,139.92280000000002,130.01,627.783,1486.1861442857144
FARM-02845,Wheat,115.62,54.64,4065.63,209.77,418.26360857142856,146.4352,104.885,304.92225,974.5060585714286
FARM-02846,Rice,168.39,71.17,10033.19,456.05,609.1628528571429,190.7356,228.025,752.48925,1780.412702857143
FARM-02847,Rice,166.04,96.62,9324.2,531.25,600.66156,258.94160000000005,265.625,699.315,1824.5431600000002
FARM-02848,Cotton,143.41,90.83,7115.9,428.91,518.7959185714285,243.42440000000002,214.455,533.6925,1510.3678185714284
FARM-02849,Soybean,47.3,43.19,3783.87,202.33,171.11112857142854,115.7492,101.165,283.79024999999996,671.8155785714285
FARM-02850,Soybean,48.78,53.98,4803.78,241.36,176.4651342857143,144.6664,120.68,360.28349999999995,802.0950342857143
FARM-02851,Maize,184.88,54.41,5403.77,249.05,668.8166057142857,145.8188,124.525,405.28275,1344.4431557142857
FARM-02852,Soybean,52.79,67.76,4486.64,293.94,190.97159571428574,181.59680000000003,146.97,336.498,856.0363957142858
FARM-02853,Sugarcane,188.68,83.45,18131.52,475.53,682.5633771428572,223.64600000000002,237.765,1359.864,2503.838377142857
FARM-02854,Maize,183.93,47.3,5267.99,198.12,665.3799128571429,126.764,99.06,395.09925,1286.303162857143
FARM-02855,Sugarcane,218.93,86.6,18353.98,532.44,791.9949128571429,232.088,266.22,1376.5484999999999,2666.851412857143
FARM-02856,Maize,186.53,47.12,4852.12,239.35,674.7855985714286,126.2816,119.675,363.909,1284.6511985714287
FARM-02857,Rice,152.84,67.48,9787.05,325.43,552.9096171428572,180.84640000000002,162.715,734.02875,1630.4997671428573
FARM-02858,Wheat,119.13,54.03,4099.52,301.2,430.96128428571427,144.80040000000002,150.6,307.464,1033.8256842857143
FARM-02859,Sugarcane,222.22,108.78,18805.54,557.61,803.896722857143,291.53040000000004,278.805,1410.4155,2784.6476228571432
FARM-02860,Sugarcane,240.42,79.01,18546.5,518.57,869.7365228571427,211.74680000000004,259.285,1390.9875,2731.755822857143
FARM-02861,Maize,182.24,71.78,4522.81,330.64,659.2662171428573,192.37040000000002,165.32,339.21075,1356.1673671428573
FARM-02862,Cotton,129.09,57.61,7591.57,334.49,466.9922957142858,154.3948,167.245,569.36775,1357.9998457142858
FARM-02863,Maize,175.44,68.42,4490.78,266.38,634.6667314285714,183.36560000000003,133.19,336.8085,1288.0308314285717
FARM-02864,Wheat,128.57,62.09,3896.13,,465.1111585714286,166.40120000000002,,292.20975,
FARM-02865,Rice,161.07,67.68,9963.19,330.96,582.68223,181.38240000000002,165.48,747.23925,1676.78388
FARM-02866,Soybean,45.54,,3858.78,275.67,164.74420285714285,,137.835,289.4085,
FARM-02867,Maize,185.51,59.6,5884.54,237.11,671.0956757142857,159.728,118.555,441.34049999999996,1390.7191757142857
FARM-02868,Rice,130.86,78.43,10961.16,452.93,473.3953971428572,210.19240000000002,226.465,822.087,1732.1397971428573
FARM-02869,Sugarcane,210.1,74.39,15754.92,466.25,760.0517571428571,199.36520000000002,233.125,1181.619,2374.160957142857
FARM-02870,Rice,148.93,81.41,9926.49,529.52,538.7649128571429,218.1788,264.76,744.4867499999999,1766.1904628571428
FARM-02871,Soybean,50.56,53.98,4130.99,,182.90441142857145,144.6664,,309.82424999999995,
FARM-02872,Sugarcane,208.72,106.97,16880.19,682.14,755.0595085714285,286.6796,341.07,1266.01425,2648.8233585714283
FARM-02873,Wheat,123.87,60.59,4743.38,283.98,448.1085728571429,162.3812,141.99,355.7535,1108.233272857143
FARM-02874,Soybean,45.16,56.6,3276.01,275.45,163.36952571428571,151.68800000000002,137.725,245.70075,698.4832757142857
FARM-02875,Cotton,161.07,61.63,7832.48,,582.68223,165.16840000000002,,587.4359999999999,
FARM-02876,Wheat,136.95,56.07,4480.85,210.34,495.42640714285716,150.26760000000002,105.17,336.06375,1086.927757142857
FARM-02877,Sugarcane,216.29,102.54,17474.32,513.46,782.4445242857144,274.8072,256.73,1310.5739999999998,2624.555724285714
FARM-02878,Cotton,153.38,56.59,8005.65,289.37,554.8631057142858,151.6612,144.685,600.4237499999999,1451.6330557142858
FARM-02879,Rice,,71.62,9138.21,441.21,,191.94160000000002,220.605,685.3657499999999,
FARM-02880,Wheat,131.18,50.42,3460.05,245.11,474.55302000000006,135.12560000000002,122.555,259.50375,991.7373700000003
FARM-02881,Soybean,44.54,56.13,3822.06,176.96,161.12663142857144,150.4284,88.48,286.6545,686.6895314285714
FARM-02882,Cotton,144.93,77.81,7989.18,351.75,524.2946271428572,208.53080000000003,175.875,599.1885,1507.888927142857
FARM-02883,Rice,143.86,91.82,10678.66,489.97,520.4238257142857,246.0776,244.985,800.8995,1812.3859257142858
FARM-02884,Soybean,50.57,59.66,4278.18,207.42,182.94058714285714,159.8888,103.71,320.8635,767.4028871428571
FARM-02885,Sugarcane,218.66,104.18,17355.69,651.81,791.0181685714285,279.2024,325.905,1301.6767499999999,2697.8023185714283
FARM-02886,Sugarcane,213.45,63.72,19441.98,428.17,772.1706214285714,170.7696,214.085,1458.1485,2615.1737214285713
FARM-02887,Soybean,51.22,53.8,4319.54,219.03,185.29200857142857,144.184,109.515,323.96549999999996,762.9565085714285
FARM-02888,Cotton,159.83,65.02,7546.68,312.52,578.1964414285716,174.2536,156.26,566.001,1474.7110414285717
FARM-02889,Wheat,125.25,50.52,3857.57,221.63,453.10082142857146,135.39360000000002,110.815,289.31775,988.6271714285715
FARM-02890,Cotton,159.37,74.28,8562.38,440.12,576.5323585714286,199.0704,220.06,642.1784999999999,1637.8412585714286
FARM-02891,Rice,167.21,118.78,10394.94,630.84,604.8941185714286,318.3304,315.42,779.6205,2018.2650185714288
FARM-02892,Wheat,128.02,40.1,3999.58,167.2,463.12149428571433,107.468,83.6,299.9685,954.1579942857143
FARM-02893,Sugarcane,199.49,120.11,17494.86,676.48,721.6693242857144,321.89480000000003,338.24,1312.1145,2693.9186242857145
FARM-02894,Wheat,128.28,60.82,4137.71,259.88,464.0620628571429,162.9976,129.94,310.32824999999997,1067.327912857143
FARM-02895,Maize,167.05,66.61,4449.76,287.36,604.3153071428571,178.5148,143.68,333.732,1260.242107142857
FARM-02896,Cotton,139.68,82.61,7021.98,414.84,505.30237714285715,221.3948,207.42,526.6484999999999,1460.765677142857
FARM-02897,Sugarcane,210.26,119.94,17402.22,790.06,760.6305685714285,321.4392,395.03,1305.1665,2782.2662685714286
FARM-02898,Rice,143.39,91.75,10413.63,374.56,518.7235671428572,245.89000000000001,187.28,781.0222499999999,1732.9158171428571
FARM-02899,Sugarcane,,115.49,18979.12,471.76,,309.5132,235.88,1423.434,
FARM-02900,Sugarcane,216.67,102.02,18526.24,495.6,783.8192014285714,273.41360000000003,247.8,1389.468,2694.5008014285713
FARM-02901,Maize,218.48,79.99,4592.99,303.37,790.3670057142856,214.3732,151.685,344.47425,1500.8994557142855
FARM-02902,Cotton,155.24,95.92,8272.75,546.69,561.5917885714287,257.0656,273.345,620.45625,1712.4586385714285
FARM-02903,Sugarcane,214.81,82.99,16817.53,445.95,777.0905185714287,222.4132,222.975,1261.3147499999998,2483.793468571428
FARM-02904,Rice,129.54,114.82,11240.9,612.43,468.6202028571429,307.7176,306.215,843.0675,1925.6203028571426
FARM-02905,Wheat,135.08,59.66,3870.22,192.55,488.6615485714286,159.8888,96.275,290.26649999999995,1035.0918485714287
FARM-02906,Wheat,135.15,58.36,3684.26,306.69,488.9147785714286,156.4048,153.345,276.3195,1074.9840785714287
FARM-02907,Cotton,153.43,81.01,6289.28,355.16,555.0439842857144,217.10680000000002,177.58,471.69599999999997,1421.4267842857143
FARM-02908,Maize,188.54,86.24,5454.71,329.46,682.0569171428572,231.1232,164.73,409.10325,1487.013367142857
FARM-02909,Sugarcane,228.04,123.66,17753.19,621.66,824.9509885714285,331.4088,310.83,1331.4892499999999,2798.6790385714285
FARM-02910,Maize,157.52,64.1,4388.96,245.94,569.8398514285716,171.78799999999998,122.97,329.17199999999997,1193.7698514285717
FARM-02911,Sugarcane,205.06,87.17,17782.55,523.34,741.8191971428571,233.61560000000003,261.67,1333.6912499999999,2570.796047142857
FARM-02912,Soybean,39.69,67.09,3910.16,225.64,143.58141,179.80120000000002,112.82,293.262,729.46461
FARM-02913,Maize,181.07,,4638.88,,655.0336585714285,,,347.916,
FARM-02914,Maize,182.44,73.5,5299.39,401.96,659.9897314285714,196.98000000000002,200.98,397.45425,1455.4039814285713
FARM-02915,Cotton,143.69,70.52,7754.27,314.7,519.8088385714286,188.9936,157.35,581.57025,1447.7226885714285
FARM-02916,Cotton,151.52,86.45,6917.11,471.34,548.1344228571429,231.68600000000004,235.67,518.78325,1534.2736728571429
FARM-02917,Sugarcane,233.21,93.41,15514.96,541.28,843.6538328571429,250.3388,270.64,1163.6219999999998,2528.2546328571425
FARM-02918,Wheat,121.4,,,234.8,439.17317142857144,,117.4,,
FARM-02919,Rice,143.06,88.95,11179.0,414.81,517.5297685714287,238.38600000000002,207.405,838.425,1801.7457685714287
FARM-02920,Rice,161.66,95.77,9625.3,507.27,584.8165971428572,256.66360000000003,253.635,721.8974999999999,1817.0126971428572
FARM-02921,Cotton,160.24,80.08,7209.12,477.72,579.6796457142858,214.61440000000002,238.86,540.684,1573.838045714286
FARM-02922,Soybean,44.52,52.01,3286.76,189.67,161.05428,139.3868,94.835,246.507,641.7830799999999
FARM-02923,Wheat,124.73,59.1,4028.22,275.41,451.2196842857144,158.388,137.705,302.1165,1049.4291842857144
FARM-02924,Wheat,114.72,46.36,4098.65,182.2,415.0077942857142,124.24480000000001,91.1,307.39874999999995,937.7513442857143
FARM-02925,Cotton,147.25,53.35,7421.35,302.7,532.6873928571429,142.978,151.35,556.60125,1383.616642857143
FARM-02926,Maize,177.15,90.85,4352.08,290.61,640.8527785714286,243.478,145.305,326.406,1356.0417785714287
FARM-02927,Rice,138.36,79.02,9312.23,441.21,500.527182857143,211.77360000000002,220.605,698.41725,1631.323032857143
FARM-02928,Maize,196.56,67.12,4361.89,264.76,711.0698400000001,179.88160000000002,132.38,327.14175,1350.4731900000002
FARM-02929,Wheat,128.62,66.29,3870.07,294.58,465.29203714285717,177.65720000000002,147.29,290.25525,1080.4944871428572
FARM-02930,Cotton,153.49,59.8,8516.04,291.49,555.2610385714286,160.264,145.745,638.7030000000001,1499.9730385714288
FARM-02931,Rice,161.7,,11219.61,420.19,584.9613,,210.095,841.4707500000001,
FARM-02932,Soybean,47.77,36.63,4635.4,168.91,172.81138714285717,98.16840000000002,84.455,347.655,703.0897871428572
FARM-02933,Soybean,48.36,33.26,3677.39,177.15,174.9457542857143,89.1368,88.575,275.80424999999997,628.4618042857143
FARM-02934,Sugarcane,215.07,120.88,16526.36,475.6,778.0310871428571,323.9584,237.8,1239.477,2579.266487142857
FARM-02935,Sugarcane,196.06,111.41,69632.561167327,585.57,709.2610542857144,298.5788,292.785,5222.442087549525,6523.06694183524
FARM-02936,Cotton,162.31,61.47,7774.29,426.92,587.1680185714285,164.7396,213.46,583.07175,1548.4393685714285
FARM-02937,Cotton,145.51,78.66,7950.46,447.07,526.3928185714285,210.8088,223.535,596.2845,1557.0211185714284
FARM-02938,Maize,198.94,50.22,4928.86,270.51,719.67966,134.58960000000002,135.255,369.6645,1359.18876
FARM-02939,Rice,129.64,84.51,9758.05,433.75,468.98195999999996,226.48680000000002,216.875,731.8537499999999,1644.19751
FARM-02940,Cotton,156.32,63.57,7389.88,333.62,565.4987657142858,170.3676,166.81,554.241,1456.9173657142858
FARM-02941,Wheat,134.89,56.74,4580.8,246.64,487.97421,152.06320000000002,123.32,343.56,1106.91741
FARM-02942,Cotton,136.48,82.0,6401.19,449.42,493.72614857142855,219.76000000000002,224.71,480.08924999999994,1418.2853985714285
FARM-02943,Wheat,114.84,64.62,3396.35,172.42,415.4419028571429,173.18160000000003,86.21,254.72625,929.5597528571429
FARM-02944,Sugarcane,228.83,133.41,15965.9,680.36,827.8088700000001,357.53880000000004,340.18,1197.4424999999999,2722.97017
FARM-02945,Wheat,124.74,38.92,4478.17,171.74,451.25586,104.30560000000001,85.87,335.86275,977.29421
FARM-02946,Sugarcane,196.43,91.36,16564.65,592.99,710.5995557142859,244.84480000000002,296.495,1242.34875,2494.288105714286
FARM-02947,Maize,211.25,56.13,4593.21,262.94,764.2119642857143,150.4284,131.47,344.49075,1390.6011142857142
FARM-02948,Rice,150.44,97.75,10539.77,478.28,544.2274457142858,261.97,239.14,790.48275,1835.820195714286
FARM-02949,Rice,158.23,78.5,10379.76,524.96,572.4083271428572,210.38000000000002,262.48,778.482,1823.7503271428573
FARM-02950,Sugarcane,218.13,103.85,16187.69,524.85,789.1008557142857,278.318,262.425,1214.07675,2543.9206057142856
FARM-02951,Rice,149.72,92.86,10696.05,534.22,541.6227942857142,248.8648,267.11,802.2037499999999,1859.8013442857143
FARM-02952,Sugarcane,206.07,118.13,18473.8,661.72,745.4729442857142,316.5884,330.86,1385.5349999999999,2778.4563442857143
FARM-02953,Maize,173.81,59.41,5423.82,308.74,628.7700900000001,159.2188,154.37,406.7865,1349.1453900000001
FARM-02954,Soybean,45.13,73.91,4569.37,248.66,163.2609985714286,198.0788,124.33,342.70275,828.3725485714285
FARM-02955,Wheat,130.06,66.57,3567.6,183.37,470.50134,178.4076,91.685,267.57,1008.1639399999999
FARM-02956,Sugarcane,228.06,68.81,17686.12,471.36,825.0233400000001,184.41080000000002,235.68,1326.4589999999998,2571.57314
FARM-02957,Cotton,477.67053797770257,60.23,7208.42,418.61,1728.0072904584806,161.4164,209.305,540.6315,2639.3601904584807
FARM-02958,Maize,158.07,62.1,4898.59,229.89,571.8295157142857,166.42800000000003,114.945,367.39425,1220.5967657142858
FARM-02959,Cotton,492.6900407374379,57.32,7285.69,360.75,1782.3414145134489,153.6176,180.375,546.42675,2662.760764513449
FARM-02960,Wheat,141.31,49.66,4063.89,195.56,511.1990185714286,133.0888,97.78,304.79175,1046.8595685714286
FARM-02961,Maize,187.65,84.29,5842.22,289.1,678.8372785714287,225.89720000000003,144.55,438.1665,1487.4509785714288
FARM-02962,Cotton,170.08,70.55,7909.45,335.29,615.2765485714286,189.074,167.645,593.20875,1565.2042985714286
FARM-02963,Wheat,125.35,61.41,3579.55,220.14,453.4625785714286,164.5788,110.07,268.46625,996.5776285714285
FARM-02964,Soybean,51.19,46.38,4168.71,160.03,185.18348142857144,124.29840000000002,80.015,312.65325,702.1501314285715
FARM-02965,Rice,149.07,89.76,9023.29,487.05,539.2713728571429,240.55680000000004,243.525,676.74675,1700.099922857143
FARM-02966,Rice,154.42,103.38,9739.68,586.61,558.62538,277.0584,293.305,730.476,1859.4647799999998
FARM-02967,Maize,163.13,87.24,4749.68,328.82,590.1344271428571,233.8032,164.41,356.226,1344.573627142857
FARM-02968,Rice,164.97,65.07,8378.0,327.73,596.7907585714286,174.3876,163.865,628.35,1563.3933585714285
FARM-02969,Soybean,38.37,58.01,4012.47,291.27,138.8062157142857,155.4668,145.635,300.93525,740.8432657142857
FARM-02970,Cotton,125.04,90.31,6184.53,466.99,452.3411314285715,242.03080000000003,233.495,463.83975,1391.7066814285715
FARM-02971,Rice,146.42,98.43,10103.14,555.83,529.6848085714287,263.79240000000004,277.915,757.7354999999999,1829.1277085714287
FARM-02972,Soybean,47.16,67.77,3863.67,275.21,170.6046685714286,181.6236,137.605,289.77524999999997,779.6085185714285
FARM-02973,Wheat,105.44,53.18,4237.41,180.17,381.4367314285714,142.5224,90.085,317.80575,931.8498814285715
FARM-02974,Cotton,164.41,51.57,7033.44,302.74,594.7649185714286,138.2076,151.37,527.5079999999999,1411.8505185714284
FARM-02975,Cotton,141.45,64.85,7622.25,301.29,511.70547857142856,173.798,150.645,571.6687499999999,1407.8172285714286
FARM-02976,Sugarcane,227.77,119.89,,614.51,823.9742442857143,321.3052,307.255,,
FARM-02977,Soybean,36.18,55.98,3343.42,196.23,130.8837342857143,150.0264,98.115,250.7565,629.7816342857143
FARM-02978,Wheat,127.86,64.74,4575.25,244.57,462.5426828571429,173.5032,122.285,343.14375,1101.474632857143
FARM-02979,Maize,182.77,62.39,5001.7,387.79,661.18353,167.20520000000002,193.895,375.1275,1397.41123
FARM-02980,Rice,164.44,68.76,10529.8,336.18,594.8734457142857,184.27680000000004,168.09,789.7349999999999,1736.9752457142858
FARM-02981,Cotton,128.94,64.71,7628.91,424.05,466.44966000000005,173.4228,212.025,572.16825,1424.0657099999999
FARM-02982,Rice,137.16,77.64,10900.83,256.95,496.1860971428572,208.07520000000002,128.475,817.56225,1650.2985471428572
FARM-02983,Cotton,135.87,66.1,7490.76,384.54,491.51943000000006,177.148,192.27,561.807,1422.7444300000002
FARM-02984,Soybean,32.96,60.66,4118.54,275.6,119.2351542857143,162.5688,137.8,308.8905,728.4944542857143
FARM-02985,Wheat,139.04,64.99,3577.58,250.4,502.9871314285714,174.1732,125.2,268.3185,1070.6788314285714
FARM-02986,Maize,200.58,69.24,4571.93,339.54,725.6124771428572,185.5632,169.77,342.89475,1423.8404271428572
FARM-02987,Sugarcane,204.55,83.8,17419.82,378.15,739.9742357142858,224.584,189.075,1306.4865,2460.1197357142855
FARM-02988,Cotton,175.44,54.33,6933.1,271.91,634.6667314285714,145.6044,135.955,519.9825,1436.2086314285714
FARM-02989,Soybean,46.84,84.3,4164.87,307.26,169.4470457142857,225.924,153.63,312.36525,861.3662957142858
FARM-02990,Rice,155.71,65.49,8734.95,503.05,563.2920471428572,175.51319999999998,251.525,655.12125,1645.451497142857
FARM-02991,Maize,193.65,62.76,4659.66,253.23,700.5427071428571,168.1968,126.615,349.4745,1344.829007142857
FARM-02992,Soybean,45.66,45.63,3764.79,219.41,165.17831142857142,122.28840000000001,109.705,282.35925,679.5309614285713
FARM-02993,Sugarcane,217.44,107.08,17535.45,722.77,786.6047314285714,286.9744,361.385,1315.15875,2750.1228814285714
FARM-02994,Wheat,132.44,60.27,3722.73,228.7,479.11116000000004,161.52360000000002,114.35,279.20475,1034.1895100000002
FARM-02995,Cotton,159.75,58.35,8023.14,269.53,577.9070357142857,156.37800000000001,134.765,601.7355,1470.7855357142857
FARM-02996,Maize,191.98,65.54,4782.46,264.11,694.5013628571429,175.64720000000003,132.055,358.6845,1360.888062857143
FARM-02997,Maize,193.41,75.55,4597.88,304.72,699.6744900000001,202.47400000000002,152.36,344.841,1399.34949
FARM-02998,Cotton,157.85,61.19,8064.49,383.26,571.0336500000001,163.9892,191.63,604.8367499999999,1531.4895999999999
FARM-02999,Rice,150.72,106.03,9899.57,1519.3351944374726,545.2403657142856,284.16040000000004,759.6675972187363,742.4677499999999,2331.5361129330217
FARM-03000,Rice,143.08,88.76,10312.42,596.45,517.6021200000001,237.87680000000003,298.225,773.4315,1827.13542
FARM-03001,Maize,195.59,89.33,5875.1,370.64,707.5607957142856,239.4044,185.32,440.6325,1572.9176957142856
FARM-03002,Soybean,33.91,53.28,3418.92,219.87,122.67184714285713,142.7904,109.935,256.419,631.816247142857
FARM-03003,Sugarcane,197.15,81.12,18311.52,553.24,713.2042071428572,217.40160000000003,276.62,1373.364,2580.5898071428574
FARM-03004,Maize,204.04,79.32,5246.67,283.49,738.1292742857144,212.5776,141.745,393.50025,1485.9521242857145
FARM-03005,Soybean,45.25,50.99,3949.81,254.1,163.69510714285715,136.65320000000003,127.05,296.23575,723.6340571428572
FARM-03006,Soybean,43.5,53.42,4000.63,208.1,157.36435714285716,143.1656,104.05,300.04725,704.6272071428572
FARM-03007,Cotton,155.16,61.73,7911.6,408.49,561.3023828571428,165.4364,204.245,593.37,1524.3537828571427
FARM-03008,Soybean,44.29,48.57,3239.4,220.6,160.2222385714286,130.16760000000002,110.3,242.95499999999998,643.6448385714286
FARM-03009,Sugarcane,221.27,128.31,17970.48,760.66,800.4600300000002,343.87080000000003,380.33,1347.7859999999998,2872.44683
FARM-03010,Sugarcane,244.7,106.16,18211.57,599.35,885.2197285714285,284.5088,299.675,1365.86775,2835.2712785714284
FARM-03011,Cotton,129.75,63.28,7383.08,347.92,469.37989285714286,169.59040000000002,173.96,553.731,1366.661292857143
FARM-03012,Rice,137.97,265.7243755107164,9819.74,324.17,499.11633000000006,712.14132636872,162.085,736.4805,2109.82315636872
FARM-03013,Maize,204.37,66.89,,347.05,739.323072857143,179.26520000000002,173.525,,
FARM-03014,Sugarcane,214.85,111.59,17098.1,648.98,777.2352214285714,299.06120000000004,324.49,1282.3574999999998,2683.143921428571
FARM-03015,Cotton,147.5,47.24,7614.04,277.42,533.5917857142857,126.60320000000002,138.71,571.053,1369.9579857142858
FARM-03016,Cotton,141.63,79.5,7654.28,,512.3566414285715,213.06,,574.0709999999999,
FARM-03017,Wheat,108.97,188.98499346243827,3870.67,257.2,394.2067585714286,506.4797824793346,128.6,290.30025,1319.5867910507632
FARM-03018,Cotton,167.69,90.22,6733.82,423.81,606.6305528571429,241.7896,211.905,505.03649999999993,1565.3616528571429
FARM-03019,Cotton,170.72,62.81,7522.38,353.95,617.5917942857143,168.3308,176.975,564.1785,1527.0760942857141
FARM-03020,Soybean,46.76,57.23,3847.1,305.42,169.15764000000001,153.3764,152.71,288.53249999999997,763.7765400000001
FARM-03021,Soybean,44.46,50.27,3435.43,219.67,160.83722571428572,134.7236,109.835,257.65725,663.0530757142857
FARM-03022,Cotton,148.68,74.49,6696.38,472.76,537.8605200000001,199.6332,236.38,502.2285,1476.10222
FARM-03023,Rice,168.05,88.95,11234.08,603.48,607.9328785714287,238.38600000000002,301.74,842.5559999999999,1990.6148785714286
FARM-03024,Cotton,167.54,65.15,7147.66,345.99,606.0879171428571,174.60200000000003,172.995,536.0745,1489.7594171428573
FARM-03025,Soybean,41.0,65.82,4208.22,282.32,148.32042857142858,176.39759999999998,141.16,315.61650000000003,781.4945285714286
FARM-03026,Soybean,34.19,52.43,4820.68,197.94,123.68476714285714,140.5124,98.97,361.551,724.718167142857
FARM-03027,Cotton,155.15,69.85,7854.79,294.77,561.2662071428572,187.198,147.385,589.10925,1484.9584571428572
FARM-03028,Rice,161.92,59.37,9739.43,253.14,585.7571657142857,159.1116,126.57,730.45725,1601.8960157142856
FARM-03029,Soybean,42.54,63.39,3596.53,254.55,153.89148857142857,169.8852,127.275,269.73975,720.7914385714287
FARM-03030,Soybean,48.05,69.92,4113.47,282.0,173.82430714285712,187.3856,141.0,308.51025,810.720157142857
FARM-03031,Cotton,151.13,88.88,6879.51,1491.3493021136048,546.7235700000001,238.1984,745.6746510568024,515.96325,2046.5598710568026
FARM-03032,Soybean,46.61,54.21,3576.61,230.26,168.6150042857143,145.2828,115.13,268.24575,697.2735542857142
FARM-03033,Sugarcane,207.14,67.1,15464.17,458.32,749.3437457142857,179.828,229.16,1159.81275,2318.1444957142858
FARM-03034,Soybean,48.8,41.34,3563.5,213.32,176.53748571428574,110.79120000000002,106.66,267.2625,661.2511857142858
FARM-03035,Wheat,143.32,54.61,3940.19,240.31,518.4703371428571,146.3548,120.155,295.51425,1080.494387142857
FARM-03036,Sugarcane,195.22,106.55,17847.09,646.46,706.2222942857144,285.55400000000003,323.23,1338.5317499999999,2653.538044285714
FARM-03037,Sugarcane,198.39,119.05,17803.13,637.5,717.6899957142857,319.05400000000003,318.75,1335.23475,2690.7287457142857
FARM-03038,Sugarcane,203.02,125.14,15865.07,608.07,734.4393514285715,335.3752,304.035,1189.88025,2563.7298014285716
FARM-03039,Wheat,105.69,127.36030285171287,4303.4,171.8,382.34112428571433,341.3256116425905,85.9,322.75499999999994,1132.3217359283049
FARM-03040,Wheat,113.59,52.22,4506.1,208.32,410.9199385714286,139.9496,104.16,337.95750000000004,992.9870385714287
FARM-03041,Rice,168.07,60.89,10160.13,309.84,608.00523,163.1852,154.92,762.0097499999999,1688.12018
FARM-03042,Maize,185.82,84.86,5166.08,395.12,672.2171228571428,227.4248,197.56,387.45599999999996,1484.6579228571427
FARM-03043,Soybean,49.96,57.76,3540.38,170.91,180.7338685714286,154.7968,85.455,265.5285,686.5141685714286
FARM-03044,Maize,179.75,60.08,5404.48,259.1,650.2584642857144,161.0144,129.55,405.33599999999996,1346.1588642857143
FARM-03045,Rice,158.17,255.7427718294904,9874.41,403.35,572.1912728571428,685.3906285030343,201.675,740.58075,2199.837651360177
FARM-03046,Sugarcane,227.8,101.25,17524.66,2650.3389806815094,824.0827714285715,271.35,1325.1694903407547,1314.3495,3734.9517617693264
FARM-03047,Cotton,150.72,60.46,7283.49,377.61,545.2403657142856,162.0328,188.805,546.26175,1442.3399157142858
FARM-03048,Maize,186.6,58.97,4749.77,335.53,675.0388285714287,158.0396,167.765,356.23275,1357.0761785714287
FARM-03049,Maize,191.27,68.52,4391.61,313.45,691.9328871428572,183.6336,156.725,329.37075,1361.6622371428573
FARM-03050,Soybean,47.52,59.36,3337.52,198.87,171.9069942857143,159.0848,99.435,250.314,680.7407942857143
FARM-03051,Rice,153.27,68.72,10234.75,482.27,554.465172857143,184.1696,241.135,767.6062499999999,1747.3760228571427
FARM-03052,Wheat,135.67,54.65,4455.3,229.96,490.7959157142857,146.46200000000002,114.98,334.1475,1086.3854157142857
FARM-03053,Wheat,147.34,60.77,3876.52,307.54,533.0129742857143,162.86360000000002,153.77,290.739,1140.3855742857143
FARM-03054,Cotton,171.13,68.58,7441.08,368.09,619.0749985714286,183.7944,184.045,558.081,1544.9953985714287
FARM-03055,Sugarcane,211.86,107.02,17360.76,575.93,766.4186828571429,286.8136,287.965,1302.0569999999998,2643.2542828571427
FARM-03056,Rice,151.3,63.86,9696.27,407.04,547.3385571428573,171.1448,203.52,727.22025,1649.2236071428574
FARM-03057,Soybean,40.73,72.6,4563.99,268.82,147.3436842857143,194.56799999999998,134.41,342.29925,818.6209342857142
FARM-03058,Rice,134.42,74.92,9997.28,312.01,486.2739514285714,200.78560000000002,156.005,749.796,1592.8605514285714
FARM-03059,Rice,147.1,62.91,10970.14,448.66,532.1447571428571,168.5988,224.33,822.7605,1747.834057142857
FARM-03060,Sugarcane,206.38,119.34,17881.01,518.78,746.5943914285715,319.8312,259.39,1341.0757499999997,2666.8913414285716
FARM-03061,Wheat,117.65,55.71,4221.37,244.84,425.60727857142865,149.30280000000002,122.42,316.60274999999996,1013.9328285714287
FARM-03062,Sugarcane,226.62,98.81,17149.31,623.04,819.8140371428573,264.81080000000003,311.52,1286.1982500000001,2682.3430871428573
FARM-03063,Wheat,107.79,50.86,4863.07,205.26,389.93802428571433,136.3048,102.63,364.73024999999996,993.6030742857142
FARM-03064,Sugarcane,225.24,117.22,17145.01,659.44,814.8217885714287,314.1496,329.72,1285.87575,2744.5671385714286
FARM-03065,Cotton,152.55,61.65,7900.53,353.59,551.8605214285715,165.222,176.795,592.5397499999999,1486.4172714285714
FARM-03066,Sugarcane,192.72,93.29,17425.55,619.19,697.1783657142857,250.01720000000003,309.595,1306.91625,2563.7068157142858
FARM-03067,Maize,207.99,62.84,,291.97,752.4186814285715,168.4112,145.985,,
FARM-03068,Maize,163.3,67.32,5010.99,293.95,590.7494142857144,180.4176,146.975,375.82424999999995,1293.9662642857143
FARM-03069,Cotton,136.07,65.92,7029.78,430.02,492.24294428571426,176.6656,215.01,527.2334999999999,1411.152044285714
FARM-03070,Wheat,125.22,45.23,4520.35,125.03,452.99229428571425,121.2164,62.515,339.02625,975.7499442857143
FARM-03071,Maize,170.68,59.26,4326.35,317.47,617.4470914285716,158.8168,158.735,324.47625,1259.4751414285718
FARM-03072,Soybean,42.1,49.26,4220.26,188.25,152.29975714285717,132.0168,94.125,316.5195,694.9610571428572
FARM-03073,Cotton,127.09,55.12,6109.22,378.07,459.7571528571429,147.7216,189.035,458.1915,1254.705252857143
FARM-03074,Maize,184.73,56.37,4914.74,247.03,668.27397,151.0716,123.515,368.60549999999995,1311.46607
FARM-03075,Soybean,47.1,61.49,3811.68,288.39,170.3876142857143,164.7932,144.195,285.876,765.2518142857143
FARM-03076,Rice,171.43,76.66,10010.58,430.39,620.1602700000001,205.4488,215.195,750.7935,1791.5975700000001
FARM-03077,Wheat,129.25,56.57,3368.37,210.23,467.57110714285716,151.60760000000002,105.115,252.62775,976.9214571428572
FARM-03078,Cotton,164.84,50.88,7104.21,269.1,596.3204742857143,136.35840000000002,134.55,532.81575,1400.0446242857142
FARM-03079,Rice,172.63,247.2062006067878,10649.0,371.85,624.5013557142859,662.5126176261914,185.925,798.675,2271.613973340477
FARM-03080,Soybean,45.94,32.71,4052.26,106.05,166.19123142857143,87.6628,53.025,303.9195,610.7985314285714
FARM-03081,Soybean,45.37,51.95,4012.63,268.46,164.1292157142857,139.22600000000003,134.23,300.94725,738.5324657142858
FARM-03082,Maize,184.6,67.56,5090.23,332.22,667.8036857142857,181.06080000000003,166.11,381.76724999999993,1396.7417357142858
FARM-03083,Cotton,140.67,76.76,8234.43,292.12,508.88377285714284,205.71680000000003,146.06,617.58225,1478.242822857143
FARM-03084,Maize,182.12,61.05,,273.23,658.8321085714288,163.614,136.615,,
FARM-03085,Rice,155.62,,9003.22,390.34,562.9664657142857,,195.17,675.2415,
FARM-03086,Wheat,103.42,36.69,4353.47,202.1,374.12923714285716,98.3292,101.05,326.51025,900.0186871428571
FARM-03087,Wheat,121.26,32.17,4010.07,128.4,438.6667114285715,86.21560000000001,64.2,300.75525,889.8375614285715
FARM-03088,Soybean,42.87,53.87,4824.89,213.57,155.0852871428571,144.3716,106.785,361.86675,768.1086371428571
FARM-03089,Rice,130.95,82.57,10052.82,540.21,473.72097857142853,221.2876,270.105,753.9615,1719.0750785714285
FARM-03090,Maize,188.81,65.04,5018.45,274.83,683.0336614285716,174.30720000000002,137.415,376.38374999999996,1371.1396114285715
FARM-03091,Maize,171.97,59.51,5364.64,330.83,622.1137585714287,159.48680000000002,165.415,402.348,1349.3635585714287
FARM-03092,Rice,156.1,87.35,10306.63,497.31,564.7029,234.09799999999998,248.655,772.9972499999999,1820.4531499999998
FARM-03093,Maize,,109.31,4838.42,385.31,,292.9508,192.655,362.8815,
FARM-03094,Sugarcane,208.39,84.95,18773.52,437.48,753.86571,227.66600000000003,218.74,1408.014,2608.28571
FARM-03095,Cotton,153.59,87.38,8092.93,443.08,555.6227957142858,234.1784,221.54,606.96975,1618.3109457142857
FARM-03096,Soybean,47.35,42.96,4365.71,123.32,171.2920071428572,115.1328,61.66,327.42825,675.5130571428572
FARM-03097,Soybean,56.77,194.5873821311853,3573.13,240.12,205.36953000000003,521.4941841115766,120.06,267.98475,1114.9084641115767
FARM-03098,Wheat,127.7,67.14,4164.4,195.55,461.96387142857145,179.9352,97.775,312.33,1052.0040714285715
FARM-03099,Wheat,129.34,62.83,4375.03,258.87,467.8966885714286,168.3844,129.435,328.12724999999995,1093.8433385714286
FARM-03100,Soybean,35.01,47.94,3717.76,187.32,126.65117571428573,128.4792,93.66,278.832,627.6223757142857
FARM-03101,Wheat,111.63,49.05,3505.85,190.61,403.8294985714286,131.454,95.305,262.93874999999997,893.5272485714286
FARM-03102,Rice,152.72,97.62,10310.03,563.65,552.4755085714286,261.6216,281.825,773.25225,1869.1743585714287
FARM-03103,Rice,171.44,76.51,10225.89,387.97,620.1964457142858,205.04680000000002,193.985,766.94175,1786.169995714286
FARM-03104,Maize,183.42,83.23,4539.81,360.47,663.5349514285715,223.05640000000002,180.235,340.48575,1407.3121014285716
FARM-03105,Rice,128.06,85.96,10297.32,384.28,463.26619714285715,230.37279999999998,192.14,772.299,1658.077997142857
FARM-03106,Maize,177.41,66.33,4317.82,297.43,641.7933471428571,177.7644,148.715,323.83649999999994,1292.1092471428572
FARM-03107,Wheat,127.15,54.64,3950.56,243.08,459.97420714285715,146.4352,121.54,296.292,1024.241407142857
FARM-03108,Soybean,43.18,70.11,3745.07,171.19,156.20673428571428,187.8948,85.595,280.88025,710.5767842857142
FARM-03109,Maize,204.18,48.05,4422.71,328.25,738.6357342857143,128.774,164.125,331.70324999999997,1363.2379842857144
FARM-03110,Rice,160.38,83.5,9597.89,433.29,580.1861057142858,223.78,216.645,719.8417499999999,1740.4528557142858
FARM-03111,Maize,193.32,63.66,4463.0,200.26,699.3489085714286,170.6088,100.13,334.72499999999997,1304.8127085714286
FARM-03112,Cotton,173.78,89.61,6766.05,427.49,628.6615628571428,240.15480000000002,213.745,507.45375,1590.0151128571429
FARM-03113,Sugarcane,209.81,83.08,19000.02,568.09,759.0026614285714,222.6544,284.045,1425.0015,2690.7035614285714
FARM-03114,Sugarcane,204.18,109.63,18322.58,648.13,738.6357342857143,293.8084,324.065,1374.1935,2730.7026342857143
FARM-03115,Cotton,146.66,57.69,8042.55,246.96,530.5530257142857,154.60920000000002,123.48,603.19125,1411.8334757142857
FARM-03116,Wheat,116.11,58.06,4070.95,184.83,420.0362185714286,155.60080000000002,92.415,305.32124999999996,973.3732685714285
FARM-03117,Wheat,124.51,61.55,4009.8,293.79,450.4238185714286,164.954,146.895,300.735,1063.0078185714287
FARM-03118,Maize,174.04,55.47,4893.31,254.97,629.6021314285715,148.6596,127.485,366.99825000000004,1272.7449814285715
FARM-03119,Maize,163.03,57.44,4632.4,293.46,589.7726700000001,153.9392,146.73,347.42999999999995,1237.87187
FARM-03120,Wheat,125.32,46.55,4146.97,207.98,453.35405142857144,124.754,103.99,311.02275000000003,993.1208014285714
FARM-03121,Maize,159.04,72.18,4868.41,313.01,575.3385599999999,193.44240000000002,156.505,365.13075,1290.41671
FARM-03122,Rice,163.54,106.23,11029.12,500.09,591.6176314285714,284.69640000000004,250.045,827.1840000000001,1953.5430314285713
FARM-03123,Maize,212.06,67.5,5215.72,341.7,767.1421971428572,180.9,170.85,391.17900000000003,1510.0711971428573
FARM-03124,Wheat,128.06,45.44,4891.28,218.83,463.26619714285715,121.7792,109.415,366.84599999999995,1061.3063971428571
FARM-03125,Sugarcane,200.83,86.45,18607.77,475.86,726.5168700000002,231.68600000000004,237.93,1395.58275,2591.71562
FARM-03126,Soybean,45.29,61.11,3905.11,205.41,163.83981,163.7748,102.705,292.88325,723.2028599999999
FARM-03127,Wheat,112.27,33.0,3697.69,176.21,406.14474428571424,88.44000000000001,88.105,277.32675,860.0164942857143
FARM-03128,Wheat,126.39,48.98,3639.41,181.56,457.2248528571429,131.2664,90.78,272.95574999999997,952.2270028571428
FARM-03129,Wheat,130.81,60.86,4026.65,208.47,473.21451857142864,163.1048,104.235,301.99875,1042.5530685714286
FARM-03130,Sugarcane,208.08,88.67,18446.45,449.03,752.744262857143,237.6356,224.515,1383.48375,2598.378612857143
FARM-03131,Rice,174.03,108.79,11163.1,462.18,629.5659557142858,291.5572,231.09,837.2325,1989.4456557142857
FARM-03132,Rice,147.14,79.32,10011.04,517.54,532.28946,212.5776,258.77,750.8280000000001,1754.46506
FARM-03133,Sugarcane,191.53,74.47,17190.49,537.32,692.8734557142859,199.5796,268.66,1289.28675,2450.3998057142862
FARM-03134,Cotton,150.67,62.37,8356.87,333.96,545.059487142857,167.1516,166.98,626.76525,1505.9563371428571
FARM-03135,Maize,177.21,74.21,5006.84,393.77,641.069832857143,198.8828,196.885,375.513,1412.350632857143
FARM-03136,Soybean,54.15,65.65,4919.61,265.09,195.89149285714285,175.94200000000004,132.545,368.97074999999995,873.3492428571428
FARM-03137,Rice,167.91,54.95,10724.29,436.64,607.4264185714286,147.26600000000002,218.32,804.3217500000001,1777.3341685714286
FARM-03138,Maize,166.5,58.55,5445.01,291.14,602.3256428571428,156.91400000000002,145.57,408.37575,1313.1853928571427
FARM-03139,Cotton,143.02,70.79,7688.04,385.34,517.3850657142857,189.71720000000002,192.67,576.603,1476.3752657142857
FARM-03140,Wheat,117.42,67.5,3964.04,196.43,424.7752371428572,180.9,98.215,297.303,1001.1932371428572
FARM-03141,Maize,185.13,244.81082291020977,4379.01,438.56,669.7209985714286,656.0930053993623,219.28,328.42575,1873.519753970791
FARM-03142,Sugarcane,246.19,94.51,17723.92,616.5,890.6099099999999,253.28680000000003,308.25,1329.2939999999999,2781.44071
FARM-03143,Maize,163.87,77.52,5472.96,302.07,592.81143,207.7536,151.035,410.472,1362.0720299999998
FARM-03144,Maize,172.11,81.62,4846.2,367.57,622.6202185714287,218.74160000000003,183.785,363.465,1388.6118185714288
FARM-03145,Cotton,159.48,78.32,7301.75,421.46,576.9302914285714,209.89759999999998,210.73,547.63125,1545.1891414285715
FARM-03146,Cotton,152.2,68.61,6422.82,467.05,550.5943714285713,183.87480000000002,233.525,481.71149999999994,1449.7056714285713
FARM-03147,Rice,149.01,103.52,10583.45,620.8,539.0543185714287,277.4336,310.4,793.7587500000001,1920.6466685714286
FARM-03148,Soybean,52.66,58.38,3807.61,299.2,190.50131142857146,156.4584,149.6,285.57075,782.1304614285715
FARM-03149,Wheat,112.08,37.43,3907.29,168.19,405.45740571428576,100.31240000000001,84.095,293.04675,882.9115557142858
FARM-03150,Cotton,162.99,63.59,8078.84,362.67,589.6279671428572,170.42120000000003,181.335,605.913,1547.2971671428572
FARM-03151,Cotton,134.21,76.63,7746.01,476.55,485.5142614285715,205.3684,238.275,580.95075,1510.1084114285713
FARM-03152,Rice,156.97,76.51,9009.06,,567.8501871428573,205.04680000000002,,675.6795,
FARM-03153,Soybean,49.9,50.65,3934.81,171.09,180.5168142857143,135.742,85.545,295.11075,696.9145642857143
FARM-03154,Maize,660.2956145731728,77.3,4497.86,238.19,2388.6665496909222,207.16400000000002,119.095,337.3395,3052.2650496909223
FARM-03155,Sugarcane,192.66,86.7,16497.98,375.2,696.9613114285714,232.35600000000002,187.6,1237.3484999999998,2354.2658114285714
FARM-03156,Cotton,161.35,52.42,7086.09,251.24,583.69515,140.4856,125.62,531.4567499999999,1381.2575
FARM-03157,Soybean,55.93,64.64,3498.93,156.41,202.33077,173.23520000000002,78.205,262.41974999999996,716.1907199999999
FARM-03158,Sugarcane,193.7,,18133.69,568.34,700.7235857142857,,284.17,1360.0267499999998,
FARM-03159,Maize,171.5,73.02,4460.97,368.29,620.4135000000001,195.6936,184.145,334.57275,1334.8248500000002
FARM-03160,Wheat,106.78,66.01,3183.45,245.55,386.28427714285715,176.90680000000003,122.775,238.75874999999996,924.7248271428572
FARM-03161,Rice,151.64,67.19,9422.77,352.51,548.5685314285713,180.0692,176.255,706.70775,1611.6004814285714
FARM-03162,Rice,144.68,75.33,9805.24,436.0,523.3902342857143,201.8844,218.0,735.3929999999999,1678.6676342857143
FARM-03163,Soybean,36.13,54.91,4171.4,174.29,130.70285571428573,147.1588,87.145,312.85499999999996,677.8616557142857
FARM-03164,Wheat,120.61,64.91,4496.08,226.45,436.31529,173.9588,113.225,337.20599999999996,1060.70509
FARM-03165,Rice,152.96,77.93,10133.22,412.29,553.3437257142858,208.85240000000002,206.145,759.9915,1728.3326257142858
FARM-03166,Rice,144.7,79.4,10117.45,496.72,523.4625857142858,212.79200000000003,248.36,758.80875,1743.4233357142857
FARM-03167,Sugarcane,215.35,111.36,18577.23,784.04,779.0440071428573,298.44480000000004,392.02,1393.29225,2862.801057142857
FARM-03168,Rice,155.82,88.39,9796.34,507.94,563.68998,236.88520000000003,253.97,734.7255,1789.27068
FARM-03169,Rice,128.5,90.54,9283.18,460.06,464.8579285714286,242.64720000000003,230.03,696.2385,1633.7736285714286
FARM-03170,Wheat,134.98,58.72,3721.83,201.68,488.2997914285714,157.36960000000002,100.84,279.13725,1025.6466414285715
FARM-03171,Rice,132.56,83.8,10786.92,649.21,479.54526857142855,224.584,324.605,809.019,1837.7532685714286
FARM-03172,Sugarcane,218.91,104.86,17741.14,681.66,791.9225614285715,281.0248,340.83,1330.5855,2744.3628614285717
FARM-03173,Soybean,41.58,70.41,3468.02,276.18,150.41862,188.6988,138.09,260.1015,737.3089200000001
FARM-03174,Sugarcane,210.89,99.82,18282.94,488.65,762.9096385714286,267.5176,244.325,1371.2205,2645.9727385714286
FARM-03175,Maize,201.52,72.28,4922.03,299.12,729.0129942857143,193.71040000000002,149.56,369.15225,1441.4356442857143
FARM-03176,Wheat,480.1149583706661,54.36,3951.32,182.12,1736.8501558314824,145.6848,91.06,296.349,2269.9439558314825
FARM-03177,Soybean,52.71,44.2,3501.15,219.13,190.68219000000002,118.45600000000002,109.565,262.58625,681.28944
FARM-03178,Sugarcane,215.36,98.89,16383.54,688.94,779.080182857143,265.02520000000004,344.47,1228.7655,2617.340882857143
FARM-03179,Sugarcane,202.99,,18142.78,358.5,734.3308242857145,,179.25,1360.7085,
FARM-03180,Soybean,51.89,197.33413503493767,3981.73,236.31,187.71578142857146,528.8554818936329,118.155,298.62975,1133.3560133222045
FARM-03181,Wheat,143.09,53.98,4535.9,202.88,517.6382957142857,144.6664,101.44,340.19249999999994,1103.9371957142857
FARM-03182,Rice,149.46,86.7,8774.69,481.32,540.6822257142858,232.35600000000002,240.66,658.10175,1671.7999757142857
FARM-03183,Cotton,159.24,78.43,7810.97,475.82,576.0620742857144,210.19240000000002,237.91,585.82275,1609.9872242857145
FARM-03184,Rice,159.75,80.66,9086.01,478.03,577.9070357142857,216.1688,239.015,681.45075,1714.5415857142857
FARM-03185,Rice,147.99,125.09,9928.07,496.87,535.3643957142857,335.24120000000005,248.435,744.60525,1863.6458457142858
FARM-03186,Maize,205.93,69.83,,287.04,744.9664842857144,187.14440000000002,143.52,,
FARM-03187,Sugarcane,238.74,94.11,16209.93,563.97,863.6590028571429,252.21480000000003,281.985,1215.74475,2613.603552857143
FARM-03188,Soybean,40.47,60.77,3993.73,308.53,146.40311571428572,162.86360000000002,154.265,299.52975,763.0614657142858
FARM-03189,Soybean,33.04,49.72,3284.48,160.51,119.52456000000001,133.24960000000002,80.255,246.33599999999998,579.3651600000001
FARM-03190,Cotton,149.43,64.44,6625.38,389.97,540.5736985714286,172.6992,194.985,496.9035,1405.1613985714287
FARM-03191,Rice,149.47,93.14,10107.2,536.89,540.7184014285715,249.61520000000002,268.445,758.0400000000001,1816.8186014285716
FARM-03192,Soybean,40.21,204.4880354860229,4286.85,250.12,145.46254714285715,548.0279351025414,125.06,321.51375,1140.0642322453987
FARM-03193,Rice,143.53,109.94,11363.09,538.96,519.2300271428571,294.6392,269.48,852.23175,1935.5809771428571
FARM-03194,Sugarcane,206.79,94.41,18553.45,664.63,748.0775957142857,253.0188,332.315,1391.50875,2724.920145714286
FARM-03195,Soybean,35.13,55.66,4478.4,235.98,127.08528428571431,149.1688,117.99,335.87999999999994,730.1240842857143
FARM-03196,Soybean,43.04,59.39,4130.75,194.47,155.7002742857143,159.1652,97.235,309.80625,721.9067242857143
FARM-03197,Maize,156.61,85.39,5392.47,280.9,566.5478614285715,228.8452,140.45,404.43525,1340.2783114285714
FARM-03198,Soybean,45.01,78.72,3631.31,250.37,162.82689,210.9696,125.185,272.34825,771.32974
FARM-03199,Cotton,154.46,64.12,7719.27,374.04,558.7700828571429,171.84160000000003,187.02,578.94525,1496.576932857143
FARM-03200,Sugarcane,232.88,83.65,15700.57,1321.5539307069023,842.4600342857144,224.18200000000002,660.7769653534511,1177.5427499999998,2904.9617496391656
FARM-03201,Soybean,40.25,47.96,3929.26,195.13,145.60725000000002,128.5328,97.565,294.6945,666.3995500000001
FARM-03202,Maize,205.16,90.03,4692.95,272.09,742.1809542857143,241.28040000000001,136.045,351.97125,1471.4776042857143
FARM-03203,Sugarcane,214.25,91.2,18360.3,,775.0646785714287,244.41600000000003,,1377.0224999999998,
FARM-03204,Maize,192.44,56.78,4998.84,358.7,696.1654457142857,152.1704,179.35,374.913,1402.5988457142857
FARM-03205,Soybean,41.57,61.86,4308.33,190.05,150.38244428571429,165.78480000000002,95.025,323.12475,734.3169942857144
FARM-03206,Rice,149.37,92.96,11772.72,624.67,540.3566442857143,249.1328,312.335,882.954,1984.7784442857142
FARM-03207,Rice,164.07,55.7,10000.42,326.68,593.5349442857143,149.276,163.34,750.0314999999999,1656.1824442857144
FARM-03208,Wheat,134.1,51.7,3796.45,174.79,485.11632857142854,138.556,87.395,284.73375,995.8010785714285
FARM-03209,Rice,159.33,69.78,8880.05,511.93,576.3876557142858,187.0104,255.965,666.00375,1685.3668057142859
FARM-03210,Soybean,47.69,61.91,3674.25,246.84,172.52198142857145,165.9188,123.42,275.56874999999997,737.4295314285714
FARM-03211,Sugarcane,192.33,119.25,16881.68,613.9,695.767512857143,319.59000000000003,306.95,1266.126,2588.433512857143
FARM-03212,Cotton,167.46,42.16,7508.8,281.03,605.7985114285716,112.9888,140.515,563.16,1422.4623114285714
FARM-03213,Cotton,128.38,72.85,7666.28,333.59,464.42382,195.238,166.795,574.971,1401.4278199999999
FARM-03214,Cotton,130.93,88.26,7837.47,403.92,473.6486271428572,236.53680000000003,201.96,587.81025,1499.9556771428572
FARM-03215,Wheat,139.8,46.17,4035.43,184.48,505.7364857142858,123.7356,92.24,302.65725,1024.3693357142856
FARM-03216,Sugarcane,233.57,86.95,18284.61,486.96,844.9561585714287,233.026,243.48,1371.34575,2692.807908571429
FARM-03217,Maize,172.19,80.93,4912.36,270.7,622.9096242857144,216.89240000000004,135.35,368.42699999999996,1343.5790242857145
FARM-03218,Cotton,156.0,83.25,7426.8,402.77,564.3411428571429,223.11,201.385,557.01,1545.846142857143
FARM-03219,Wheat,134.96,49.85,3971.65,201.65,488.22744000000006,133.598,100.825,297.87375,1020.5241900000001
FARM-03220,Maize,175.96,59.6,5409.66,309.04,636.5478685714287,159.728,154.52,405.7245,1356.5203685714287
FARM-03221,Cotton,165.17,45.98,7150.58,322.1,597.5142728571429,123.2264,161.05,536.2935,1418.084172857143
FARM-03222,Cotton,151.14,73.4,8351.23,430.41,546.7597457142857,196.71200000000002,215.205,626.3422499999999,1585.0189957142857
FARM-03223,Sugarcane,194.81,93.47,17729.03,505.92,704.73909,250.49960000000002,252.96,1329.67725,2537.87594
FARM-03224,Maize,177.35,76.68,5425.29,282.52,641.576292857143,205.50240000000002,141.26,406.89675,1395.235442857143
FARM-03225,Cotton,137.96,69.47,6790.98,378.6,499.08015428571434,186.17960000000002,189.3,509.32349999999997,1383.8832542857144
FARM-03226,Cotton,156.09,70.12,7959.82,346.82,564.6667242857143,187.9216,173.41,596.9865,1522.9848242857142
FARM-03227,Wheat,137.77,53.58,3297.14,291.21,498.3928157142858,143.5944,145.605,247.28549999999998,1034.8777157142858
FARM-03228,Soybean,39.28,45.35,3533.13,181.79,142.09820571428574,121.53800000000001,90.895,264.98475,619.5159557142858
FARM-03229,Soybean,57.99,53.16,3345.53,171.31,209.78296714285716,142.4688,85.655,250.91475,688.8215171428571
FARM-03230,Wheat,118.39,41.57,,154.29,428.28428142857143,111.4076,77.145,,
FARM-03231,Maize,185.68,64.45,5467.03,272.82,671.710662857143,172.72600000000003,136.41,410.02725,1390.8739128571428
FARM-03232,Cotton,144.49,51.94,7336.37,232.21,522.7028957142858,139.1992,116.105,550.22775,1328.2348457142857
FARM-03233,Soybean,39.84,55.67,3863.14,217.39,144.12404571428573,149.1956,108.695,289.7355,691.7501457142857
FARM-03234,Cotton,143.94,53.7,7343.81,,520.7132314285714,143.91600000000003,,550.78575,
FARM-03235,Cotton,154.33,54.13,7097.2,239.53,558.2997985714287,145.06840000000003,119.765,532.29,1355.4231985714287
FARM-03236,Wheat,113.38,60.37,4174.24,226.48,410.1602485714286,161.79160000000002,113.24,313.068,998.2598485714286
FARM-03237,Rice,157.52,107.03,11133.31,619.66,569.8398514285716,286.84040000000005,309.83,834.99825,2001.5085014285714
FARM-03238,Maize,212.28,73.59,4602.01,379.04,767.938062857143,197.2212,189.52,345.15075,1499.830012857143
FARM-03239,Maize,202.38,85.69,4733.05,358.03,732.1241057142859,229.6492,179.015,354.97875,1495.7670557142858
FARM-03240,Soybean,45.4,54.87,4418.77,169.23,164.23774285714285,147.0516,84.615,331.40775,727.3120928571429
FARM-03241,Cotton,130.51,76.8,6583.37,359.07,472.12924714285714,205.824,179.535,493.75275,1351.2409971428572
FARM-03242,Wheat,121.85,127.55597734070982,3266.04,173.27,440.8010785714286,341.8500192731023,86.635,244.95299999999997,1114.239097844531
FARM-03243,Soybean,54.25,79.2,3743.42,332.48,196.25325000000004,212.25600000000003,166.24,280.7565,855.50575
FARM-03244,Rice,124.74,84.34,8507.14,550.03,451.25586,226.0312,275.015,638.0355,1590.33756
FARM-03245,Sugarcane,215.26,120.63,17527.79,650.22,778.7184257142857,323.2884,325.11,1314.58425,2741.701075714286
FARM-03246,Rice,150.96,80.77,9585.81,421.0,546.108582857143,216.4636,210.5,718.93575,1692.007932857143
FARM-03247,Rice,125.01,64.4,8461.11,345.69,452.23260428571433,172.592,172.845,634.58325,1432.2528542857144
FARM-03248,Wheat,116.2,46.11,3714.25,153.01,420.3618000000001,123.57480000000001,76.505,278.56874999999997,899.01035
FARM-03249,Maize,194.57,71.21,5641.97,280.93,703.8708728571428,190.84279999999998,140.465,423.14775000000003,1458.326422857143
FARM-03250,Rice,569.5274460130723,55.0,9886.13,379.78,2060.306216484147,147.4,189.89,741.4597499999999,3139.055966484147
FARM-03251,Rice,162.13,76.88,10948.58,442.36,586.5168557142858,206.0384,221.18,821.1435,1834.878755714286
FARM-03252,Sugarcane,209.13,95.54,17795.13,582.25,756.5427128571428,256.04720000000003,291.125,1334.63475,2638.349662857143
FARM-03253,Wheat,134.83,49.26,3884.74,172.04,487.7571557142858,132.0168,86.02,291.35549999999995,997.1494557142858
FARM-03254,Rice,140.36,69.12,10810.47,514.94,507.7623257142858,185.24160000000003,257.47,810.7852499999999,1761.259175714286
FARM-03255,Sugarcane,213.53,92.43,18304.82,442.42,772.4600271428574,247.71240000000003,221.21,1372.8615,2614.2439271428575
FARM-03256,Sugarcane,225.59,112.05,16056.22,709.76,816.0879385714286,300.294,354.88,1204.2165,2675.478438571429
FARM-03257,Cotton,158.95,69.94,,390.52,575.0129785714287,187.4392,195.26,,
FARM-03258,Soybean,48.27,47.51,3163.54,189.95,174.6201728571429,127.3268,94.975,237.26549999999997,634.1874728571429
FARM-03259,Rice,144.97,91.42,10147.8,482.33,524.4393299999999,245.00560000000002,241.165,761.0849999999999,1771.6949299999997
FARM-03260,Rice,165.77,60.68,10730.19,456.6,599.6848157142858,162.6224,228.3,804.7642500000001,1795.371465714286
FARM-03261,Wheat,140.76,46.84,4184.27,264.23,509.2093542857143,125.53120000000001,132.115,313.82025000000004,1080.6758042857143
FARM-03262,Maize,181.44,97.09,5586.21,316.39,656.37216,260.20120000000003,158.195,418.96575,1493.73411
FARM-03263,Cotton,128.29,71.87,7997.94,422.84,464.0982385714285,192.6116,211.42,599.8454999999999,1467.9753385714284
FARM-03264,Rice,132.0,99.24,38853.93115367281,479.92,477.51942857142865,265.96320000000003,239.96,2914.044836525461,3897.4874650968895
FARM-03265,Sugarcane,227.5,95.05,16683.27,554.54,822.9975,254.734,277.27,1251.24525,2606.24675
FARM-03266,Cotton,149.49,85.65,6683.95,395.4,540.7907528571429,229.54200000000003,197.7,501.29625,1469.3290028571428
FARM-03267,Cotton,140.5,59.08,6863.21,454.23,508.26878571428574,158.33440000000002,227.115,514.7407499999999,1408.4589357142856
FARM-03268,Soybean,42.25,45.67,4316.85,253.15,152.84239285714287,122.39560000000002,126.575,323.76375,725.5767428571429
FARM-03269,Cotton,143.36,58.83,7032.77,285.1,518.6150400000001,157.6644,142.55,527.45775,1346.2871900000002
FARM-03270,Cotton,155.84,76.12,6600.87,481.42,563.7623314285714,204.00160000000002,240.71,495.06525,1503.5391814285715
FARM-03271,Sugarcane,229.35,102.45,17545.06,550.62,829.6900071428572,274.56600000000003,275.31,1315.8795,2695.4455071428574
FARM-03272,Maize,169.91,,4449.9,302.04,614.6615614285715,,151.02,333.74249999999995,
FARM-03273,Wheat,124.81,58.16,4645.91,280.29,451.50909,155.8688,140.145,348.44325,1095.96614
FARM-03274,Maize,191.55,54.59,5003.23,373.34,692.9458071428573,146.30120000000002,186.67,375.24224999999996,1401.1592571428573
FARM-03275,Cotton,128.21,44.57,7744.43,200.27,463.8088328571429,119.44760000000001,100.135,580.83225,1264.2236828571429
FARM-03276,Rice,158.34,73.62,10598.78,316.58,572.8062600000001,197.30160000000004,158.29,794.9085,1723.30636
FARM-03277,Cotton,164.77,65.93,7466.66,322.79,596.0672442857143,176.69240000000002,161.395,559.9995,1494.1541442857142
FARM-03278,Wheat,107.62,62.63,3498.88,269.02,389.3230371428572,167.84840000000003,134.51,262.416,954.0974371428572
FARM-03279,Cotton,124.8,77.74,8336.8,444.1,451.4729142857143,208.3432,222.05,625.2599999999999,1507.1261142857143
FARM-03280,Rice,157.28,78.19,11216.91,515.06,568.9716342857143,209.5492,257.53,841.26825,1877.3190842857143
FARM-03281,Sugarcane,238.08,109.02,,596.42,861.2714057142857,292.1736,298.21,,
FARM-03282,Sugarcane,206.69,103.92,,538.18,747.7158385714285,278.5056,269.09,,
FARM-03283,Maize,187.17,51.2,4284.25,211.37,677.1008442857142,137.216,105.685,321.31874999999997,1241.3205942857142
FARM-03284,Sugarcane,208.28,107.39,16037.36,432.08,753.4677771428571,287.8052,216.04,1202.802,2460.1149771428572
FARM-03285,Soybean,41.11,61.66,4234.42,268.81,148.71836142857143,165.2488,134.405,317.5815,765.9536614285714
FARM-03286,Soybean,42.54,60.51,4330.49,191.29,153.89148857142857,162.1668,95.645,324.78675,736.4900385714285
FARM-03287,Maize,154.39,75.01,4808.55,294.46,558.5168528571428,201.02680000000004,147.23,360.64125,1267.4149028571428
FARM-03288,Cotton,142.96,80.72,8825.7,498.91,517.1680114285714,216.3296,249.455,661.9275,1644.8801114285716
FARM-03289,Wheat,129.56,50.65,4232.1,197.82,468.6925542857143,135.742,98.91,317.4075,1020.7520542857143
FARM-03290,Wheat,122.68,70.56,4305.72,236.02,443.80366285714297,189.10080000000002,118.01,322.92900000000003,1073.843462857143
FARM-03291,Sugarcane,209.97,102.84,18506.97,447.51,759.5814728571429,275.61120000000005,223.755,1388.02275,2646.970422857143
FARM-03292,Rice,163.34,57.66,9549.9,364.6,590.8941171428573,154.5288,182.3,716.2425,1643.9654171428574
FARM-03293,Rice,146.58,78.49,9388.31,479.09,530.2636200000002,210.3532,239.545,704.12325,1684.2850700000001
FARM-03294,Wheat,141.67,63.56,4871.7,234.6,512.5013442857144,170.34080000000003,117.3,365.3775,1165.5196442857143
FARM-03295,Maize,197.82,81.8,4593.34,311.43,715.6279800000001,219.22400000000002,155.715,344.5005,1435.0674800000002
FARM-03296,Maize,178.68,51.78,4652.87,,646.3876628571429,138.77040000000002,,348.96524999999997,
FARM-03297,Wheat,119.44,53.97,4008.76,187.35,432.08273142857144,144.6396,93.675,300.657,971.0543314285715
FARM-03298,Maize,174.73,50.6,4904.88,262.27,632.0982557142858,135.608,131.135,367.866,1266.7072557142858
FARM-03299,Maize,177.62,46.03,5493.79,202.65,642.5530371428572,123.36040000000001,101.325,412.03425,1279.2726871428572
FARM-03300,Maize,200.08,47.01,5016.71,270.84,723.8036914285715,125.9868,135.42,376.25325,1361.4637414285714
FARM-03301,Wheat,119.11,140.44209985828533,4840.88,192.56,430.88893285714295,376.3848276202047,96.28,363.066,1266.6197604773477
FARM-03302,Wheat,130.51,48.71,4245.85,210.7,472.12924714285714,130.5428,105.35,318.43875,1026.4607971428572
FARM-03303,Rice,134.63,65.99,10538.83,416.92,487.03364142857146,176.8532,208.46,790.41225,1662.7590914285715
FARM-03304,Cotton,167.68,71.46,6252.1,361.41,606.5943771428572,191.5128,180.705,468.9075,1447.719677142857
FARM-03305,Maize,199.32,46.36,4764.79,227.84,721.0543371428572,124.24480000000001,113.92,357.35925,1316.578387142857
FARM-03306,Cotton,140.11,75.62,8394.68,450.8,506.857932857143,202.66160000000002,225.4,629.601,1564.520532857143
FARM-03307,Sugarcane,226.76,122.13,18643.11,619.93,820.3204971428572,327.3084,309.965,1398.23325,2855.827147142857
FARM-03308,Cotton,140.41,99.28,8101.48,468.78,507.9432042857143,266.0704,234.39,607.611,1616.0146042857143
FARM-03309,Cotton,163.84,73.3,7672.25,481.48,592.7029028571428,196.44400000000002,240.74,575.4187499999999,1605.3056528571428
FARM-03310,Rice,159.15,66.96,8067.42,405.28,575.7364928571428,179.4528,202.64,605.0565,1562.8857928571429
FARM-03311,Rice,159.28,57.35,9058.51,253.58,576.2067771428572,153.698,126.79,679.38825,1536.0830271428572
FARM-03312,Maize,162.45,64.09,5192.66,,587.6744785714286,171.76120000000003,,389.4495,
FARM-03313,Sugarcane,234.1,108.81,18019.63,541.47,846.8734714285715,291.61080000000004,270.735,1351.47225,2760.691521428572
FARM-03314,Soybean,47.01,57.64,3246.45,167.13,170.06203285714287,154.4752,83.565,243.48375,651.5859828571429
FARM-03315,Cotton,139.42,60.36,8095.54,348.39,504.3618085714286,161.7648,174.195,607.1655,1447.4871085714285
FARM-03316,Wheat,126.46,62.86,3459.58,243.68,457.4780828571429,168.4648,121.84,259.4685,1007.251382857143
FARM-03317,Cotton,140.91,73.82,7097.15,307.94,509.75199,197.83759999999998,153.97,532.28625,1393.84584
FARM-03318,Soybean,51.92,56.41,4389.14,293.96,187.8243085714286,151.1788,146.98,329.1855,815.1686085714286
FARM-03319,Soybean,48.1,55.08,3733.28,220.85,174.00518571428574,147.61440000000002,110.425,279.996,712.0405857142857
FARM-03320,Wheat,,57.57,4113.4,266.15,,154.2876,133.075,308.50499999999994,
FARM-03321,Wheat,129.37,63.21,4057.36,264.09,468.0052157142858,169.4028,132.045,304.302,1073.7550157142857
FARM-03322,Cotton,144.17,65.89,7980.34,435.32,521.5452728571428,176.58520000000001,217.66,598.5255,1514.3159728571427
FARM-03323,Wheat,148.72,52.5,4216.54,164.69,538.0052228571429,140.70000000000002,82.345,316.2405,1077.290722857143
FARM-03324,Sugarcane,194.98,110.42,17698.99,577.93,705.354077142857,295.92560000000003,288.965,1327.42425,2617.668927142857
FARM-03325,Sugarcane,,71.13,17967.19,359.9,,190.6284,179.95,1347.5392499999998,
FARM-03326,Cotton,142.79,52.78,6374.61,330.05,516.5530242857144,141.4504,165.025,478.09574999999995,1301.1241742857142
FARM-03327,Wheat,,60.97,3474.02,209.07,,163.39960000000002,104.535,260.5515,
FARM-03328,Cotton,167.76,,8123.33,256.85,606.8837828571429,,128.425,609.24975,
FARM-03329,Wheat,119.88,69.23,4335.55,292.09,433.6744628571429,185.53640000000001,146.045,325.16625,1090.422112857143
FARM-03330,Rice,,86.34,9580.42,483.94,,231.39120000000003,241.97,718.5314999999999,
FARM-03331,Wheat,115.96,57.36,4211.09,282.22,419.4935828571429,153.72480000000002,141.11,315.83175,1030.1601328571428
FARM-03332,Soybean,38.61,57.41,4394.78,220.93,139.67443285714285,153.8588,110.465,329.6085,733.6067328571428
FARM-03333,Rice,143.42,59.97,10016.45,400.93,518.8320942857142,160.7196,200.465,751.23375,1631.2504442857144
FARM-03334,Maize,204.04,54.2,4691.5,271.84,738.1292742857144,145.25600000000003,135.92,351.8625,1371.1677742857144
FARM-03335,Cotton,133.39,60.98,8082.87,274.85,482.54785285714286,163.4264,137.425,606.21525,1389.6145028571427
FARM-03336,Wheat,125.4,36.97,4203.82,145.37,453.6434571428572,99.0796,72.685,315.2865,940.6945571428571
FARM-03337,Cotton,158.94,73.44,7987.15,329.88,574.976802857143,196.8192,164.94,599.03625,1535.772252857143
FARM-03338,Cotton,143.75,67.89,8028.11,319.83,520.0258928571429,181.9452,159.915,602.10825,1463.9943428571428
FARM-03339,Maize,182.2,87.4,4803.15,306.98,659.1215142857143,234.23200000000003,153.49,360.23625,1407.0797642857142
FARM-03340,Soybean,41.59,62.87,4540.3,239.66,150.45479571428575,168.4916,119.83,340.5225,779.2988957142857
FARM-03341,Sugarcane,237.5,108.32,17436.98,478.31,859.1732142857143,290.2976,239.155,1307.7735,2696.3993142857144
FARM-03342,Sugarcane,216.01,95.75,16695.57,572.9,781.4316042857142,256.61,286.45,1252.1677499999998,2576.659354285714
FARM-03343,Wheat,119.75,60.27,,238.85,433.2041785714286,161.52360000000002,119.425,,
FARM-03344,Rice,147.38,82.77,10671.15,654.23,533.1576771428571,221.8236,327.115,800.33625,1882.432527142857
FARM-03345,Sugarcane,211.59,235.47455208353367,16665.32,360.19,765.4419385714286,631.0717995838703,180.095,1249.899,2826.507738155299
FARM-03346,Cotton,142.29,59.84,7817.58,400.46,514.7442385714286,160.37120000000002,200.23,586.3185,1461.6639385714286
FARM-03347,Rice,160.94,77.84,9277.06,441.25,582.2119457142857,208.61120000000003,220.625,695.7795,1707.2276457142857
FARM-03348,Maize,168.28,70.81,5088.74,268.17,608.76492,189.7708,134.085,381.65549999999996,1314.27622
FARM-03349,Wheat,122.78,49.17,4073.22,227.77,444.16542,131.77560000000003,113.885,305.4915,995.31752
FARM-03350,Rice,122.04,70.08,9637.19,515.95,441.4884171428572,187.8144,257.975,722.78925,1610.0670671428572
FARM-03351,Wheat,128.92,62.0,3834.5,241.94,466.37730857142856,166.16,120.97,287.5875,1041.0948085714285
FARM-03352,Rice,151.73,93.64,9387.81,377.91,548.8941128571429,250.95520000000002,188.955,704.08575,1692.8900628571428
FARM-03353,Wheat,123.23,58.35,4208.67,267.17,445.7933271428572,156.37800000000001,133.585,315.65024999999997,1051.4065771428573
FARM-03354,Wheat,102.16,53.2,3440.52,209.04,369.5710971428572,142.57600000000002,104.52,258.039,874.7060971428572
FARM-03355,Cotton,140.85,76.16,7463.21,418.13,509.5349357142857,204.1088,209.065,559.7407499999999,1482.4494857142856
FARM-03356,Cotton,148.69,55.59,8036.0,270.49,537.8966957142858,148.98120000000003,135.245,602.6999999999999,1424.8228957142858
FARM-03357,Maize,189.13,64.09,5714.22,259.04,684.1912842857143,171.76120000000003,129.52,428.5665,1414.0389842857144
FARM-03358,Cotton,146.31,67.46,7633.19,333.98,529.2868757142858,180.7928,166.99,572.48925,1449.5589257142856
FARM-03359,Maize,198.28,95.08,4686.9,380.7,717.2920628571429,254.8144,190.35,351.5175,1513.9739628571429
FARM-03360,Rice,134.36,103.41,10454.4,606.42,486.0568971428572,277.1388,303.21,784.0799999999999,1850.4856971428571
FARM-03361,Soybean,46.21,55.16,3539.0,264.56,167.16797571428575,147.8288,132.28,265.425,712.7017757142858
FARM-03362,Sugarcane,222.17,80.42,18028.96,446.77,803.7158442857143,215.52560000000003,223.385,1352.1719999999998,2594.798444285714
FARM-03363,Wheat,113.95,54.38,3592.8,273.04,412.2222642857143,145.7384,136.52,269.46,963.9406642857143
FARM-03364,Soybean,47.86,53.43,3863.43,254.42,173.13696857142855,143.19240000000002,127.21,289.75725,733.2966185714286
FARM-03365,Cotton,159.75,51.69,6334.76,277.93,577.9070357142857,138.5292,138.965,475.10699999999997,1330.5082357142855
FARM-03366,Soybean,50.98,41.4,3792.77,250.1,184.42379142857143,110.952,125.05,284.45775,704.8835414285714
FARM-03367,Maize,192.28,86.04,5046.84,298.33,695.5866342857144,230.58720000000002,149.165,378.513,1453.8518342857144
FARM-03368,Cotton,148.06,67.55,7071.79,368.57,535.6176257142857,181.034,184.285,530.38425,1431.3208757142856
FARM-03369,Cotton,155.07,60.72,7442.03,381.9,560.9768014285714,162.7296,190.95,558.15225,1472.8086514285715
FARM-03370,Wheat,119.19,51.93,3628.92,232.32,431.17833857142864,139.1724,116.16,272.169,958.6797385714286
FARM-03371,Sugarcane,230.48,107.33,18314.44,473.72,833.7778628571428,287.6444,236.86,1373.5829999999999,2731.8652628571426
FARM-03372,Cotton,157.32,75.96,7756.81,415.82,569.1163371428572,203.5728,207.91,581.76075,1562.3598871428571
FARM-03373,Sugarcane,219.47,110.38,18147.74,515.67,793.9484014285715,295.8184,257.835,1361.0805,2708.6823014285715
FARM-03374,Sugarcane,229.14,80.34,18299.09,613.18,828.9303171428571,215.3112,306.59,1372.43175,2723.2632671428573
FARM-03375,Cotton,151.75,67.53,7573.94,415.36,548.9664642857144,180.9804,207.68,568.0455,1505.6723642857144
FARM-03376,Maize,208.81,54.66,4102.57,291.99,755.38509,146.4888,145.995,307.69275,1355.56164
FARM-03377,Sugarcane,222.33,104.56,15481.6,682.6,804.2946557142859,280.2208,341.3,1161.12,2586.935455714286
FARM-03378,Soybean,44.74,64.77,3669.81,246.21,161.85014571428573,173.5836,123.105,275.23575,733.7744957142856
FARM-03379,Soybean,37.76,69.32,3199.46,251.23,136.5994971428571,185.7776,125.615,239.9595,687.951597142857
FARM-03380,Rice,141.82,61.22,9337.43,331.24,513.04398,164.0696,165.62,700.30725,1543.04083
FARM-03381,Wheat,128.05,51.33,4425.82,205.58,463.2300214285715,137.5644,102.79,331.93649999999997,1035.5209214285715
FARM-03382,Rice,133.04,,11722.71,679.84,481.2817028571429,,339.92,879.2032499999999,
FARM-03383,Soybean,52.92,60.82,4061.01,230.59,191.44188000000003,162.9976,115.295,304.57575,774.31023
FARM-03384,Cotton,162.98,45.42,7343.02,277.75,589.5917914285715,121.72560000000001,138.875,550.7265,1400.9188914285714
FARM-03385,Maize,180.64,84.79,5352.0,301.7,653.4781028571429,227.23720000000003,150.85,401.4,1432.965302857143
FARM-03386,Maize,179.18,73.74,5053.01,303.03,648.1964485714286,197.6232,151.515,378.97575,1376.3103985714285
FARM-03387,Soybean,35.35,47.48,4026.08,234.48,127.88115000000002,127.2464,117.24,301.95599999999996,674.32355
FARM-03388,Cotton,173.97,68.66,7276.51,303.41,629.3489014285715,184.0088,151.705,545.73825,1510.8009514285716
FARM-03389,Maize,,51.76,4929.07,269.38,,138.7168,134.69,369.68024999999994,
FARM-03390,Soybean,56.41,58.4,3464.24,1079.4969857209232,204.0672042857143,156.512,539.7484928604616,259.818,1160.145697146176
FARM-03391,Wheat,145.14,45.69,3968.96,252.29,525.0543171428571,122.4492,126.145,297.67199999999997,1071.3205171428572
FARM-03392,Sugarcane,221.18,70.09,18468.44,369.97,800.1344485714285,187.84120000000001,184.985,1385.1329999999998,2558.0936485714283
FARM-03393,Sugarcane,,105.17,17791.45,492.98,,281.85560000000004,246.49,1334.35875,
FARM-03394,Rice,126.69,82.24,9938.98,522.94,458.3101242857143,220.4032,261.47,745.4235,1685.6068242857143
FARM-03395,Wheat,138.58,52.3,4581.28,295.79,501.3230485714286,140.164,147.895,343.59599999999995,1132.9780485714286
FARM-03396,Maize,162.5,63.1,5792.41,300.39,587.8553571428572,169.108,150.195,434.43075,1341.589107142857
FARM-03397,Wheat,123.93,47.39,3488.25,222.55,448.3256271428572,127.0052,111.275,261.61875,948.2245771428571
FARM-03398,Sugarcane,213.11,74.01,16524.27,409.9,770.9406471428572,198.34680000000003,204.95,1239.32025,2413.5576971428573
FARM-03399,Cotton,,54.63,6874.27,271.45,,146.40840000000003,135.725,515.57025,
FARM-03400,Wheat,134.89,47.77,,205.86,487.97421,128.02360000000002,102.93,,
FARM-03401,Maize,193.22,102.87,4980.72,268.37,698.9871514285715,275.69160000000005,134.185,373.55400000000003,1482.4177514285716
FARM-03402,Rice,152.86,99.01,10720.1,527.06,552.9819685714285,265.34680000000003,263.53,804.0075,1885.8662685714285
FARM-03403,Wheat,124.58,60.28,3807.91,234.52,450.6770485714286,161.55040000000002,117.26,285.59324999999995,1015.0806985714285
FARM-03404,Soybean,46.23,56.46,3992.88,252.22,167.24032714285713,151.3128,126.11,299.466,744.1291271428572
FARM-03405,Soybean,44.96,53.54,4432.4,188.16,162.64601142857143,143.4872,94.08,332.42999999999995,732.6432114285714
FARM-03406,Sugarcane,229.32,87.47,18275.29,390.65,829.58148,234.4196,195.325,1370.64675,2629.97283
FARM-03407,Wheat,127.79,55.65,4180.24,221.12,462.2894528571429,149.142,110.56,313.518,1035.5094528571428
FARM-03408,Maize,165.42,65.85,5007.07,204.09,598.4186657142857,176.478,102.045,375.53024999999997,1252.4719157142856
FARM-03409,Soybean,37.29,46.1,3601.64,211.66,134.89923857142858,123.54800000000002,105.83,270.123,634.4002385714286
FARM-03410,Sugarcane,229.55,125.56,16463.77,825.43,830.4135214285715,336.5008,412.715,1234.78275,2814.4120714285714
FARM-03411,Wheat,114.52,48.06,4145.73,180.66,414.28428,128.8008,90.33,310.92974999999996,944.34483
FARM-03412,Sugarcane,201.9,97.4,19056.73,587.23,730.3876714285716,261.03200000000004,293.615,1429.2547499999998,2714.2894214285716
FARM-03413,Maize,174.5,59.79,5000.18,261.7,631.2662142857143,160.2372,130.85,375.0135,1297.3669142857143
FARM-03414,Soybean,43.89,50.58,3774.49,185.12,158.77521000000002,135.55440000000002,92.56,283.08675,669.97636
FARM-03415,Cotton,,46.49,7309.35,336.25,,124.59320000000001,168.125,548.20125,
FARM-03416,Rice,145.72,58.21,8192.22,237.62,527.1525085714286,156.0028,118.81,614.4164999999999,1416.3818085714283
FARM-03417,Maize,173.45,61.22,4725.27,,627.4677642857142,164.0696,,354.39525000000003,
FARM-03418,Maize,152.72,63.54,4825.5,177.25,552.4755085714286,170.2872,88.625,361.91249999999997,1173.3002085714286
FARM-03419,Soybean,43.18,38.62,3799.55,199.14,156.20673428571428,103.5016,99.57,284.96625,644.2445842857143
FARM-03420,Sugarcane,247.15,91.37,47872.47621644696,647.68,894.0827785714287,244.87160000000003,323.84,3590.435716233522,5053.230094804951
FARM-03421,Maize,198.31,68.73,4688.04,337.0,717.40059,184.1964,168.5,351.603,1421.69999
FARM-03422,Wheat,113.94,58.79,4078.06,241.55,412.18608857142857,157.5572,120.775,305.8545,996.3727885714286
FARM-03423,Wheat,108.33,48.79,4524.2,218.26,391.89151285714286,130.7572,109.13,339.315,971.0937128571429
FARM-03424,Maize,184.6,64.48,4597.31,346.28,667.8036857142857,172.80640000000002,173.14,344.79825,1358.5483357142857
FARM-03425,Maize,184.78,,4830.31,311.61,668.4548485714286,,155.805,362.27325,
FARM-03426,Soybean,119.06366626965904,52.2,4687.89,161.68,430.7213172780822,139.89600000000002,80.84,351.59175,1003.0490672780822
FARM-03427,Sugarcane,212.67,75.44,18432.62,431.99,769.3489157142857,202.1792,215.995,1382.4464999999998,2569.9696157142853
FARM-03428,Wheat,126.26,43.92,4049.15,161.3,456.75456857142865,117.70560000000002,80.65,303.68625,958.7964185714286
FARM-03429,Sugarcane,221.05,80.41,17641.24,442.92,799.6641642857144,215.49880000000002,221.46,1323.093,2559.7159642857146
FARM-03430,Soybean,49.88,54.49,3183.25,229.9,180.44446285714287,146.03320000000002,114.95,238.74374999999998,680.1714128571429
FARM-03431,Soybean,54.45,45.04,4208.08,214.1,196.9767642857143,120.7072,107.05,315.606,740.3399642857144
FARM-03432,Cotton,133.79,56.26,7955.68,307.88,483.99488142857143,150.7768,153.94,596.676,1385.3876814285713
FARM-03433,Maize,189.85,88.63,4553.88,371.53,686.7959357142857,237.5284,185.765,341.541,1451.6303357142858
FARM-03434,Rice,146.05,56.86,11654.13,299.91,528.3463071428572,152.3848,149.955,874.0597499999999,1704.7458571428572
FARM-03435,Cotton,137.75,47.68,7204.17,267.45,498.32046428571437,127.78240000000001,133.725,540.3127499999999,1300.1406142857145
FARM-03436,Sugarcane,214.41,91.82,17266.69,486.39,775.64349,246.0776,243.195,1295.00175,2559.91784
FARM-03437,Wheat,134.61,57.98,3408.91,275.82,486.9612900000001,155.3864,137.91,255.66824999999997,1035.92594
FARM-03438,Soybean,49.46,70.12,4588.95,234.05,178.92508285714285,187.9216,117.025,344.17125,828.0429328571429
FARM-03439,Wheat,108.45,60.24,4256.41,271.92,392.3256214285715,161.44320000000002,135.96,319.23075,1008.9595714285715
FARM-03440,Rice,129.9,70.66,34718.66032756048,368.87,469.92252857142864,189.3688,184.435,2603.8995245670358,3447.6258531384647
FARM-03441,Soybean,41.34,53.13,3272.89,242.95,149.55040285714284,142.38840000000002,121.475,245.46675,658.8805528571429
FARM-03442,Soybean,51.71,52.92,4152.52,190.79,187.06461857142858,141.8256,95.395,311.439,735.7242185714285
FARM-03443,Cotton,143.94,51.62,7014.84,348.39,520.7132314285714,138.3416,174.195,526.1129999999999,1359.362831428571
FARM-03444,Soybean,54.6,76.28,3397.06,274.97,197.51940000000005,204.43040000000002,137.485,254.77949999999998,794.2143000000001
FARM-03445,Soybean,41.13,,4087.27,254.09,148.79071285714286,,127.045,306.54525,
FARM-03446,Rice,,69.59,9736.05,493.38,,186.5012,246.69,730.2037499999999,
FARM-03447,Maize,163.47,83.79,5248.45,398.57,591.3644014285715,224.55720000000002,199.285,393.63374999999996,1408.8403514285715
FARM-03448,Wheat,127.35,46.53,3293.74,,460.6977214285714,124.70040000000002,,247.03049999999996,
FARM-03449,Sugarcane,217.94,86.41,15393.01,441.69,788.4135171428572,231.5788,220.845,1154.47575,2395.313067142857
FARM-03450,Soybean,33.49,46.47,4395.77,175.72,121.15246714285716,124.53960000000001,87.86,329.68275,663.2348171428572
FARM-03451,Cotton,148.34,68.98,8484.34,344.39,536.6305457142857,184.86640000000003,172.195,636.3255,1530.0174457142857
FARM-03452,Soybean,48.15,55.27,3652.98,270.54,174.18606428571428,148.1236,135.27,273.9735,731.5531642857143
FARM-03453,Maize,198.37,63.29,4442.61,257.67,717.6176442857144,169.6172,128.835,333.19575,1349.2655942857145
FARM-03454,Wheat,117.72,41.33,3903.07,189.21,425.86050857142857,110.76440000000001,94.605,292.73025,923.9601585714286
FARM-03455,Wheat,124.7,,4134.95,231.14,451.11115714285717,,115.57,310.12125,
FARM-03456,Maize,196.53,65.45,5521.73,232.05,710.961312857143,175.406,116.025,414.12974999999994,1416.5220628571428
FARM-03457,Rice,172.74,98.68,11744.0,421.43,624.8992885714285,264.46240000000006,210.715,880.8,1980.8766885714285
FARM-03458,Maize,180.24,92.97,4878.15,335.71,652.0310742857143,249.1596,167.855,365.86125,1434.9069242857142
FARM-03459,Wheat,114.36,52.27,3933.48,217.33,413.7054685714286,140.08360000000002,108.665,295.01099999999997,957.4650685714286
FARM-03460,Soybean,43.69,58.4,3455.89,151.15,158.05169571428573,156.512,75.575,259.19174999999996,649.3304457142856
FARM-03461,Sugarcane,187.45,125.19,17417.07,597.27,678.1137642857143,335.5092,298.635,1306.28025,2618.5382142857143
FARM-03462,Maize,658.1994037078205,68.9,4802.98,323.74,2381.0833571561625,184.65200000000002,161.87,360.22349999999994,3087.8288571561625
FARM-03463,Cotton,173.02,78.69,7746.3,423.94,625.9122085714287,210.88920000000002,211.97,580.9725,1629.7439085714286
FARM-03464,Sugarcane,247.44,,17449.94,598.41,895.1318742857143,,299.205,1308.7454999999998,
FARM-03465,Maize,169.97,93.25,5088.29,439.41,614.8786157142857,249.91000000000003,219.705,381.62174999999996,1466.1153657142856
FARM-03466,Maize,214.44,46.34,5388.36,265.28,775.7520171428572,124.19120000000002,132.64,404.12699999999995,1436.7102171428571
FARM-03467,Rice,152.26,97.85,10645.82,486.51,550.8114257142856,262.238,243.255,798.4364999999999,1854.7409257142854
FARM-03468,Wheat,122.7,47.64,3364.29,200.67,443.87601428571435,127.6752,100.335,252.32174999999998,924.2079642857143
FARM-03469,Rice,148.83,97.25,10621.86,541.13,538.4031557142858,260.63,270.565,796.6395,1866.237655714286
FARM-03470,Wheat,114.77,44.0,3739.66,183.64,415.1886728571429,117.92,91.82,280.4745,905.4031728571429
FARM-03471,Soybean,34.96,81.51,4174.17,304.13,126.47029714285716,218.44680000000002,152.065,313.06275,810.0448471428572
FARM-03472,Rice,140.64,65.26,9858.0,370.11,508.7752457142858,174.8968,185.055,739.35,1608.0770457142858
FARM-03473,Maize,,53.34,5256.51,273.37,,142.95120000000003,136.685,394.23825,
FARM-03474,Rice,170.14,77.71,9209.33,373.2,615.4936028571428,208.2628,186.6,690.69975,1701.056152857143
FARM-03475,Rice,138.96,52.27,10126.44,288.48,502.6977257142858,140.08360000000002,144.24,759.4830000000001,1546.5043257142859
FARM-03476,Maize,215.03,66.81,4675.94,270.02,777.8863842857144,179.0508,135.01,350.6955,1442.6426842857143
FARM-03477,Sugarcane,216.32,123.63,15840.63,558.68,782.5530514285715,331.3284,279.34,1188.0472499999998,2581.268701428571
FARM-03478,Maize,207.7,56.64,4941.46,250.55,751.3695857142857,151.79520000000002,125.275,370.60949999999997,1399.0492857142858
FARM-03479,Maize,192.12,54.92,4776.16,220.61,695.0078228571429,147.18560000000002,110.305,358.212,1310.710422857143
FARM-03480,Wheat,122.01,56.49,4135.15,200.1,441.3798900000001,151.3932,100.05,310.13624999999996,1002.9593400000001
FARM-03481,Rice,169.02,81.95,9308.72,481.3,611.4419228571429,219.62600000000003,240.65,698.1539999999999,1769.871922857143
FARM-03482,Soybean,56.19,69.07,3797.94,232.98,203.27133857142857,185.1076,116.49,284.8455,789.7144385714286
FARM-03483,Rice,154.32,77.23,9184.78,372.53,558.263622857143,206.9764,186.265,688.8585,1640.363522857143
FARM-03484,Cotton,127.73,66.59,7320.35,357.15,462.07239857142866,178.46120000000002,178.575,549.02625,1368.1348485714288
FARM-03485,Maize,162.25,35.0,4989.35,182.34,586.9509642857143,93.80000000000001,91.17,374.20125,1146.1222142857143
FARM-03486,Cotton,139.04,62.97,7494.91,365.13,502.9871314285714,168.7596,182.565,562.11825,1416.4299814285714
FARM-03487,Maize,171.75,73.33,4297.43,299.29,621.317892857143,196.5244,149.645,322.30725,1289.794542857143
FARM-03488,Rice,138.38,78.28,10682.14,484.44,500.5995342857143,209.7904,242.22,801.1605,1753.7704342857141
FARM-03489,Cotton,450.8821998927477,73.75,6433.01,478.15,1631.0985639834357,197.65,239.075,482.47575,2550.2993139834357
FARM-03490,Maize,,88.98,5723.69,417.28,,238.46640000000002,208.64,429.27674999999994,
FARM-03491,Soybean,46.47,63.8,4436.86,292.42,168.1085442857143,170.984,146.21,332.76449999999994,818.0670442857142
FARM-03492,Cotton,159.1,61.66,6635.68,320.78,575.5556142857143,165.2488,160.39,497.676,1398.8704142857143
FARM-03493,Sugarcane,219.38,117.32,19284.87,535.39,793.62282,314.4176,267.695,1446.3652499999998,2822.10067
FARM-03494,Soybean,45.59,55.89,4194.25,267.56,164.92508142857145,149.7852,133.78,314.56874999999997,763.0590314285714
FARM-03495,Cotton,158.6,55.26,6970.7,332.38,573.7468285714286,148.0968,166.19,522.8025,1410.8361285714286
FARM-03496,Soybean,33.97,56.88,4513.32,,122.88890142857144,152.43840000000003,,338.49899999999997,
FARM-03497,Soybean,38.19,44.84,3857.42,142.41,138.15505285714283,120.17120000000001,71.205,289.30649999999997,618.8377528571427
FARM-03498,Maize,201.69,56.29,4797.98,235.54,729.6279814285714,150.8572,117.77,359.84849999999994,1358.1036814285712
FARM-03499,Cotton,173.49,69.99,7960.19,390.86,627.6124671428572,187.57319999999999,195.43,597.01425,1607.6299171428573
FARM-03500,Rice,163.87,75.52,9934.22,344.2,592.81143,202.3936,172.1,745.0664999999999,1712.37153
FARM-03501,Maize,168.45,76.46,16761.351929515647,283.61,609.3799071428571,204.9128,141.805,1257.1013947136735,2213.1991018565304
FARM-03502,Cotton,157.08,91.45,7780.86,386.43,568.2481200000001,245.086,193.215,583.5645,1590.11362
FARM-03503,Sugarcane,211.93,94.75,18629.88,470.94,766.671912857143,253.93,235.47,1397.241,2653.3129128571427
FARM-03504,Cotton,170.7,63.28,8150.22,445.44,617.5194428571428,169.59040000000002,222.72,611.2665,1621.0963428571429
FARM-03505,Cotton,177.98,73.39,7887.34,372.24,643.8553628571428,196.6852,186.12,591.5504999999999,1618.2110628571427
FARM-03506,Cotton,151.7,48.12,6834.8,304.35,548.7855857142857,128.9616,152.175,512.61,1342.5321857142858
FARM-03507,Cotton,155.32,67.45,8660.21,418.46,561.8811942857144,180.76600000000002,209.23,649.5157499999999,1601.3929442857143
FARM-03508,Rice,144.86,85.69,9380.84,420.93,524.0413971428572,229.6492,210.465,703.563,1667.7185971428573
FARM-03509,Soybean,36.73,50.08,4346.27,198.62,132.87339857142854,134.2144,99.31,325.97025,692.3680485714285
FARM-03510,Sugarcane,200.62,83.71,17059.6,385.68,725.7571800000001,224.34279999999998,192.84,1279.4699999999998,2422.40998
FARM-03511,Soybean,42.81,47.42,4550.76,134.92,154.86823285714286,127.08560000000001,67.46,341.307,690.7208328571428
FARM-03512,Wheat,137.54,49.1,4086.75,159.81,497.5607742857143,131.58800000000002,79.905,306.50624999999997,1015.5600242857142
FARM-03513,Sugarcane,196.19,,18338.35,515.81,709.7313385714285,,257.905,1375.3762499999998,
FARM-03514,Sugarcane,199.79,96.55,17552.8,503.19,722.7545957142859,258.754,251.595,1316.4599999999998,2549.563595714286
FARM-03515,Maize,201.28,85.71,5418.78,398.17,728.1447771428572,229.7028,199.085,406.40849999999995,1563.341077142857
FARM-03516,Soybean,43.25,61.75,3973.47,261.69,156.45996428571428,165.49,130.845,298.01025,750.8052142857143
FARM-03517,Maize,187.25,51.35,4427.92,199.13,677.39025,137.61800000000002,99.565,332.094,1246.6672500000002
FARM-03518,Soybean,37.67,54.42,4007.47,239.69,136.27391571428572,145.84560000000002,119.845,300.56025,702.5247657142858
FARM-03519,Wheat,113.92,49.22,3836.83,210.87,412.1137371428572,131.9096,105.435,287.76225,937.2205871428571
FARM-03520,Rice,140.15,,9937.02,396.38,507.0026357142858,,198.19,745.2765,
FARM-03521,Wheat,126.3,42.69,4463.99,234.43,456.8992714285714,114.4092,117.215,334.79925,1023.3227214285714
FARM-03522,Maize,171.46,68.86,4353.61,287.11,620.2687971428571,184.5448,143.555,326.52074999999996,1274.889347142857
FARM-03523,Soybean,40.12,55.43,3827.49,201.39,145.13696571428574,148.5524,100.695,287.06174999999996,681.4461157142857
FARM-03524,Sugarcane,194.2,88.02,16795.79,443.65,702.5323714285714,235.8936,221.825,1259.68425,2419.9352214285714
FARM-03525,Maize,163.75,71.42,5136.9,188.57,592.3773214285716,191.40560000000002,94.285,385.2675,1263.3354214285716
FARM-03526,Rice,148.6,68.71,9444.17,472.43,537.5711142857142,184.1428,236.215,708.3127499999999,1666.2416642857143
FARM-03527,Rice,145.89,53.01,10059.67,296.52,527.7674957142857,142.0668,148.26,754.47525,1572.5695457142856
FARM-03528,Rice,136.63,81.93,11031.81,424.28,494.2687842857143,219.57240000000004,212.14,827.3857499999999,1753.3669342857143
FARM-03529,Sugarcane,238.69,79.1,18602.04,443.88,863.4781242857144,211.988,221.94,1395.153,2692.5591242857145
FARM-03530,Maize,168.49,83.22,4626.09,289.13,609.52461,223.02960000000002,144.565,346.95675,1324.0759600000001
FARM-03531,Sugarcane,242.79,94.94,18546.58,497.86,878.3101671428572,254.4392,248.93,1390.9935,2772.6728671428573
FARM-03532,Sugarcane,213.86,74.38,16565.12,341.66,773.6538257142859,199.3384,170.83,1242.3839999999998,2386.2062257142857
FARM-03533,Maize,214.89,77.03,4731.84,268.56,777.3799242857144,206.4404,134.28,354.888,1472.9883242857143
FARM-03534,Maize,213.39,73.06,5337.44,332.19,771.9535671428572,195.8008,166.095,400.30799999999994,1534.157367142857
FARM-03535,Sugarcane,193.65,85.62,17291.1,508.35,700.5427071428571,229.46160000000003,254.175,1296.8324999999998,2481.011807142857
FARM-03536,Rice,141.39,67.59,9165.21,417.44,511.4884242857143,181.14120000000003,208.72,687.3907499999999,1588.740374285714
FARM-03537,Sugarcane,209.51,91.71,16436.57,529.05,757.91739,245.7828,264.525,1232.74275,2500.96794
FARM-03538,Soybean,55.17,51.95,3764.76,274.96,199.58141571428575,139.22600000000003,137.48,282.357,758.6444157142857
FARM-03539,Wheat,135.84,45.16,3947.3,155.13,491.4109028571429,121.0288,77.565,296.0475,986.052202857143
FARM-03540,Wheat,137.82,50.88,4395.19,204.48,498.5736942857143,136.35840000000002,102.24,329.63924999999995,1066.8113442857143
FARM-03541,Rice,166.29,74.09,9480.9,405.39,601.5659528571429,198.5612,202.695,711.0675,1713.8896528571427
FARM-03542,Soybean,31.18,61.04,4315.11,187.38,112.79587714285714,163.5872,93.69,323.63325,693.7063271428572
FARM-03543,Wheat,121.4,43.56,4077.36,,439.17317142857144,116.74080000000001,,305.802,
FARM-03544,Rice,166.47,61.33,9659.26,290.96,602.2171157142858,164.36440000000002,145.48,724.4445,1636.5060157142857
FARM-03545,Cotton,159.44,76.05,7494.32,378.86,576.7855885714285,203.814,189.43,562.074,1532.1035885714286
FARM-03546,Soybean,48.74,51.28,3950.87,194.59,176.32043142857145,137.43040000000002,97.295,296.31525,707.3610814285714
FARM-03547,Rice,147.89,68.95,9471.41,436.58,535.0026385714285,184.78600000000003,218.29,710.35575,1648.4343885714284
FARM-03548,Rice,148.08,70.06,10985.74,524.4,535.6899771428573,187.76080000000002,262.2,823.9304999999999,1809.5812771428573
FARM-03549,Rice,135.36,63.76,9586.82,398.6,489.67446857142863,170.8768,199.3,719.0115,1578.8627685714287
FARM-03550,Maize,200.0,53.75,5062.6,187.61,723.5142857142857,144.05,93.805,379.695,1341.0642857142857
FARM-03551,Sugarcane,245.33,126.3,17699.53,603.32,887.4987985714288,338.48400000000004,301.66,1327.4647499999999,2855.1075485714287
FARM-03552,Wheat,118.12,48.29,3494.06,152.49,427.3075371428572,129.4172,76.245,262.05449999999996,895.0242371428571
FARM-03553,Maize,205.94,85.4,5290.07,311.34,745.0026600000001,228.87200000000004,155.67,396.75525,1526.2999100000002
FARM-03554,Sugarcane,204.16,123.68,17513.81,800.86,738.5633828571429,331.46240000000006,400.43,1313.53575,2783.9915328571433
FARM-03555,Cotton,138.72,70.58,8356.25,400.68,501.8295085714286,189.1544,200.34,626.71875,1518.0426585714285
FARM-03556,Rice,399.9255945216323,86.14,10149.25,538.38,1446.7594042958995,230.85520000000002,269.19,761.19375,2707.9983542958994
FARM-03557,Cotton,140.82,62.79,8036.12,422.23,509.4264085714285,168.27720000000002,211.115,602.709,1491.5276085714286
FARM-03558,Maize,196.22,77.39,5229.97,326.82,709.8398657142858,207.4052,163.41,392.24775,1472.902815714286
FARM-03559,Cotton,146.62,65.17,8262.61,382.01,530.4083228571429,174.65560000000002,191.005,619.69575,1515.764672857143
FARM-03560,Sugarcane,186.23,105.02,17341.91,719.06,673.7003271428572,281.4536,359.53,1300.6432499999999,2615.327177142857
FARM-03561,Soybean,38.61,49.29,3769.62,239.75,139.67443285714285,132.09720000000002,119.875,282.7215,674.3681328571429
FARM-03562,Rice,153.15,98.98,9143.3,430.46,554.0310642857144,265.26640000000003,215.23,685.7475,1720.2749642857143
FARM-03563,Wheat,124.76,47.61,3236.94,174.81,451.3282114285714,127.5948,87.405,242.7705,909.0985114285713
FARM-03564,Soybean,50.53,66.9,3978.59,181.51,182.7958842857143,179.29200000000003,90.755,298.39425,751.2371342857143
FARM-03565,Cotton,153.29,68.26,7379.82,302.29,554.5375242857143,182.93680000000003,151.145,553.4865,1442.1058242857143
FARM-03566,Maize,189.73,81.22,4102.93,359.69,686.3618271428572,217.6696,179.845,307.71975000000003,1391.5961771428572
FARM-03567,Cotton,146.68,64.6,7523.98,387.79,530.6253771428571,173.128,193.895,564.2985,1461.946877142857
FARM-03568,Cotton,148.53,,7036.65,376.55,537.3178842857144,,188.275,527.74875,
FARM-03569,Maize,179.74,67.36,5288.78,322.38,650.2222885714286,180.5248,161.19,396.65849999999995,1388.5955885714286
FARM-03570,Soybean,42.5,58.1,4511.6,275.31,153.74678571428572,155.70800000000003,137.655,338.37,785.4797857142858
FARM-03571,Maize,171.83,57.76,5023.0,361.64,621.6072985714286,154.7968,180.82,376.72499999999997,1333.9490985714285
FARM-03572,Soybean,53.14,60.07,4050.39,239.75,192.23774571428572,160.98760000000001,119.875,303.77925,776.8795957142856
FARM-03573,Maize,173.5,79.11,5208.13,331.02,627.6486428571429,212.0148,165.51,390.60975,1395.783192857143
FARM-03574,Cotton,126.96,67.89,8160.93,346.37,459.2868685714286,181.9452,173.185,612.06975,1426.4868185714286
FARM-03575,Rice,152.84,81.22,10281.66,380.43,552.9096171428572,217.6696,190.215,771.1245,1731.9187171428573
FARM-03576,Wheat,119.19,57.35,4449.76,164.87,431.17833857142864,153.698,82.435,333.732,1001.0433385714286
FARM-03577,Cotton,153.03,62.45,7848.66,357.05,553.5969557142857,167.366,178.525,588.6495,1488.1374557142858
FARM-03578,Soybean,45.37,45.62,3562.48,131.95,164.1292157142857,122.2616,65.975,267.186,619.5518157142856
FARM-03579,Cotton,153.72,62.42,6250.88,360.37,556.0930800000001,167.28560000000002,180.185,468.816,1372.3796800000002
FARM-03580,Maize,177.02,69.0,5014.13,319.47,640.3824942857143,184.92000000000002,159.735,376.05975,1361.0972442857144
FARM-03581,Cotton,169.32,71.7,7410.21,355.43,612.5271942857144,192.156,177.715,555.76575,1538.1639442857145
FARM-03582,Wheat,115.98,62.35,3792.71,251.12,419.5659342857143,167.098,125.56,284.45324999999997,996.6771842857142
FARM-03583,Wheat,489.6798300432011,72.58,3470.62,236.65,1771.4517623119973,194.5144,118.325,260.2965,2344.587662311997
FARM-03584,Cotton,148.08,74.13,8482.59,431.37,535.6899771428573,198.6684,215.685,636.19425,1586.2376271428573
FARM-03585,Rice,139.06,45.21,11559.42,243.51,503.05948285714294,121.1628,121.755,866.9565,1612.933782857143
FARM-03586,Wheat,138.86,51.11,3496.31,660.7675027298317,502.33596857142857,136.97480000000002,330.38375136491584,262.22325,1231.9177699363445
FARM-03587,Soybean,41.57,47.55,3901.48,170.61,150.38244428571429,127.434,85.305,292.611,655.7324442857143
FARM-03588,Rice,147.45,83.7,10045.01,518.47,533.4109071428571,224.31600000000003,259.235,753.37575,1770.337657142857
FARM-03589,Sugarcane,214.93,135.85,15510.07,736.8,777.5246271428572,364.07800000000003,368.4,1163.25525,2673.257877142857
FARM-03590,Rice,147.47,64.27,10179.61,507.36,533.4832585714287,172.2436,253.68,763.4707500000001,1722.877608571429
FARM-03591,Cotton,160.2,63.8,7356.19,317.96,579.5349428571428,170.984,158.98,551.71425,1461.213192857143
FARM-03592,Rice,150.63,86.37,10739.49,498.84,544.9147842857142,231.47160000000002,249.42,805.4617499999999,1831.2681342857143
FARM-03593,Cotton,151.78,78.67,7388.53,,549.0749914285716,210.83560000000003,,554.1397499999999,
FARM-03594,Soybean,42.62,50.68,4524.8,216.66,154.1808942857143,135.82240000000002,108.33,339.36,737.6932942857143
FARM-03595,Sugarcane,228.86,96.61,17253.52,595.97,827.9173971428572,258.9148,297.985,1294.014,2678.8311971428575
FARM-03596,Soybean,49.21,49.52,4179.78,199.13,178.02069000000003,132.7136,99.565,313.4835,723.78279
FARM-03597,Rice,162.87,77.0,8868.5,395.68,589.1938585714287,206.36,197.84,665.1374999999999,1658.5313585714287
FARM-03598,Cotton,173.91,66.04,7547.51,,629.1318471428572,176.98720000000003,,566.06325,
FARM-03599,Soybean,47.87,50.17,4011.53,163.62,173.17314428571427,134.4556,81.81,300.86475,690.3034942857144
FARM-03600,Maize,187.05,57.18,5338.24,380.35,676.6667357142858,153.2424,190.175,400.368,1420.4521357142858
FARM-03601,Rice,157.64,102.14,10627.9,497.64,570.27396,273.7352,248.82,797.0925,1889.92166
FARM-03602,Soybean,38.05,58.12,3845.1,199.95,137.64859285714283,155.76160000000002,99.975,288.3825,681.767692857143
FARM-03603,Soybean,39.7,63.43,4035.6,250.6,143.61758571428572,169.9924,125.3,302.66999999999996,741.5799857142856
FARM-03604,Rice,133.01,67.17,9157.12,364.51,481.17317571428566,180.0156,182.255,686.784,1530.2277757142856
FARM-03605,Wheat,134.87,52.93,3235.22,181.23,487.90185857142865,141.85240000000002,90.615,242.64149999999998,963.0107585714286
FARM-03606,Soybean,42.23,60.4,3236.37,304.77,152.7700414285714,161.872,152.385,242.72775,709.7547914285714
FARM-03607,Sugarcane,225.85,81.04,16308.45,463.49,817.028507142857,217.18720000000002,231.745,1223.13375,2489.094457142857
FARM-03608,Soybean,46.94,49.69,4256.0,280.59,169.8088028571429,133.1692,140.295,319.2,762.4730028571428
FARM-03609,Maize,175.39,64.22,5134.6,307.74,634.4858528571428,172.1096,153.87,385.095,1345.560452857143
FARM-03610,Sugarcane,226.7,93.86,18046.19,512.07,820.1034428571429,251.5448,256.035,1353.4642499999998,2681.147492857143
FARM-03611,Maize,176.79,73.81,4974.5,378.86,639.5504528571429,197.81080000000003,189.43,373.0875,1399.878752857143
FARM-03612,Soybean,45.26,49.53,4208.65,233.03,163.73128285714287,132.74040000000002,116.515,315.64874999999995,728.6354328571429
FARM-03613,Cotton,143.69,57.79,7665.71,394.28,519.8088385714286,154.87720000000002,197.14,574.9282499999999,1446.7542885714286
FARM-03614,Rice,149.08,57.91,11903.2,390.94,539.3075485714287,155.1988,195.47,892.74,1782.7163485714286
FARM-03615,Soybean,38.85,69.93,3953.37,230.3,140.54265,187.41240000000002,115.15,296.50275,739.6078
FARM-03616,Rice,151.76,68.19,10284.66,447.74,549.0026399999999,182.7492,223.87,771.3494999999999,1726.9713399999998
FARM-03617,Maize,185.65,57.08,5005.55,343.54,671.6021357142857,152.9744,171.77,375.41625,1371.7627857142857
FARM-03618,Maize,195.46,66.33,4850.04,313.69,707.0905114285715,177.7644,156.845,363.753,1405.4529114285715
FARM-03619,Sugarcane,215.03,123.24,16358.81,513.35,777.8863842857144,330.2832,256.675,1226.91075,2591.7553342857145
FARM-03620,Cotton,175.32,66.8,7505.02,380.97,634.2326228571428,179.024,190.485,562.8765,1566.6181228571427
FARM-03621,Cotton,150.12,56.54,7776.68,346.77,543.0698228571429,151.5272,173.385,583.251,1451.2330228571427
FARM-03622,Rice,129.35,73.41,11118.6,488.85,467.9328642857143,196.7388,244.425,833.895,1742.9916642857143
FARM-03623,Sugarcane,202.19,82.4,16646.02,616.38,731.4367671428572,220.83200000000002,308.19,1248.4515,2508.9102671428573
FARM-03624,Soybean,45.13,34.11,4240.3,111.82,163.2609985714286,91.4148,55.91,318.0225,628.6082985714286
FARM-03625,Rice,160.99,51.71,10928.22,352.23,582.3928242857144,138.58280000000002,176.115,819.6165,1716.7071242857144
FARM-03626,Maize,187.94,75.89,5470.47,396.73,679.8863742857143,203.38520000000003,198.365,410.28525,1491.9218242857141
FARM-03627,Soybean,46.75,46.13,4120.69,195.75,169.1214642857143,123.62840000000001,97.875,309.05174999999997,699.6766142857143
FARM-03628,Sugarcane,194.91,90.8,15585.4,485.83,705.1008471428572,243.344,242.915,1168.905,2360.2648471428574
FARM-03629,Sugarcane,209.14,108.83,17405.1,673.41,756.5788885714285,291.6644,336.705,1305.3825,2690.3307885714285
FARM-03630,Sugarcane,207.35,131.98,17076.29,633.42,750.1034357142858,353.7064,316.71,1280.72175,2701.241585714286
FARM-03631,Sugarcane,212.63,97.96,17438.18,490.65,769.2042128571429,262.5328,245.325,1307.8635,2584.925512857143
FARM-03632,Sugarcane,201.51,84.15,16395.77,413.88,728.9768185714286,225.52200000000002,206.94,1229.68275,2391.1215685714287
FARM-03633,Maize,198.03,101.24,4861.97,384.64,716.3876700000001,271.3232,192.32,364.64775000000003,1544.6786200000001
FARM-03634,Rice,153.37,84.93,9700.82,442.56,554.8269300000001,227.61240000000004,221.28,727.5614999999999,1731.2808300000002
FARM-03635,Rice,152.78,65.99,8969.55,447.61,552.692562857143,176.8532,223.805,672.71625,1626.067012857143
FARM-03636,Cotton,148.13,53.7,8121.44,270.66,535.8708557142857,143.91600000000003,135.33,609.108,1424.2248557142857
FARM-03637,Cotton,143.66,65.25,6752.63,297.51,519.7003114285715,174.87,148.755,506.44725,1349.7725614285714
FARM-03638,Maize,209.55,49.65,4392.68,237.65,758.0620928571429,133.062,118.825,329.451,1339.4000928571431
FARM-03639,Rice,160.04,58.65,9051.97,373.6,578.9561314285713,157.18200000000002,186.8,678.89775,1601.8358814285712
FARM-03640,Maize,185.27,64.74,4786.91,,670.2274585714288,173.5032,,359.01824999999997,
FARM-03641,Cotton,156.47,62.13,7934.92,359.34,566.0414014285716,166.50840000000002,179.67,595.119,1507.3388014285715
FARM-03642,Cotton,141.1,49.13,,225.54,510.43932857142863,131.66840000000002,112.77,,
FARM-03643,Maize,178.27,42.18,4462.17,253.05,644.9044585714287,113.0424,126.525,334.66275,1219.1346085714288
FARM-03644,Soybean,50.47,45.31,4222.74,181.53,182.57882999999998,121.43080000000002,90.765,316.7055,711.4801299999999
FARM-03645,Soybean,46.79,52.6,3363.59,296.38,169.26616714285717,140.96800000000002,148.19,252.26925,710.6934171428572
FARM-03646,Wheat,107.65,58.36,3850.38,260.88,389.43156428571433,156.4048,130.44,288.7785,965.0548642857144
FARM-03647,Wheat,120.93,54.19,4487.16,189.9,437.4729128571429,145.2292,94.95,336.537,1014.1891128571428
FARM-03648,Wheat,130.34,54.2,3808.75,226.44,471.51426000000004,145.25600000000003,113.22,285.65625,1015.64651
FARM-03649,Soybean,46.04,67.69,4000.6,326.47,166.55298857142856,181.4092,163.235,300.04499999999996,811.2421885714285
FARM-03650,Cotton,177.77,78.69,6732.63,371.58,643.095672857143,210.88920000000002,185.79,504.94725,1544.722122857143
FARM-03651,Soybean,37.87,57.32,3516.5,180.07,136.99743,153.6176,90.035,263.7375,644.38753
FARM-03652,Cotton,147.56,59.11,7516.32,295.49,533.80884,158.4148,147.745,563.7239999999999,1403.69264
FARM-03653,Wheat,107.68,56.18,4245.29,285.93,389.5400914285715,150.5624,142.965,318.39675,1001.4642414285715
FARM-03654,Sugarcane,201.59,107.97,18375.19,501.36,729.2662242857143,289.3596,250.68,1378.13925,2647.4450742857143
FARM-03655,Wheat,110.36,55.9,3936.31,210.85,399.23518285714283,149.812,105.425,295.22325,949.6954328571428
FARM-03656,Cotton,143.34,55.18,7336.37,310.37,518.5426885714287,147.88240000000002,155.185,550.22775,1371.8378385714286
FARM-03657,Sugarcane,221.99,92.28,17545.43,611.8,803.0646814285715,247.31040000000002,305.9,1315.90725,2672.182331428571
FARM-03658,Rice,150.57,88.19,8829.37,556.9,544.69773,236.3492,278.45,662.20275,1721.6996800000002
FARM-03659,Wheat,125.6,52.0,4001.81,180.49,454.36697142857145,139.36,90.245,300.13575,984.1077214285715
FARM-03660,Maize,198.14,76.49,5789.89,294.36,716.7856028571429,204.9932,147.18,434.24175,1503.200552857143
FARM-03661,Wheat,119.7,52.67,3889.94,217.6,433.02330000000006,141.15560000000002,108.8,291.7455,974.7244000000001
FARM-03662,Rice,136.73,74.88,9678.21,362.75,494.6305414285714,200.6784,181.375,725.8657499999999,1602.5496914285714
FARM-03663,Maize,167.75,80.16,5699.08,447.25,606.8476071428572,214.8288,223.625,427.431,1472.7324071428573
FARM-03664,Cotton,147.84,81.67,7379.94,392.42,534.82176,218.87560000000002,196.21,553.4955,1503.4028600000001
FARM-03665,Rice,147.87,81.08,10927.54,380.56,534.9302871428572,217.2944,190.28,819.5655,1762.0701871428573
FARM-03666,Sugarcane,205.34,104.94,17072.38,521.32,742.8321171428572,281.2392,260.66,1280.4285,2565.1598171428573
FARM-03667,Rice,152.44,55.82,10334.33,241.51,551.4625885714286,149.5976,120.755,775.07475,1596.8899385714285
FARM-03668,Soybean,53.83,50.77,4155.86,290.43,194.73387000000002,136.0636,145.215,311.68949999999995,787.70197
FARM-03669,Cotton,136.27,54.8,8015.81,256.52,492.9664585714286,146.864,128.26,601.18575,1369.2762085714285
FARM-03670,Rice,141.46,71.52,9435.14,417.32,511.74165428571433,191.6736,208.66,707.6355,1619.7107542857143
FARM-03671,Maize,187.63,80.92,4666.1,270.25,678.7649271428571,216.86560000000003,135.125,349.95750000000004,1380.713027142857
FARM-03672,Cotton,163.08,69.73,8046.32,356.97,589.9535485714287,186.87640000000002,178.485,603.4739999999999,1558.7889485714286
FARM-03673,Cotton,149.62,62.6,8583.58,1184.156803579846,541.2610371428573,167.768,592.078401789923,643.7685,1944.8759389327802
FARM-03674,Maize,182.5,81.22,5481.61,469.2,660.2067857142857,217.6696,234.6,411.12075,1523.5971357142857
FARM-03675,Cotton,140.68,81.32,7217.51,428.43,508.91994857142856,217.9376,214.215,541.31325,1482.3857985714285
FARM-03676,Maize,181.8,68.22,4915.22,265.74,657.6744857142858,182.8296,132.87,368.6415,1342.0155857142859
FARM-03677,Maize,,312.19140330462,5329.66,304.4,,836.6729608563817,152.2,399.7245,
FARM-03678,Soybean,39.82,68.68,3986.1,298.22,144.0516942857143,184.06240000000003,149.11,298.9575,776.1815942857143
FARM-03679,Maize,184.57,101.52,5566.1,422.39,667.6951585714285,272.0736,211.195,417.45750000000004,1568.4212585714283
FARM-03680,Rice,149.04,113.92,10170.74,650.85,539.1628457142858,305.3056,325.425,762.8054999999999,1932.6989457142859
FARM-03681,Wheat,110.99,47.98,17797.99035208294,209.49,401.5142528571428,128.5864,104.745,1334.8492764062205,1969.6949292633633
FARM-03682,Wheat,118.29,45.37,4156.15,191.31,427.9225242857143,121.5916,95.655,311.71124999999995,956.8803742857142
FARM-03683,Soybean,43.51,49.82,3828.21,188.1,157.40053285714288,133.51760000000002,94.05,287.11575,672.083882857143
FARM-03684,Maize,197.3,69.56,4921.39,226.03,713.7468428571431,186.4208,113.015,369.10425000000004,1382.2868928571431
FARM-03685,Cotton,140.14,66.74,7800.45,431.32,506.96646,178.8632,215.66,585.0337499999999,1486.5234099999998
FARM-03686,Soybean,45.6,55.1,4032.2,195.7,164.96125714285716,147.668,97.85,302.41499999999996,712.8942571428571
FARM-03687,Rice,134.2,71.8,9358.66,473.18,485.4780857142857,192.424,236.59,701.8995,1616.3915857142856
FARM-03688,Maize,206.86,74.65,4977.88,427.0,748.3308257142858,200.06200000000004,213.5,373.341,1535.2338257142856
FARM-03689,Maize,179.04,72.88,4178.56,257.67,647.6899885714287,195.3184,128.835,313.392,1285.2353885714288
FARM-03690,Soybean,44.36,32.22,3991.89,125.8,160.47546857142856,86.3496,62.9,299.39175,609.1168185714286
FARM-03691,Sugarcane,203.82,91.89,17812.74,557.07,737.3334085714284,246.26520000000002,278.535,1335.9555,2598.0891085714284
FARM-03692,Wheat,117.17,74.21,3931.4,281.32,423.8708442857143,198.8828,140.66,294.855,1058.2686442857143
FARM-03693,Rice,134.44,71.09,10572.29,425.12,486.3463028571429,190.52120000000002,212.56,792.9217500000001,1682.3492528571428
FARM-03694,Cotton,158.35,38.15,8484.76,194.34,572.8424357142858,102.242,97.17,636.357,1408.6114357142856
FARM-03695,Soybean,47.91,62.11,4813.5,292.93,173.31784714285715,166.4548,146.465,361.0125,847.2501471428573
FARM-03696,Soybean,41.7,48.41,3542.56,180.03,150.8527285714286,129.7388,90.015,265.692,636.2985285714286
FARM-03697,Cotton,146.74,80.28,7783.07,463.21,530.8424314285716,215.15040000000002,231.605,583.73025,1561.3280814285715
FARM-03698,Wheat,125.03,54.48,4157.61,236.75,452.3049557142857,146.0064,118.375,311.82075,1028.5071057142857
FARM-03699,Soybean,51.23,53.5,3898.96,202.59,185.3281842857143,143.38,101.295,292.42199999999997,722.4251842857143
FARM-03700,Sugarcane,208.84,71.98,16198.3,472.09,755.4936171428571,192.90640000000002,236.045,1214.8725,2399.3175171428575
FARM-03701,Maize,160.77,76.29,4688.27,353.95,581.5969585714287,204.45720000000003,176.975,351.62025,1314.6494085714287
FARM-03702,Maize,172.38,71.65,4397.9,358.45,623.5969628571429,192.02200000000002,179.225,329.8425,1324.686462857143
FARM-03703,Soybean,48.42,59.83,3218.66,214.78,175.1628085714286,160.3444,107.39,241.3995,684.2967085714286
FARM-03704,Maize,169.95,44.11,5484.48,205.44,614.8062642857142,118.21480000000001,102.72,411.33599999999996,1247.0770642857142
FARM-03705,Rice,127.5,54.24,8769.72,331.92,461.2403571428572,145.3632,165.96,657.7289999999999,1430.2925571428573
FARM-03706,Cotton,171.74,63.47,7776.61,344.77,621.2817171428572,170.0996,172.385,583.2457499999999,1547.0120671428572
FARM-03707,Soybean,44.59,34.04,,192.23,161.30751,91.2272,96.115,,
FARM-03708,Wheat,135.92,48.31,4876.58,,491.70030857142854,129.47080000000003,,365.7435,
FARM-03709,Soybean,50.06,52.46,4263.72,233.25,181.09562571428575,140.5928,116.625,319.779,758.0924257142858
FARM-03710,Cotton,165.24,64.57,7337.47,301.08,597.767502857143,173.0476,150.54,550.31025,1471.6653528571428
FARM-03711,Rice,128.07,96.98,9965.58,398.25,463.30237285714287,259.9064,199.125,747.4185,1669.752272857143
FARM-03712,Rice,147.36,57.81,9187.79,228.35,533.0853257142858,154.9308,114.175,689.08425,1491.2753757142857
FARM-03713,Cotton,156.98,65.18,8010.87,414.62,567.8863628571428,174.68240000000003,207.31,600.81525,1550.6940128571428
FARM-03714,Soybean,44.86,62.41,4018.15,288.67,162.28425428571427,167.2588,144.335,301.36125,775.2393042857143
FARM-03715,Soybean,44.66,47.82,3791.27,191.77,161.56073999999998,128.1576,95.885,284.34524999999996,669.94859
FARM-03716,Rice,142.18,77.99,10255.8,384.86,514.3463057142858,209.0132,192.43,769.185,1684.9745057142857
FARM-03717,Wheat,142.15,57.12,3478.44,223.58,514.2377785714286,153.0816,111.79,260.883,1039.9923785714286
FARM-03718,Wheat,131.61,50.13,4257.36,157.52,476.1085757142858,134.34840000000003,78.76,319.30199999999996,1008.5189757142857
FARM-03719,Maize,,70.89,5176.34,314.3,,189.98520000000002,157.15,388.2255,
FARM-03720,Cotton,126.42,80.65,7324.19,350.98,457.33338000000003,216.14200000000002,175.49,549.3142499999999,1398.27963
FARM-03721,Wheat,126.94,46.13,3432.08,191.32,459.2145171428572,123.62840000000001,95.66,257.406,935.9089171428573
FARM-03722,Wheat,104.39,58.09,4517.36,269.45,377.6382814285715,155.68120000000002,134.725,338.80199999999996,1006.8464814285715
FARM-03723,Wheat,120.94,68.99,3497.0,331.71,437.5090885714286,184.8932,165.855,262.275,1050.5322885714286
FARM-03724,Soybean,41.48,55.58,4544.48,227.64,150.05686285714285,148.9544,113.82,340.83599999999996,753.6672628571428
FARM-03725,Cotton,149.25,61.02,6886.49,427.39,539.9225357142857,163.5336,213.695,516.4867499999999,1433.6378857142854
FARM-03726,Cotton,160.62,75.89,7775.26,314.04,581.054322857143,203.38520000000003,157.02,583.1445,1524.604022857143
FARM-03727,Rice,148.22,68.64,9782.66,384.91,536.1964371428572,183.95520000000002,192.455,733.6995,1646.306137142857
FARM-03728,Soybean,39.11,58.27,3691.22,197.62,141.48321857142858,156.16360000000003,98.81,276.8415,673.2983185714286
FARM-03729,Maize,183.99,85.02,4961.8,319.54,665.5969671428572,227.8536,159.77,372.135,1425.3555671428574
FARM-03730,Rice,169.22,86.61,9807.37,477.21,612.1654371428572,232.1148,238.605,735.5527500000001,1818.4379871428573
FARM-03731,Soybean,49.49,58.94,4061.04,205.36,179.03361,157.9592,102.68,304.578,744.25081
FARM-03732,Cotton,142.33,69.5,7620.53,370.87,514.8889414285715,186.26000000000002,185.435,571.5397499999999,1458.1236914285714
FARM-03733,Wheat,114.59,68.9,4060.63,258.98,414.5375100000001,184.65200000000002,129.49,304.54725,1033.2267600000002
FARM-03734,Wheat,130.06,60.22,3639.49,248.6,470.50134,161.3896,124.3,272.96175,1029.15269
FARM-03735,Soybean,38.95,,4411.16,182.31,140.90440714285717,,91.155,330.837,
FARM-03736,Cotton,151.2,70.18,6772.57,413.21,546.9767999999999,188.08240000000004,206.605,507.94274999999993,1449.6069499999999
FARM-03737,Maize,173.21,80.08,5084.0,364.99,626.5995471428572,214.61440000000002,182.495,381.3,1405.0089471428573
FARM-03738,Rice,158.43,87.52,10910.86,534.61,573.1318414285715,234.55360000000002,267.305,818.3145000000001,1893.3049414285715
FARM-03739,Rice,174.0,100.55,9344.41,696.49,629.4574285714286,269.474,348.245,700.83075,1948.0071785714285
FARM-03740,Wheat,127.4,71.89,4078.43,286.25,460.8786000000001,192.66520000000003,143.125,305.88225,1102.55105
FARM-03741,Wheat,105.34,50.9,4442.74,219.18,381.07497428571435,136.412,109.59,333.2055,960.2824742857144
FARM-03742,Wheat,147.6,58.43,4687.65,231.27,533.9535428571429,156.5924,115.635,351.57374999999996,1157.7546928571428
FARM-03743,Cotton,170.8,64.42,7082.64,257.05,617.8812,172.6456,128.525,531.198,1450.2498
FARM-03744,Rice,151.25,118.67,9777.87,569.4,547.1576785714286,318.03560000000004,284.7,733.3402500000001,1883.233528571429
FARM-03745,Maize,199.89,51.46,4404.25,260.47,723.1163528571428,137.9128,130.235,330.31874999999997,1321.582902857143
FARM-03746,Rice,161.07,87.59,8884.48,548.26,582.68223,234.74120000000002,274.13,666.3359999999999,1757.8894299999997
FARM-03747,Maize,173.78,83.35,4820.81,371.19,628.6615628571428,223.378,185.595,361.56075000000004,1399.1953128571429
FARM-03748,Maize,211.89,68.8,4658.29,324.72,766.52721,184.38400000000001,162.36,349.37174999999996,1462.64296
FARM-03749,Wheat,132.52,43.21,4401.19,153.24,479.4005657142858,115.8028,76.62,330.08924999999994,1001.9126157142857
FARM-03750,Soybean,45.31,44.74,3747.17,224.8,163.91216142857144,119.90320000000001,112.4,281.03775,677.2531114285714
FARM-03751,Soybean,41.25,61.33,4318.52,291.76,149.22482142857143,164.36440000000002,145.88,323.889,783.3582214285715
FARM-03752,Soybean,39.13,73.43,3775.25,285.96,141.55557000000002,196.79240000000004,142.98,283.14375,764.47172
FARM-03753,Soybean,40.86,44.32,4085.64,131.67,147.81396857142857,118.7776,65.835,306.423,638.8495685714286
FARM-03754,Sugarcane,204.28,102.56,17886.14,610.15,738.9974914285715,274.86080000000004,305.075,1341.4605,2660.3937914285716
FARM-03755,Maize,190.5,80.35,5186.12,235.01,689.1473571428572,215.338,117.505,388.959,1410.9493571428573
FARM-03756,Wheat,114.35,60.01,4798.87,240.44,413.66929285714286,160.8268,120.22,359.91524999999996,1054.631342857143
FARM-03757,Sugarcane,190.42,81.46,16378.09,412.76,688.8579514285714,218.3128,206.38,1228.35675,2341.9075014285713
FARM-03758,Cotton,161.31,56.07,8668.65,251.59,583.5504471428571,150.26760000000002,125.795,650.14875,1509.7617971428572
FARM-03759,Sugarcane,,127.61,17533.88,657.62,,341.9948,328.81,1315.041,
FARM-03760,Wheat,128.31,65.07,4381.05,308.81,464.17059000000006,174.3876,154.405,328.57875,1121.54194
FARM-03761,Sugarcane,232.57,100.27,17897.23,682.31,841.3385871428573,268.72360000000003,341.155,1342.29225,2793.509437142857
FARM-03762,Rice,163.6,89.99,8600.76,552.3,591.8346857142858,241.1732,276.15,645.057,1754.2148857142859
FARM-03763,Maize,185.65,70.88,5351.68,351.56,671.6021357142857,189.9584,175.78,401.37600000000003,1438.7165357142858
FARM-03764,Wheat,114.39,45.75,3672.96,247.06,413.81399571428574,122.61000000000001,123.53,275.472,935.4259957142857
FARM-03765,Soybean,47.48,60.92,3713.37,243.35,171.76229142857142,163.2656,121.675,278.50275,735.2056414285714
FARM-03766,Cotton,133.72,62.66,8482.83,234.0,483.74165142857146,167.9288,117.0,636.2122499999999,1404.8827014285714
FARM-03767,Soybean,47.15,,3473.25,154.08,170.56849285714287,,77.04,260.49375,
FARM-03768,Rice,165.91,79.35,10271.74,423.94,600.1912757142858,212.658,211.97,770.3805,1795.1997757142858
FARM-03769,Rice,162.98,58.89,9698.97,319.73,589.5917914285715,157.82520000000002,159.865,727.42275,1634.7047414285714
FARM-03770,Soybean,39.23,52.99,4094.78,205.96,141.91732714285715,142.0132,102.98,307.1085,694.0190271428571
FARM-03771,Rice,156.62,86.83,10314.34,547.11,566.5840371428571,232.70440000000002,273.555,773.5755,1846.4189371428574
FARM-03772,Soybean,45.21,37.39,4159.37,240.09,163.5504042857143,100.2052,120.045,311.95275,695.7533542857143
FARM-03773,Cotton,151.58,53.82,7440.46,289.32,548.3514771428572,144.23760000000001,144.66,558.0345,1395.2835771428572
FARM-03774,Soybean,44.32,58.62,3417.11,222.39,160.33076571428572,157.1016,111.195,256.28325,684.9106157142858
FARM-03775,Wheat,126.79,51.23,4104.08,274.64,458.6718814285715,137.2964,137.32,307.806,1041.0942814285715
FARM-03776,Soybean,49.11,41.58,4732.82,180.43,177.65893285714287,111.4344,90.215,354.96149999999994,734.2698328571428
FARM-03777,Soybean,42.22,67.31,4479.11,334.98,152.7338657142857,180.3908,167.49,335.93325,836.5479157142856
FARM-03778,Soybean,45.02,33.49,4074.08,175.85,162.8630657142857,89.7532,87.925,305.556,646.0972657142856
FARM-03779,Sugarcane,216.94,103.24,17431.78,563.67,784.7959457142858,276.6832,281.835,1307.3835,2650.6976457142855
FARM-03780,Sugarcane,188.02,110.69,16783.68,675.17,680.17578,296.6492,337.585,1258.776,2573.18598
FARM-03781,Sugarcane,,89.82,17611.89,385.39,,240.7176,192.695,1320.89175,
FARM-03782,Maize,178.81,69.17,5312.52,264.08,646.8579471428573,185.37560000000002,132.04,398.439,1362.7125471428574
FARM-03783,Soybean,36.56,57.18,4381.46,250.5,132.25841142857146,153.2424,125.25,328.60949999999997,739.3603114285714
FARM-03784,Maize,181.33,78.54,5557.18,356.66,655.9742271428572,210.48720000000003,178.33,416.7885,1461.5799271428573
FARM-03785,Sugarcane,244.46,107.34,16697.39,494.36,884.3515114285715,287.6712,247.18,1252.30425,2671.5069614285712
FARM-03786,Wheat,108.19,56.4,4058.37,228.01,391.3850528571429,151.15200000000002,114.005,304.37775,960.9198028571429
FARM-03787,Wheat,120.73,43.02,3317.32,159.25,436.7493985714286,115.29360000000001,79.625,248.799,880.4669985714286
FARM-03788,Maize,171.05,64.93,4851.2,217.71,618.785592857143,174.01240000000004,108.855,363.84,1265.492992857143
FARM-03789,Wheat,120.51,44.97,4316.55,223.21,435.9535328571429,120.51960000000001,111.605,323.74125,991.819382857143
FARM-03790,Maize,198.88,72.47,5377.19,327.54,719.4626057142858,194.2196,163.77,403.28925,1480.7414557142858
FARM-03791,Sugarcane,236.75,103.73,18835.38,577.44,856.4600357142858,277.99640000000005,288.72,1412.6535000000001,2835.829935714286
FARM-03792,Sugarcane,236.4,85.17,17443.39,548.73,855.1938857142859,228.25560000000002,274.365,1308.25425,2666.068735714286
FARM-03793,Soybean,45.44,58.26,4149.6,216.03,164.38244571428572,156.1368,108.015,311.22,739.7542457142857
FARM-03794,Rice,160.32,57.78,9838.99,,579.9690514285716,154.8504,,737.9242499999999,
FARM-03795,Sugarcane,213.02,106.97,19585.91,625.18,770.6150657142858,286.6796,312.59,1468.94325,2838.827915714286
FARM-03796,Sugarcane,219.42,105.74,16592.36,672.44,793.7675228571429,283.3832,336.22,1244.427,2657.7977228571426
FARM-03797,Wheat,120.15,45.83,3950.03,183.47,434.6512071428572,122.8244,91.735,296.25225,945.4628571428572
FARM-03798,Maize,176.91,66.63,4617.67,283.13,639.9845614285716,178.5684,141.565,346.32525,1306.4432114285714
FARM-03799,Wheat,125.64,61.25,4128.19,156.14,454.5116742857143,164.15,78.07,309.61424999999997,1006.3459242857142
FARM-03800,Sugarcane,185.98,102.68,18805.27,387.48,672.7959342857142,275.18240000000003,193.74,1410.39525,2552.1135842857143
FARM-03801,Rice,128.21,87.97,9159.31,380.34,463.8088328571429,235.7596,190.17,686.9482499999999,1576.6866828571428
FARM-03802,Sugarcane,222.61,72.57,16423.35,326.83,805.3075757142858,194.4876,163.415,1231.7512499999998,2394.9614257142857
FARM-03803,Cotton,150.82,44.65,8242.3,246.7,545.6021228571428,119.662,123.35,618.1724999999999,1406.786622857143
FARM-03804,Cotton,160.06,65.05,7268.18,356.08,579.0284828571429,174.334,178.04,545.1135,1476.5159828571427
FARM-03805,Sugarcane,215.24,130.36,17044.98,607.46,778.6460742857143,349.36480000000006,303.73,1278.3735,2710.1143742857143
FARM-03806,Sugarcane,213.21,130.26,17741.31,766.68,771.3024042857144,349.0968,383.34,1330.59825,2834.3374542857146
FARM-03807,Sugarcane,210.69,119.1,17213.23,626.98,762.1861242857142,319.188,313.49,1290.99225,2685.856374285714
FARM-03808,Rice,137.26,69.45,10754.82,592.07,496.54785428571427,186.126,296.035,806.6115,1785.3203542857143
FARM-03809,Maize,183.98,66.29,5375.16,293.07,665.5607914285714,177.65720000000002,146.535,403.137,1392.8899914285714
FARM-03810,Wheat,126.27,55.75,3895.23,207.41,456.79074428571437,149.41,103.705,292.14225,1002.0479942857144
FARM-03811,Soybean,43.82,54.29,3930.37,282.27,158.52197999999999,145.4972,141.135,294.77774999999997,739.93193
FARM-03812,Cotton,134.8,71.25,6014.58,371.79,487.6486285714287,190.95000000000002,185.895,451.0935,1315.5871285714286
FARM-03813,Maize,210.75,98.86,4803.47,336.65,762.4031785714287,264.9448,168.325,360.26025,1555.9332285714288
FARM-03814,Sugarcane,240.87,74.68,17306.04,601.01,871.3644300000001,200.14240000000004,300.505,1297.953,2669.96483
FARM-03815,Maize,180.65,75.04,5461.35,316.94,653.5142785714286,201.10720000000003,158.47,409.60125,1422.6927285714287
FARM-03816,Sugarcane,197.3,73.68,18753.0,430.01,713.7468428571431,197.46240000000003,215.005,1406.475,2532.6892428571427
FARM-03817,Cotton,136.88,71.64,6912.91,,495.1731771428572,191.9952,,518.46825,
FARM-03818,Wheat,126.94,47.73,10925.969877808258,146.47,459.2145171428572,127.9164,73.235,819.4477408356194,1479.8136579784764
FARM-03819,Rice,148.73,78.82,10139.78,401.64,538.0413985714287,211.2376,200.82,760.4835,1710.5824985714287
FARM-03820,Soybean,41.67,49.19,4042.71,161.86,150.74420142857144,131.82920000000001,80.93,303.20324999999997,666.7066514285714
FARM-03821,Cotton,160.56,59.37,7579.96,377.77,580.8372685714286,159.1116,188.885,568.497,1497.3308685714287
FARM-03822,Rice,163.64,108.31,11249.39,542.44,591.9793885714286,290.2708,271.22,843.7042499999999,1997.1744385714283
FARM-03823,Soybean,55.84,62.55,3631.32,344.86,202.0051885714286,167.63400000000001,172.43,272.349,814.4181885714286
FARM-03824,Soybean,52.05,59.66,3803.01,168.93,188.2945928571429,159.8888,84.465,285.22575,717.8741428571429
FARM-03825,Cotton,146.72,59.95,7454.17,398.04,530.7700800000001,160.66600000000003,199.02,559.0627499999999,1449.51883
FARM-03826,Sugarcane,228.47,56.0,17122.82,286.21,826.5065442857144,150.08,143.105,1284.2115,2403.9030442857143
FARM-03827,Cotton,127.08,47.64,7438.51,269.31,459.7209771428571,127.6752,134.655,557.88825,1279.939427142857
FARM-03828,Cotton,169.5,50.65,,246.76,613.1783571428573,135.742,123.38,,
FARM-03829,Soybean,35.95,66.51,3669.22,312.67,130.05169285714288,178.24680000000004,156.335,275.19149999999996,739.8249928571429
FARM-03830,Soybean,42.9,53.1,4069.71,195.37,155.19381428571432,142.30800000000002,97.685,305.22825,700.4150642857144
FARM-03831,Wheat,112.66,44.44,3301.43,164.47,407.55559714285715,119.0992,82.235,247.60724999999996,856.4970471428571
FARM-03832,Rice,153.12,57.03,9795.28,279.8,553.9225371428572,152.84040000000002,139.9,734.6460000000001,1581.3089371428573
FARM-03833,Maize,197.65,53.81,4667.46,244.29,715.012992857143,144.2108,122.145,350.0595,1331.428292857143
FARM-03834,Rice,,80.82,10369.02,390.11,,216.5976,195.055,777.6765,
FARM-03835,Rice,132.3,77.61,11903.24,520.73,478.6047000000001,207.9948,260.365,892.7429999999999,1839.7075
FARM-03836,Sugarcane,205.32,109.63,17642.52,631.74,742.7597657142857,293.8084,315.87,1323.189,2675.627165714286
FARM-03837,Cotton,131.8,54.61,7845.76,306.32,476.7959142857143,146.3548,153.16,588.432,1364.742714285714
FARM-03838,Rice,152.04,108.8,9950.51,590.34,550.01556,291.584,295.17,746.28825,1883.0578100000002
FARM-03839,Rice,150.94,69.96,8664.95,423.82,546.0362314285715,187.4928,211.91,649.87125,1595.3102814285714
FARM-03840,Soybean,50.54,50.93,4511.41,241.63,182.83206,136.4924,120.815,338.35575,778.49521
FARM-03841,Wheat,113.33,,4020.26,248.22,409.97937,,124.11,301.5195,
FARM-03842,Soybean,55.73,58.45,3618.78,243.36,201.6072557142857,156.64600000000002,121.68,271.4085,751.3417557142857
FARM-03843,Cotton,169.15,66.14,7866.15,337.19,611.9122071428573,177.2552,168.595,589.96125,1547.723657142857
FARM-03844,Rice,165.25,113.93,9512.74,498.2,597.8036785714286,305.33240000000006,249.1,713.4554999999999,1865.6915785714286
FARM-03845,Wheat,134.58,63.01,4462.06,649.7314022196637,486.852762857143,168.8668,324.86570110983183,334.65450000000004,1315.239763966975
FARM-03846,Rice,162.23,72.47,9791.68,532.69,586.8786128571428,194.2196,266.345,734.376,1781.819212857143
FARM-03847,Soybean,39.68,59.78,,253.84,143.5452342857143,160.21040000000002,126.92,,
FARM-03848,Soybean,40.37,51.26,4717.91,230.16,146.04135857142856,137.3768,115.08,353.84324999999995,752.3414085714285
FARM-03849,Cotton,,63.39,7814.06,267.84,,169.8852,133.92,586.0545,
FARM-03850,Wheat,145.39,53.1,3789.16,188.81,525.9587099999999,142.30800000000002,94.405,284.18699999999995,1046.8587099999997
FARM-03851,Soybean,42.63,46.44,3982.48,193.78,154.21707000000004,124.4592,96.89,298.686,674.25227
FARM-03852,Wheat,143.74,44.64,3954.42,175.7,519.9897171428572,119.63520000000001,87.85,296.5815,1024.0564171428573
FARM-03853,Wheat,113.12,59.21,3985.44,277.11,409.21968000000004,158.68280000000001,138.555,298.908,1005.36548
FARM-03854,Rice,157.78,73.4,9317.32,439.25,570.78042,196.71200000000002,219.625,698.799,1685.91642
FARM-03855,Wheat,110.3,63.24,4137.67,221.02,399.01812857142863,169.4832,110.51,310.32525,989.3365785714286
FARM-03856,Maize,206.47,71.35,5438.12,285.97,746.919972857143,191.218,142.985,407.859,1488.9819728571429
FARM-03857,Soybean,51.22,55.06,4036.15,187.88,185.29200857142857,147.56080000000003,93.94,302.71125,729.5040585714286
FARM-03858,Sugarcane,214.83,94.99,17056.19,495.17,777.1628700000001,254.5732,247.585,1279.2142499999998,2558.53532
FARM-03859,Maize,200.17,80.18,4796.61,281.68,724.129272857143,214.88240000000002,140.84,359.74575,1439.5974228571429
FARM-03860,Soybean,47.64,60.22,4099.94,212.51,172.34110285714286,161.3896,106.255,307.49549999999994,747.4812028571428
FARM-03861,Rice,135.73,93.45,8899.36,648.32,491.01297,250.44600000000003,324.16,667.452,1733.07097
FARM-03862,Sugarcane,192.26,102.31,17667.13,492.59,695.5142828571428,274.1908,246.295,1325.03475,2541.0348328571426
FARM-03863,Wheat,103.61,44.26,3158.34,187.54,374.8165757142857,118.6168,93.77,236.8755,824.0788757142857
FARM-03864,Maize,196.55,54.06,5584.01,225.67,711.0336642857144,144.88080000000002,112.835,418.80075,1387.5502142857144
FARM-03865,Cotton,174.82,88.84,8075.37,401.63,632.4238371428571,238.09120000000001,200.815,605.65275,1676.9827871428572
FARM-03866,Cotton,,59.76,7069.22,312.9,,160.1568,156.45,530.1915,
FARM-03867,Rice,147.13,71.2,,380.14,532.2532842857144,190.81600000000003,190.07,,
FARM-03868,Soybean,43.25,58.49,4219.02,220.08,156.45996428571428,156.75320000000002,110.04,316.42650000000003,739.6796642857144
FARM-03869,Cotton,144.47,46.48,7057.56,268.2,522.6305442857143,124.5664,134.1,529.317,1310.6139442857143
FARM-03870,Maize,182.59,59.05,4423.91,328.58,660.5323671428572,158.254,164.29,331.79325,1314.8696171428571
FARM-03871,Wheat,144.04,47.18,3266.57,220.5,521.0749885714285,126.4424,110.25,244.99275,1002.7601385714286
FARM-03872,Soybean,36.22,45.48,3563.06,193.61,131.02843714285714,121.8864,96.805,267.2295,616.9493371428571
FARM-03873,Sugarcane,188.15,119.34,16870.78,545.06,680.6460642857144,319.8312,272.53,1265.3084999999999,2538.315764285714
FARM-03874,Cotton,139.81,60.26,6350.75,406.58,505.7726614285715,161.4968,203.29,476.30625,1346.8657114285716
FARM-03875,Cotton,164.98,50.44,7963.56,271.78,596.8269342857143,135.1792,135.89,597.267,1465.1631342857145
FARM-03876,Cotton,142.16,60.42,6929.57,336.07,514.2739542857144,161.9256,168.035,519.7177499999999,1363.9523042857143
FARM-03877,Rice,157.08,93.86,10260.72,554.44,568.2481200000001,251.5448,277.22,769.554,1866.5669200000002
FARM-03878,Wheat,124.06,73.23,4445.49,250.76,448.79591142857146,196.2564,125.38,333.41175,1103.8440614285714
FARM-03879,Cotton,133.25,94.23,8182.8,425.75,482.04139285714285,252.53640000000001,212.875,613.71,1561.162792857143
FARM-03880,Soybean,46.15,33.5,4681.85,144.61,166.95092142857143,89.78,72.305,351.13875,680.1746714285714
FARM-03881,Maize,192.71,66.04,5845.23,244.41,697.14219,176.98720000000003,122.205,438.39224999999993,1434.72664
FARM-03882,Sugarcane,225.24,82.43,15487.78,451.7,814.8217885714287,220.91240000000002,225.85,1161.5835,2423.1676885714287
FARM-03883,Sugarcane,218.91,119.94,16262.31,602.79,791.9225614285715,321.4392,301.395,1219.6732499999998,2634.4300114285716
FARM-03884,Sugarcane,196.6,127.08,15465.18,593.32,711.214542857143,340.5744,296.66,1159.8885,2508.3374428571433
FARM-03885,Soybean,37.31,68.62,3536.46,254.93,134.97159000000002,183.90160000000003,127.465,265.23449999999997,711.57269
FARM-03886,Cotton,148.57,,7569.33,232.01,537.4625871428573,,116.005,567.69975,
FARM-03887,Rice,132.56,108.15,8566.36,556.52,479.54526857142855,289.84200000000004,278.26,642.477,1690.1242685714287
FARM-03888,Wheat,132.77,57.11,3513.18,281.12,480.3049585714286,153.0548,140.56,263.4885,1037.4082585714284
FARM-03889,Maize,182.39,69.61,4947.33,293.43,659.8088528571429,186.5548,146.715,371.04974999999996,1364.1284028571429
FARM-03890,Cotton,152.4,91.59,7835.38,501.45,551.3178857142857,245.46120000000002,250.725,587.6535,1635.1575857142857
FARM-03891,Sugarcane,191.63,75.08,17822.57,372.29,693.2352128571429,201.2144,186.145,1336.69275,2417.287362857143
FARM-03892,Cotton,130.35,43.6,7043.0,266.06,471.5504357142857,116.84800000000001,133.03,528.225,1249.6534357142857
FARM-03893,Sugarcane,224.06,87.09,17436.81,513.51,810.5530542857143,233.40120000000002,256.755,1307.7607500000001,2608.470004285715
FARM-03894,Rice,141.36,53.13,9720.43,241.88,511.37989714285726,142.38840000000002,120.94,729.03225,1503.7405471428572
FARM-03895,Soybean,32.07,66.08,3525.08,916.5111765635048,116.01551571428573,177.0944,458.2555882817524,264.381,1015.7465039960381
FARM-03896,Cotton,141.04,,7558.98,,510.2222742857143,,,566.9235,
FARM-03897,Soybean,33.57,50.9,3843.68,213.23,121.44187285714288,136.412,106.615,288.27599999999995,652.7448728571428
FARM-03898,Cotton,142.79,63.9,6601.62,1222.7189815166269,516.5530242857144,171.252,611.3594907583134,495.12149999999997,1794.2860150440276
FARM-03899,Maize,180.24,69.41,5149.59,201.78,652.0310742857143,186.0188,100.89,386.21925,1325.1591242857144
FARM-03900,Soybean,48.61,60.54,3887.04,938.9712137002516,175.85014714285717,162.24720000000002,469.4856068501258,291.52799999999996,1099.110953992983
FARM-03901,Sugarcane,227.53,86.02,16818.81,468.04,823.1060271428573,230.5336,234.02,1261.41075,2549.070377142857
FARM-03902,Cotton,164.29,76.0,,445.01,594.3308100000002,203.68,222.505,,
FARM-03903,Wheat,,58.85,4212.72,250.89,,157.71800000000002,125.445,315.954,
FARM-03904,Rice,163.75,74.75,9340.71,589.75,592.3773214285716,200.33,294.875,700.5532499999999,1788.1355714285714
FARM-03905,Soybean,51.41,37.69,3869.17,183.14,185.97934714285714,101.0092,91.57,290.18775,668.7462971428572
FARM-03906,Cotton,147.74,52.46,8714.3,351.21,534.460002857143,140.5928,175.605,653.5724999999999,1504.2303028571428
FARM-03907,Maize,154.56,59.57,4496.87,264.55,559.13184,159.6476,132.275,337.26525,1188.31969
FARM-03908,Rice,128.16,82.56,10308.26,634.28,463.6279542857143,221.26080000000002,317.14,773.1195,1775.1482542857143
FARM-03909,Sugarcane,206.85,97.06,17313.23,410.84,748.2946499999999,260.12080000000003,205.42,1298.49225,2512.3277
FARM-03910,Maize,196.55,70.81,4573.0,361.49,711.0336642857144,189.7708,180.745,342.97499999999997,1424.5244642857142
FARM-03911,Maize,685.9439993250475,92.55,5165.34,376.56,2481.451413558311,248.03400000000002,188.28,387.4005,3305.1659135583113
FARM-03912,Sugarcane,200.0,94.32,16404.07,616.52,723.5142857142857,252.7776,308.26,1230.30525,2514.8571357142855
FARM-03913,Cotton,155.56,42.9,,232.57,562.7494114285714,114.97200000000001,116.285,,
FARM-03914,Sugarcane,185.18,95.43,17574.52,621.63,669.9018771428571,255.75240000000002,310.815,1318.089,2554.558277142857
FARM-03915,Cotton,171.77,47.79,,,621.3902442857143,128.0772,,,
FARM-03916,Maize,185.77,74.9,5102.25,332.03,672.0362442857144,200.73200000000003,166.015,382.66875,1421.4519942857144
FARM-03917,Soybean,39.56,64.26,4509.92,255.04,143.11112571428572,172.21680000000003,127.52,338.24399999999997,781.0919257142857
FARM-03918,Sugarcane,241.75,107.4,18272.87,518.69,874.5478928571429,287.83200000000005,259.345,1370.46525,2792.1901428571427
FARM-03919,Maize,174.41,77.86,,373.0,630.9406328571429,208.6648,186.5,,
FARM-03920,Soybean,40.72,67.25,4010.06,281.92,147.30750857142857,180.23000000000002,140.96,300.7545,769.2520085714286
FARM-03921,Wheat,122.7,61.92,3202.7,178.28,443.87601428571435,165.9456,89.14,240.2025,939.1641142857143
FARM-03922,Soybean,48.66,57.49,3771.36,209.24,176.0310257142857,154.0732,104.62,282.852,717.5762257142857
FARM-03923,Sugarcane,208.63,100.05,16833.31,532.78,754.7339271428573,268.134,266.39,1262.49825,2551.7561771428573
FARM-03924,Cotton,149.36,68.51,7636.07,324.82,540.3204685714286,183.60680000000002,162.41,572.70525,1459.0425185714284
FARM-03925,Rice,163.93,82.19,8746.41,460.7,593.0284842857144,220.2692,230.35,655.98075,1699.6284342857143
FARM-03926,Wheat,124.04,64.69,4106.94,259.56,448.7235600000001,173.3692,129.78,308.02049999999997,1059.89326
FARM-03927,Wheat,115.52,51.04,4164.83,262.88,417.9018514285715,136.7872,131.44,312.36224999999996,998.4913014285714
FARM-03928,Maize,159.38,61.16,4226.5,234.31,576.5685342857143,163.9088,117.155,316.9875,1174.6198342857144
FARM-03929,Soybean,48.41,34.71,4789.02,193.14,175.12663285714285,93.0228,96.57,359.17650000000003,723.895932857143
FARM-03930,Wheat,137.54,52.7,4599.44,,497.5607742857143,141.23600000000002,,344.95799999999997,
FARM-03931,Maize,187.22,74.42,4923.9,337.47,677.2817228571429,199.4456,168.735,369.29249999999996,1414.754822857143
FARM-03932,Maize,195.87,84.73,,297.36,708.5737157142858,227.07640000000004,148.68,,
FARM-03933,Cotton,141.45,40.01,6355.76,220.69,511.70547857142856,107.2268,110.345,476.682,1205.9592785714285
FARM-03934,Cotton,148.96,77.66,7997.68,392.25,538.8734400000001,208.1288,196.125,599.826,1542.95324
FARM-03935,Wheat,115.5,48.23,4234.2,196.22,417.82950000000005,129.2564,98.11,317.565,962.7609
FARM-03936,Soybean,35.85,61.25,4566.15,257.47,129.6899357142857,164.15,128.735,342.46124999999995,765.0361857142857
FARM-03937,Sugarcane,206.03,90.0,16952.26,575.47,745.3282414285715,241.20000000000002,287.735,1271.4194999999997,2545.6827414285713
FARM-03938,Cotton,174.63,79.03,7990.59,437.4,631.7364985714287,211.80040000000002,218.7,599.29425,1661.5311485714287
FARM-03939,Rice,152.14,80.57,9272.86,471.33,550.3773171428571,215.92759999999998,235.665,695.4645,1697.434417142857
FARM-03940,Cotton,140.5,55.56,19693.2219166522,296.03,508.26878571428574,148.9008,148.015,1476.991643748915,2282.176229463201
FARM-03941,Soybean,46.06,74.92,4804.75,,166.62534000000005,200.78560000000002,,360.35625,
FARM-03942,Soybean,50.19,53.7,3232.27,200.72,181.56591,143.91600000000003,100.36,242.42024999999998,668.26216
FARM-03943,Cotton,143.98,87.66,7181.08,,520.8579342857142,234.9288,,538.581,
FARM-03944,Cotton,161.59,54.69,8099.15,358.05,584.5633671428571,146.5692,179.025,607.43625,1517.593817142857
FARM-03945,Wheat,298.79581820952006,46.88,3909.57,236.85,1080.9152149313825,125.63840000000002,118.425,293.21775,1618.1963649313825
FARM-03946,Cotton,141.79,65.08,7927.92,,512.9354528571429,174.4144,,594.5939999999999,
FARM-03947,Maize,161.24,73.05,5343.27,234.7,583.2972171428571,195.774,117.35,400.74525,1297.166467142857
FARM-03948,Maize,177.09,181.1146588003234,5356.0,320.21,640.6357242857143,485.3872855848668,160.105,401.7,1687.8280098705811
FARM-03949,Rice,159.59,85.69,10657.24,519.21,577.3282242857143,229.6492,259.605,799.293,1865.8754242857144
FARM-03950,Sugarcane,204.46,89.58,18066.68,527.03,739.6486542857143,240.0744,263.515,1355.001,2598.2390542857142
FARM-03951,Maize,209.16,,5072.35,239.29,756.6512399999999,,119.645,380.42625000000004,
FARM-03952,Maize,208.83,75.97,4428.57,437.24,755.4574414285714,203.5996,218.62,332.14275,1509.8197914285715
FARM-03953,Sugarcane,189.52,56.0,17578.33,340.49,685.6021371428573,150.08,170.245,1318.3747500000002,2324.3018871428576
FARM-03954,Cotton,127.83,62.5,7833.19,337.19,462.43415571428574,167.5,168.595,587.48925,1386.0184057142856
FARM-03955,Sugarcane,216.33,79.51,17484.0,356.72,782.5892271428572,213.08680000000004,178.36,1311.3,2485.3360271428573
FARM-03956,Maize,198.8,57.04,5064.98,279.92,719.1732000000001,152.8672,139.96,379.8735,1391.8739
FARM-03957,Cotton,146.6,63.5,8229.0,319.74,530.3359714285715,170.18,159.87,617.175,1477.5609714285715
FARM-03958,Rice,160.27,88.02,9816.31,397.48,579.788172857143,235.8936,198.74,736.2232499999999,1750.645022857143
FARM-03959,Soybean,45.46,59.01,3907.85,309.59,164.45479714285716,158.1468,154.795,293.08875,770.4853471428571
FARM-03960,Cotton,163.48,67.59,8768.28,354.91,591.4005771428572,181.14120000000003,177.455,657.621,1607.6177771428572
FARM-03961,Wheat,127.68,46.86,3879.44,247.76,461.89152000000007,125.5848,123.88,290.95799999999997,1002.3143200000001
FARM-03962,Sugarcane,215.55,89.89,17465.21,532.63,779.7675214285715,240.9052,266.315,1309.8907499999998,2596.878471428571
FARM-03963,Wheat,107.14,41.53,4389.55,141.78,387.5866028571429,111.30040000000001,70.89,329.21625,898.993252857143
FARM-03964,Cotton,152.97,60.2,7990.14,357.6,553.3799014285715,161.336,178.8,599.2605,1492.7764014285717
FARM-03965,Rice,163.76,42.0,9884.55,256.45,592.4134971428571,112.56,128.225,741.34125,1574.5397471428569
FARM-03966,Wheat,118.17,53.09,4327.54,207.03,427.48841571428574,142.2812,103.515,324.5655,997.8501157142857
FARM-03967,Sugarcane,218.88,103.04,19179.54,398.31,791.8140342857143,276.14720000000005,199.155,1438.4655,2705.5817342857144
FARM-03968,Sugarcane,238.01,92.3,17511.87,539.67,861.0181757142857,247.364,269.835,1313.39025,2691.6074257142855
FARM-03969,Wheat,134.78,48.87,4250.67,169.34,487.5762771428572,130.9716,84.67,318.80025,1022.0181271428571
FARM-03970,Rice,121.49,84.99,11423.91,504.17,439.4987528571428,227.7732,252.085,856.79325,1776.1502028571426
FARM-03971,Sugarcane,232.97,83.62,18320.01,463.3,842.7856157142858,224.10160000000002,231.65,1374.00075,2672.5379657142857
FARM-03972,Wheat,127.42,58.33,4609.64,216.86,460.9509514285715,156.3244,108.43,345.723,1071.4283514285714
FARM-03973,Maize,,65.44,4436.67,292.5,,175.3792,146.25,332.75025,
FARM-03974,Wheat,139.45,64.29,4104.11,189.67,504.4703357142856,172.29720000000003,94.835,307.80825,1079.4107857142858
FARM-03975,Sugarcane,228.57,109.2,17006.67,700.79,826.8683014285715,292.656,350.395,1275.5002499999998,2745.419551428571
FARM-03976,Maize,178.05,81.84,4602.4,302.57,644.1085928571429,219.33120000000002,151.285,345.17999999999995,1359.9047928571429
FARM-03977,Wheat,138.5,38.37,4596.08,150.03,501.0336428571428,102.8316,75.015,344.70599999999996,1023.5862428571427
FARM-03978,Wheat,121.46,36.38,3952.14,137.44,439.39022571428575,97.49840000000002,68.72,296.41049999999996,902.0191257142858
FARM-03979,Sugarcane,224.59,97.0,16059.32,535.64,812.4703671428572,259.96000000000004,267.82,1204.4489999999998,2544.699367142857
FARM-03980,Cotton,134.32,72.43,8320.91,380.96,485.91219428571424,194.11240000000004,190.48,624.0682499999999,1494.5728442857144
FARM-03981,Sugarcane,228.22,72.5,17386.83,366.81,825.6021514285715,194.3,183.405,1304.01225,2507.3194014285714
FARM-03982,Cotton,158.12,46.94,7474.83,298.68,572.0103942857143,125.7992,149.34,560.61225,1407.7618442857142
FARM-03983,Soybean,47.63,,4836.8,239.7,172.30492714285714,,119.85,362.76,
FARM-03984,Rice,176.55,45.1,10888.96,320.71,638.6822357142858,120.86800000000001,160.355,816.6719999999999,1736.5772357142857
FARM-03985,Sugarcane,237.95,89.8,18746.36,503.05,860.8011214285715,240.66400000000002,251.525,1405.977,2758.9671214285718
FARM-03986,Soybean,48.05,56.47,3642.36,181.76,173.82430714285712,151.33960000000002,90.88,273.177,689.2209071428572
FARM-03987,Sugarcane,214.9,84.31,19383.27,499.15,777.4161000000001,225.95080000000002,249.575,1453.74525,2706.68715
FARM-03988,Maize,196.63,60.02,5225.63,359.29,711.32307,160.85360000000003,179.645,391.92225,1443.7439200000001
FARM-03989,Cotton,154.18,55.87,7458.85,291.99,557.7571628571429,149.73160000000001,145.995,559.41375,1412.897512857143
FARM-03990,Wheat,125.8,53.79,3186.68,232.98,455.0904857142857,144.15720000000002,116.49,239.00099999999998,954.7386857142857
FARM-03991,Soybean,47.04,56.15,3546.77,188.85,170.17056000000002,150.482,94.425,266.00775,681.0853099999999
FARM-03992,Soybean,31.48,52.25,3927.4,211.03,113.88114857142858,140.03,105.515,294.555,653.9811485714285
FARM-03993,Soybean,55.93,44.91,4738.73,194.55,202.33077,120.3588,97.275,355.40475,775.36932
FARM-03994,Cotton,142.13,64.88,7939.9,329.64,514.1654271428572,173.8784,164.82,595.4925,1448.356327142857
FARM-03995,Wheat,133.62,54.05,4695.04,166.95,483.37989428571433,144.854,83.475,352.128,1063.8368942857144
FARM-03996,Wheat,123.13,48.11,3930.14,217.69,445.4315700000001,128.9348,108.845,294.7605,977.9718700000001
FARM-03997,Cotton,160.85,65.04,7068.56,377.08,581.8863642857143,174.30720000000002,188.54,530.142,1474.8755642857143
FARM-03998,Cotton,158.57,58.18,6698.96,354.26,573.6383014285714,155.9224,177.13,502.42199999999997,1409.1127014285714
FARM-03999,Sugarcane,195.16,106.94,18319.2,635.9,706.0052400000001,286.5992,317.95,1373.94,2684.4944400000004
FARM-04000,Rice,163.63,62.1,9375.09,464.94,591.943212857143,166.42800000000003,232.47,703.13175,1693.972962857143
FARM-04001,Cotton,151.89,74.7,7993.12,443.1,549.4729242857143,200.19600000000003,221.55,599.4839999999999,1570.7029242857143
FARM-04002,Wheat,126.4,71.2,3826.69,218.23,457.26102857142865,190.81600000000003,109.115,287.00175,1044.1937785714285
FARM-04003,Maize,199.65,67.62,4950.6,334.02,722.2481357142858,181.22160000000002,167.01,371.295,1441.774735714286
FARM-04004,Sugarcane,228.95,107.16,18384.84,621.47,828.2429785714285,287.1888,310.735,1378.863,2805.0297785714283
FARM-04005,Rice,127.3,88.73,10743.72,399.7,460.5168428571428,237.79640000000003,199.85,805.7789999999999,1703.942242857143
FARM-04006,Wheat,137.71,60.13,4549.09,265.29,498.1757614285715,161.1484,132.645,341.18175,1133.1509114285716
FARM-04007,Soybean,37.44,46.23,3616.77,207.43,135.44187428571428,123.8964,103.715,271.25775,634.3110242857143
FARM-04008,Sugarcane,775.3404085291197,83.7,17686.36,473.62,2804.8493093118427,224.31600000000003,236.81,1326.477,4592.452309311843
FARM-04009,Sugarcane,236.15,92.79,16480.24,534.68,854.2894928571429,248.67720000000003,267.34,1236.018,2606.324692857143
FARM-04010,Sugarcane,225.24,56.0,18514.34,305.34,814.8217885714287,150.08,152.67,1388.5755,2506.1472885714284
FARM-04011,Sugarcane,200.33,92.32,17246.66,575.5,724.7080842857143,247.4176,287.75,1293.4995,2553.375184285714
FARM-04012,Maize,177.07,69.34,4827.78,328.44,640.5633728571429,185.83120000000002,164.22,362.08349999999996,1352.698072857143
FARM-04013,Soybean,41.13,63.47,4230.6,278.49,148.79071285714286,170.0996,139.245,317.295,775.4303128571429
FARM-04014,Cotton,175.71,70.0,6937.43,254.87,635.6434757142858,187.60000000000002,127.435,520.30725,1470.9857257142858
FARM-04015,Sugarcane,215.12,70.45,16346.64,390.21,778.2119657142857,188.806,195.105,1225.9979999999998,2388.1209657142854
FARM-04016,Rice,168.36,83.6,9958.4,430.74,609.0543257142858,224.048,215.37,746.88,1795.352325714286
FARM-04017,Rice,177.91,95.65,10614.26,582.98,643.6021328571428,256.34200000000004,291.49,796.0695,1987.5036328571427
FARM-04018,Wheat,135.22,44.36,4098.58,190.74,489.1680085714286,118.8848,95.37,307.39349999999996,1010.8163085714286
FARM-04019,Sugarcane,223.15,94.9,17393.76,472.75,807.2610642857144,254.33200000000002,236.375,1304.532,2602.5000642857144
FARM-04020,Rice,152.78,84.77,10195.46,451.72,552.692562857143,227.1836,225.86,764.6594999999999,1770.395662857143
FARM-04021,Wheat,127.58,45.72,3665.0,235.5,461.52976285714294,122.5296,117.75,274.875,976.6843628571429
FARM-04022,Sugarcane,227.45,119.39,16584.61,502.93,822.8166214285715,319.96520000000004,251.465,1243.84575,2638.0925714285713
FARM-04023,Cotton,170.58,66.13,6771.46,307.13,617.0853342857145,177.2284,153.565,507.85949999999997,1455.7382342857145
FARM-04024,Sugarcane,214.31,80.79,18696.12,523.29,775.2817328571429,216.51720000000003,261.645,1402.2089999999998,2655.652932857143
FARM-04025,Wheat,139.55,56.24,4527.78,231.13,504.83209285714304,150.72320000000002,115.565,339.58349999999996,1110.703792857143
FARM-04026,Soybean,51.78,72.3,4556.24,250.04,187.3178485714286,193.764,125.02,341.71799999999996,847.8198485714286
FARM-04027,Sugarcane,194.52,108.15,17842.63,619.52,703.6899942857144,289.84200000000004,309.76,1338.19725,2641.4892442857144
FARM-04028,Sugarcane,201.41,109.4,60216.33307388324,481.98,728.6150614285714,293.192,240.99,4516.224980541243,5779.022041969814
FARM-04029,Sugarcane,245.64,92.63,17391.96,567.52,888.6202457142858,248.2484,283.76,1304.397,2725.025645714286
FARM-04030,Cotton,165.11,65.41,7434.16,328.42,597.2972185714286,175.2988,164.21,557.562,1494.3680185714288
FARM-04031,Soybean,45.71,48.41,3799.88,272.87,165.35919,129.7388,136.435,284.991,716.5239899999999
FARM-04032,Soybean,51.4,64.28,3968.08,280.1,185.94317142857145,172.27040000000002,140.05,297.606,795.8695714285715
FARM-04033,Soybean,36.65,45.3,3703.07,244.27,132.58399285714287,121.404,122.135,277.73025,653.853242857143
FARM-04034,Soybean,44.96,64.81,3827.68,240.67,162.64601142857143,173.69080000000002,120.335,287.07599999999996,743.7478114285714
FARM-04035,Maize,204.96,60.23,4995.55,271.1,741.4574400000001,161.4164,135.55,374.66625,1413.0900900000001
FARM-04036,Cotton,138.34,49.27,7147.2,281.72,500.45483142857154,132.04360000000003,140.86,536.04,1309.3984314285717
FARM-04037,Rice,488.1811178187577,69.35,9404.79,345.25,1766.0300637892,185.858,172.625,705.3592500000001,2829.8723137892
FARM-04038,Cotton,156.44,83.6,8884.25,379.11,565.9328742857143,224.048,189.555,666.31875,1645.8546242857142
FARM-04039,Sugarcane,235.07,80.66,17302.02,449.41,850.3825157142857,216.1688,224.705,1297.6515,2588.907815714286
FARM-04040,Rice,146.12,84.39,9415.44,428.05,528.5995371428571,226.16520000000003,214.025,706.158,1674.947737142857
FARM-04041,Soybean,53.3,77.76,3926.56,254.08,192.81655714285716,208.3968,127.04,294.49199999999996,822.7453571428571
FARM-04042,Wheat,126.43,54.6,3865.51,186.04,457.3695557142858,146.328,93.02,289.91325,986.6308057142858
FARM-04043,Rice,171.04,86.08,10832.42,482.32,618.749417142857,230.6944,241.16,812.4315,1903.035317142857
FARM-04044,Maize,178.76,81.89,5157.48,375.6,646.6770685714287,219.4652,187.8,386.811,1440.7532685714286
FARM-04045,Maize,187.7,58.63,4656.83,276.25,679.018157142857,157.12840000000003,138.125,349.26225,1323.533807142857
FARM-04046,Cotton,153.44,71.26,7092.25,343.56,555.0801600000001,190.97680000000003,171.78,531.9187499999999,1449.75571
FARM-04047,Wheat,127.2,62.62,4407.52,239.15,460.15508571428575,167.8216,119.575,330.564,1078.1156857142857
FARM-04048,Wheat,121.51,37.05,3956.39,128.2,439.57110428571434,99.294,64.1,296.72925,899.6943542857143
FARM-04049,Maize,175.0,77.9,5302.95,804.7929240947796,633.075,208.77200000000002,402.3964620473898,397.72125,1641.9647120473899
FARM-04050,Cotton,159.5,76.97,8190.15,443.21,577.002642857143,206.27960000000002,221.605,614.2612499999999,1619.148492857143
FARM-04051,Cotton,154.77,67.54,6726.86,294.58,559.8915300000001,181.00720000000004,147.29,504.51449999999994,1392.70323
FARM-04052,Cotton,153.51,58.43,8450.26,229.51,555.33339,156.5924,114.755,633.7695,1460.45029
FARM-04053,Sugarcane,219.59,79.13,18776.31,536.25,794.3825100000001,212.0684,268.125,1408.22325,2682.79916
FARM-04054,Soybean,,71.17,4112.47,339.36,,190.7356,169.68,308.43525,
FARM-04055,Soybean,47.17,66.32,4897.15,309.31,170.6408442857143,177.7376,154.655,367.28624999999994,870.3196942857141
FARM-04056,Cotton,161.0,61.42,7604.63,432.39,582.4290000000001,164.6056,216.195,570.34725,1533.5768500000001
FARM-04057,Cotton,159.37,62.99,7651.01,408.99,576.5323585714286,168.81320000000002,204.495,573.82575,1523.6663085714285
FARM-04058,Cotton,173.49,58.49,7711.04,338.1,627.6124671428572,156.75320000000002,169.05,578.328,1531.7436671428572
FARM-04059,Soybean,39.43,40.6,4405.1,177.27,142.64084142857143,108.808,88.635,330.3825,670.4663414285715
FARM-04060,Soybean,49.76,52.55,3898.15,198.61,180.0103542857143,140.834,99.305,292.36125,712.5106042857143
FARM-04061,Maize,186.12,60.75,4707.46,321.1,673.3023942857144,162.81,160.55,353.0595,1349.7218942857144
FARM-04062,Sugarcane,199.4,114.66,18212.67,599.77,721.3437428571428,307.28880000000004,299.885,1365.9502499999999,2694.4677928571427
FARM-04063,Sugarcane,687.8321936457219,93.03,18671.81,485.33,2488.282091384374,249.3204,242.665,1400.3857500000001,4380.653241384374
FARM-04064,Maize,194.04,97.95,4918.62,269.07,701.9535599999999,262.50600000000003,134.535,368.8965,1467.8910600000002
FARM-04065,Wheat,116.83,185.42796122811205,12674.276370395268,301.85,422.64087000000006,496.9469360913403,150.925,950.570727779645,2021.0835338709853
FARM-04066,Cotton,135.44,64.86,7803.38,385.05,489.96387428571427,173.8248,192.525,585.2535,1441.5671742857144
FARM-04067,Wheat,133.62,49.6,4186.96,192.34,483.37989428571433,132.92800000000003,96.17,314.022,1026.4998942857144
FARM-04068,Wheat,119.13,54.07,3625.29,284.97,430.96128428571427,144.9076,142.485,271.89675,990.2506342857143
FARM-04069,Wheat,123.53,58.38,3939.81,305.43,446.8785985714286,156.4584,152.715,295.48575,1051.5377485714287
FARM-04070,Wheat,112.66,50.3,4161.63,307.4,407.55559714285715,134.804,153.7,312.12225,1008.1818471428572
FARM-04071,Wheat,136.1,47.13,4643.49,191.46,492.3514714285715,126.30840000000002,95.73,348.26174999999995,1062.6516214285714
FARM-04072,Soybean,50.55,67.94,4581.57,273.43,182.86823571428573,182.07920000000001,136.715,343.61774999999994,845.2801857142856
FARM-04073,Wheat,105.42,56.66,3864.97,228.74,381.36438000000004,151.8488,114.37,289.87275,937.4559300000001
FARM-04074,Cotton,132.62,57.32,7164.25,285.6,479.76232285714286,153.6176,142.8,537.31875,1313.498672857143
FARM-04075,Rice,138.47,77.42,10319.69,458.74,500.92511571428577,207.4856,229.37,773.97675,1711.757465714286
FARM-04076,Sugarcane,214.86,93.71,17055.4,489.9,777.2713971428573,251.1428,244.95,1279.155,2552.5191971428576
FARM-04077,Maize,171.76,76.92,4764.36,290.94,621.3540685714287,206.14560000000003,145.47,357.32699999999994,1330.2966685714287
FARM-04078,Rice,142.08,82.19,9249.4,518.08,513.9845485714286,220.2692,259.04,693.7049999999999,1686.9987485714285
FARM-04079,Cotton,,62.27,6764.6,372.23,,166.88360000000003,186.115,507.345,
FARM-04080,Soybean,41.14,70.31,3811.56,287.41,148.82688857142858,188.4308,143.705,285.86699999999996,766.8296885714286
FARM-04081,Maize,188.1,65.69,4587.67,306.84,680.4651857142858,176.0492,153.42,344.07525,1354.0096357142857
FARM-04082,Soybean,47.02,52.23,3985.23,190.67,170.0982085714286,139.9764,95.335,298.89225,704.3018585714285
FARM-04083,Soybean,49.43,52.08,3561.45,202.82,178.8165557142857,139.5744,101.41,267.10875,686.9097057142857
FARM-04084,Maize,197.33,85.54,4961.78,332.51,713.8553700000001,229.24720000000002,166.255,372.13349999999997,1481.49107
FARM-04085,Sugarcane,215.17,88.13,18571.54,529.78,778.3928442857143,236.1884,264.89,1392.8655,2672.3367442857143
FARM-04086,Cotton,159.99,66.78,8684.17,398.77,578.775252857143,178.9704,199.385,651.3127499999999,1608.443402857143
FARM-04087,Soybean,42.05,52.12,4587.86,249.86,152.11887857142858,139.6816,124.93,344.0895,760.8199785714286
FARM-04088,Soybean,46.28,46.37,3882.01,169.43,167.42120571428575,124.2716,84.715,291.15075,667.5585557142858
FARM-04089,Soybean,35.17,67.45,3303.01,208.93,127.22998714285714,180.76600000000002,104.465,247.72575,660.1867371428573
FARM-04090,Wheat,118.77,43.59,4237.66,207.79,429.65895857142857,116.82120000000002,103.895,317.8245,968.1996585714285
FARM-04091,Sugarcane,217.26,88.45,16277.97,477.69,785.9535685714286,237.04600000000002,238.845,1220.84775,2482.6923185714286
FARM-04092,Rice,133.08,94.18,8973.24,476.85,481.4264057142858,252.40240000000003,238.425,672.9929999999999,1645.2468057142858
FARM-04093,Soybean,51.15,65.0,4674.36,295.35,185.03877857142857,174.20000000000002,147.675,350.57699999999994,857.4907785714286
FARM-04094,Maize,189.07,78.77,4187.48,384.36,683.97423,211.1036,192.18,314.061,1401.31883
FARM-04095,Maize,183.7,59.43,5571.84,246.75,664.5478714285714,159.2724,123.375,417.888,1365.0832714285714
FARM-04096,Maize,184.96,77.56,4899.24,226.06,669.1060114285715,207.8608,113.03,367.443,1357.4398114285714
FARM-04097,Sugarcane,225.56,108.79,19135.17,636.1,815.9794114285714,291.5572,318.05,1435.1377499999999,2860.7243614285712
FARM-04098,Wheat,125.92,57.91,3957.59,228.33,455.52459428571433,155.1988,114.165,296.81925,1021.7076442857143
FARM-04099,Cotton,150.56,285.1452642293325,7022.95,375.59,544.6615542857144,764.1893081346111,187.795,526.7212499999999,2023.3671124203256
FARM-04100,Wheat,115.74,52.22,4432.85,156.47,418.6977171428572,139.9496,78.235,332.46375,969.3460671428572
FARM-04101,Sugarcane,210.87,,17883.85,441.18,762.8372871428573,,220.59,1341.28875,
FARM-04102,Sugarcane,221.24,92.59,17083.05,377.1,800.351502857143,248.14120000000003,188.55,1281.22875,2518.2714528571432
FARM-04103,Soybean,47.1,67.86,3861.11,206.51,170.3876142857143,181.8648,103.255,289.58325,745.0906642857143
FARM-04104,Rice,145.6,112.72,9799.99,537.71,526.7184000000001,302.0896,268.855,734.99925,1832.6622499999999
FARM-04105,Sugarcane,214.1,81.72,17713.47,358.9,774.5220428571429,219.0096,179.45,1328.51025,2501.491892857143
FARM-04106,Rice,149.6,94.89,9681.28,484.58,541.1886857142858,254.3052,242.29,726.096,1763.8798857142858
FARM-04107,Cotton,154.74,46.92,6872.41,325.09,559.783002857143,125.74560000000001,162.545,515.43075,1363.5043528571427
FARM-04108,Rice,160.45,76.78,9552.6,313.06,580.4393357142858,205.77040000000002,156.53,716.445,1659.1847357142858
FARM-04109,Soybean,39.15,62.41,3417.91,250.25,141.62792142857143,167.2588,125.125,256.34324999999995,690.3549714285714
FARM-04110,Cotton,129.46,74.85,7242.26,323.65,468.3307971428572,200.59799999999998,161.825,543.1695,1373.923297142857
FARM-04111,Sugarcane,236.67,74.2,16742.05,505.39,856.1706300000001,198.85600000000002,252.695,1255.65375,2563.37538
FARM-04112,Rice,142.61,74.87,11466.13,286.24,515.9018614285716,200.65160000000003,143.12,859.9597499999999,1719.6332114285715
FARM-04113,Rice,159.13,88.03,11072.59,604.33,575.6641414285714,235.92040000000003,302.165,830.44425,1944.1937914285713
FARM-04114,Wheat,120.07,52.25,3483.3,272.38,434.3618014285714,140.03,136.19,261.2475,971.8293014285714
FARM-04115,Maize,521.6413106430036,56.19,4206.41,281.89,1887.0747013446833,150.5892,140.945,315.48075,2494.0896513446837
FARM-04116,Maize,187.68,,4646.85,319.52,678.9458057142858,,159.76,348.51375,
FARM-04117,Maize,177.01,64.57,5014.58,264.79,640.3463185714286,173.0476,132.395,376.0935,1321.8824185714286
FARM-04118,Sugarcane,212.87,84.59,17107.83,578.08,770.0724300000002,226.70120000000003,289.04,1283.08725,2568.90088
FARM-04119,Rice,156.77,77.81,10339.92,495.69,567.1266728571429,208.53080000000003,247.845,775.494,1798.996472857143
FARM-04120,Maize,216.73,59.6,5010.84,260.09,784.0362557142857,159.728,130.045,375.813,1449.622255714286
FARM-04121,Soybean,41.87,43.18,3767.55,204.19,151.46771571428573,115.72240000000001,102.095,282.56625,651.8513657142857
FARM-04122,Soybean,47.23,59.78,4775.61,232.87,170.85789857142856,160.21040000000002,116.435,358.17074999999994,805.6740485714286
FARM-04123,Soybean,50.59,54.76,4562.81,195.02,183.0129385714286,146.7568,97.51,342.21075,769.4904885714286
FARM-04124,Rice,168.52,100.03,10210.46,388.1,609.6331371428572,268.0804,194.05,765.7844999999999,1837.548037142857
FARM-04125,Wheat,117.93,61.91,4005.94,216.95,426.6201985714286,165.9188,108.475,300.4455,1001.4594985714286
FARM-04126,Wheat,121.95,42.41,4327.11,183.82,441.1628357142858,113.6588,91.91,324.53324999999995,971.2648857142857
FARM-04127,Maize,200.38,57.75,5220.03,330.96,724.8889628571428,154.77,165.48,391.50224999999995,1436.6412128571428
FARM-04128,Maize,157.61,77.66,5388.17,370.09,570.1654328571428,208.1288,185.045,404.11275,1367.4519828571429
FARM-04129,Soybean,41.89,40.99,4120.74,216.07,151.54006714285714,109.85320000000002,108.035,309.0555,678.4837671428572
FARM-04130,Wheat,145.03,46.75,4002.14,173.14,524.6563842857144,125.29,86.57,300.16049999999996,1036.6768842857143
FARM-04131,Soybean,39.88,59.94,,198.61,144.2687485714286,160.63920000000002,99.305,,
FARM-04132,Maize,186.09,58.04,4554.01,339.94,673.1938671428572,155.5472,169.97,341.55075,1340.2618171428571
FARM-04133,Rice,147.97,95.51,9827.03,516.29,535.2920442857144,255.96680000000003,258.145,737.02725,1786.4310942857146
FARM-04134,Maize,185.19,72.63,5146.13,335.21,669.9380528571428,194.6484,167.605,385.95975,1418.1512028571428
FARM-04135,Soybean,,48.3,10873.18205096518,158.29,,129.444,79.145,815.4886538223885,
FARM-04136,Soybean,38.75,48.55,3881.45,180.93,140.18089285714285,130.114,90.465,291.10875,651.8686428571428
FARM-04137,Sugarcane,218.17,129.81,18500.34,487.53,789.2455585714285,347.8908,243.765,1387.5255,2768.426858571428
FARM-04138,Rice,156.69,74.67,10574.71,286.2,566.8372671428572,200.11560000000003,143.1,793.1032499999999,1703.156117142857
FARM-04139,Wheat,131.97,75.86,3730.21,312.56,477.41090142857144,203.3048,156.28,279.76574999999997,1116.7614514285715
FARM-04140,Maize,151.59,40.16,4939.75,237.62,548.3876528571429,107.6288,118.81,370.48125,1145.3077028571429
FARM-04141,Soybean,55.79,52.27,3633.35,207.1,201.82431,140.08360000000002,103.55,272.50124999999997,717.95916
FARM-04142,Rice,131.37,61.66,10350.72,352.11,475.24035857142866,165.2488,176.055,776.304,1592.8481585714285
FARM-04143,Cotton,150.71,89.1,7079.8,426.99,545.2041900000002,238.788,213.495,530.985,1528.4721900000002
FARM-04144,Sugarcane,192.98,95.08,18447.78,627.84,698.1189342857142,254.8144,313.92,1383.5835,2650.436834285714
FARM-04145,Cotton,141.44,94.83,8025.68,342.25,511.6693028571429,254.14440000000002,171.125,601.926,1538.8647028571431
FARM-04146,Sugarcane,225.63,95.41,19677.79,494.56,816.2326414285715,255.6988,247.28,1475.83425,2795.0456914285714
FARM-04147,Maize,194.97,76.7,5155.95,309.79,705.3179014285715,205.556,154.895,386.69624999999996,1452.4651514285715
FARM-04148,Wheat,110.08,66.92,3226.73,320.44,398.2222628571429,179.34560000000002,160.22,242.00475,979.792612857143
FARM-04149,Cotton,165.25,90.8,6131.61,462.23,597.8036785714286,243.344,231.115,459.87075,1532.1334285714286
FARM-04150,Rice,152.99,102.14,9983.56,469.43,553.4522528571429,273.7352,234.715,748.7669999999999,1810.669452857143
FARM-04151,Wheat,126.6,51.94,3522.78,201.43,457.98454285714286,139.1992,100.715,264.2085,962.1072428571429
FARM-04152,Soybean,46.36,63.47,,336.23,167.71061142857144,170.0996,168.115,,
FARM-04153,Cotton,171.37,60.25,6837.34,275.76,619.9432157142858,161.47,137.88,512.8004999999999,1432.0937157142857
FARM-04154,Rice,137.92,70.93,9358.47,470.81,498.93545142857147,190.09240000000003,235.405,701.8852499999999,1626.3181014285715
FARM-04155,Wheat,128.48,245.073332672839,4506.81,247.36,464.78557714285716,656.7965315632085,123.68,338.01075000000003,1583.272858706066
FARM-04156,Sugarcane,196.2,93.36,17046.39,537.39,709.7675142857142,250.2048,268.695,1278.4792499999999,2507.146564285714
FARM-04157,Sugarcane,210.77,100.62,16438.01,557.72,762.4755300000002,269.6616,278.86,1232.8507499999998,2543.8478800000003
FARM-04158,Wheat,122.87,64.91,3815.41,191.88,444.4910014285715,173.9588,95.94,286.15574999999995,1000.5455514285713
FARM-04159,Wheat,126.17,46.45,,211.82,456.4289871428572,124.48600000000002,105.91,,
FARM-04160,Soybean,36.37,49.7,4488.35,211.21,131.57107285714284,133.19600000000003,105.605,336.62625,706.998322857143
FARM-04161,Sugarcane,207.76,88.08,16599.64,444.87,751.58664,236.05440000000002,222.435,1244.973,2455.04904
FARM-04162,Wheat,113.48,52.47,4512.49,250.93,410.52200571428574,140.6196,125.465,338.43674999999996,1015.0433557142858
FARM-04163,Cotton,161.32,62.69,8441.1,310.49,583.5866228571429,168.0092,155.245,633.0825,1539.923322857143
FARM-04164,Soybean,57.01,55.42,3901.23,237.32,206.23774714285713,148.52560000000003,118.66,292.59225,766.0155971428571
FARM-04165,Sugarcane,215.85,65.77,17878.43,417.93,780.8527928571428,176.2636,208.965,1340.8822499999999,2506.963642857143
FARM-04166,Sugarcane,226.59,89.28,18308.18,514.08,819.7055100000002,239.27040000000002,257.04,1373.1135,2689.1294100000005
FARM-04167,Soybean,39.51,65.9,4229.47,295.99,142.93024714285716,176.61200000000002,147.995,317.21025000000003,784.7474971428571
FARM-04168,Sugarcane,225.47,75.03,18784.32,343.15,815.65383,201.08040000000003,171.575,1408.8239999999998,2597.13323
FARM-04169,Rice,164.96,91.93,10298.76,492.49,596.7545828571429,246.37240000000003,246.245,772.407,1861.778982857143
FARM-04170,Sugarcane,221.75,94.51,18773.95,524.55,802.1964642857143,253.28680000000003,262.275,1408.04625,2725.8045142857145
FARM-04171,Soybean,51.53,57.88,3632.7,234.52,186.41345571428576,155.1184,117.26,272.4525,731.2443557142858
FARM-04172,Soybean,49.56,,4524.32,271.87,179.28684000000004,,135.935,339.32399999999996,
FARM-04173,Maize,197.32,54.94,4857.08,257.65,713.8191942857143,147.2392,128.825,364.281,1354.1643942857143
FARM-04174,Wheat,139.58,54.85,4325.52,177.86,504.9406200000001,146.99800000000002,88.93,324.41400000000004,1065.2826200000002
FARM-04175,Cotton,159.14,67.31,8096.53,404.94,575.7003171428571,180.3908,202.47,607.23975,1565.800867142857
FARM-04176,Cotton,156.39,71.4,7780.77,356.44,565.7519957142856,191.35200000000003,178.22,583.55775,1518.881745714286
FARM-04177,Cotton,145.58,,6143.05,420.94,526.6460485714285,,210.47,460.72875,
FARM-04178,Rice,144.79,98.02,9436.37,517.12,523.7881671428571,262.6936,258.56,707.72775,1752.769517142857
FARM-04179,Cotton,163.67,88.45,7172.27,510.84,592.0879157142858,237.04600000000002,255.42,537.92025,1622.4741657142858
FARM-04180,Cotton,161.12,71.16,6931.53,305.39,582.8631085714286,190.7088,152.695,519.86475,1446.1316585714285
FARM-04181,Cotton,125.43,65.52,6941.9,394.88,453.75198428571434,175.5936,197.44,520.6424999999999,1347.4280842857142
FARM-04182,Sugarcane,225.8,74.21,19018.93,395.4,816.8476285714287,198.8828,197.7,1426.41975,2639.850178571429
FARM-04183,Soybean,48.02,48.82,4438.88,201.01,173.71578000000002,130.8376,100.505,332.916,737.9743800000001
FARM-04184,Maize,188.48,66.0,4678.43,358.68,681.8398628571429,176.88000000000002,179.34,350.88225,1388.942112857143
FARM-04185,Soybean,40.63,68.15,3667.73,274.33,146.98192714285716,182.64200000000002,137.165,275.07975,741.8686771428571
FARM-04186,Wheat,126.57,71.25,3657.24,174.95,457.8760157142857,190.95000000000002,87.475,274.29299999999995,1010.5940157142857
FARM-04187,Sugarcane,211.25,137.69,53730.40460349657,724.58,764.2119642857143,369.0092,362.29,4029.780345262243,5525.2915095479575
FARM-04188,Wheat,126.27,74.87,3702.4,210.9,456.79074428571437,200.65160000000003,105.45,277.68,1040.5723442857145
FARM-04189,Wheat,131.32,40.58,3989.84,169.53,475.05948,108.7544,84.765,299.238,967.8168800000001
FARM-04190,Wheat,115.41,56.03,3754.4,162.0,417.5039185714286,150.1604,81.0,281.58,930.2443185714285
FARM-04191,Rice,133.64,84.03,10333.11,466.62,483.4522457142857,225.20040000000003,233.31,774.98325,1716.9458957142858
FARM-04192,Wheat,115.44,53.7,3506.71,207.5,417.61244571428574,143.91600000000003,103.75,263.00325,928.2816957142858
FARM-04193,Cotton,150.67,75.51,7789.88,279.89,545.059487142857,202.3668,139.945,584.241,1471.612287142857
FARM-04194,Rice,170.99,71.17,10612.46,384.91,618.5685385714287,190.7356,192.455,795.9345,1797.6936385714287
FARM-04195,Maize,193.41,65.0,5607.85,262.79,699.6744900000001,174.20000000000002,131.395,420.58875,1425.85824
FARM-04196,Cotton,159.59,64.89,8483.87,341.98,577.3282242857143,173.9052,170.99,636.29025,1558.5136742857144
FARM-04197,Cotton,172.58,68.63,7183.0,487.93,624.3204771428573,183.9284,243.965,538.725,1590.938877142857
FARM-04198,Cotton,136.73,70.9,8131.79,469.09,494.6305414285714,190.01200000000003,234.545,609.88425,1529.0717914285715
FARM-04199,Soybean,44.31,50.19,3909.03,171.02,160.29459000000003,134.5092,85.51,293.17725,673.4910400000001
FARM-04200,Wheat,139.72,72.22,3989.88,,505.44708,193.5496,,299.241,
FARM-04201,Soybean,46.2,48.06,4074.47,242.1,167.13180000000003,128.8008,121.05,305.58525,722.56785
FARM-04202,Sugarcane,211.98,99.87,18813.55,388.97,766.8527914285714,267.65160000000003,194.485,1411.01625,2640.005641428572
FARM-04203,Cotton,155.45,62.07,7462.29,344.06,562.3514785714285,166.3476,172.03,559.67175,1460.4008285714285
FARM-04204,Wheat,113.91,54.71,3329.58,193.45,412.07756142857147,146.6228,96.725,249.71849999999998,905.1438614285714
FARM-04205,Maize,154.32,95.06,4911.08,348.25,558.263622857143,254.76080000000002,174.125,368.33099999999996,1355.480422857143
FARM-04206,Maize,214.89,91.89,5149.98,229.91,777.3799242857144,246.26520000000002,114.955,386.2485,1524.8486242857143
FARM-04207,Rice,146.62,85.37,9602.71,488.15,530.4083228571429,228.79160000000002,244.075,720.2032499999999,1723.478172857143
FARM-04208,Wheat,127.71,69.43,4380.62,216.6,462.00004714285717,186.07240000000002,108.3,328.5465,1084.9189471428572
FARM-04209,Wheat,117.96,61.87,3926.71,246.58,426.7287257142857,165.8116,123.29,294.50325,1010.3335757142856
FARM-04210,Wheat,136.38,84.96,3954.97,360.61,493.3643914285714,227.6928,180.305,296.62275,1197.9849414285713
FARM-04211,Soybean,39.05,57.27,4920.42,266.34,141.2661642857143,153.48360000000002,133.17,369.0315,796.9512642857144
FARM-04212,Maize,196.45,41.95,4817.51,259.08,710.6719071428572,112.42600000000002,129.54,361.31325,1313.9511571428573
FARM-04213,Wheat,127.12,59.84,3257.13,225.28,459.86568000000005,160.37120000000002,112.64,244.28475,977.1616300000001
FARM-04214,Cotton,159.45,64.13,7244.19,394.79,576.8217642857142,171.8684,197.395,543.3142499999999,1489.399414285714
FARM-04215,Rice,138.07,84.5,9808.14,321.55,499.47808714285713,226.46,160.775,735.6104999999999,1622.323587142857
FARM-04216,Wheat,128.31,55.72,3986.63,291.0,464.17059000000006,149.3296,145.5,298.99725,1057.99744
FARM-04217,Wheat,118.61,53.65,4243.44,226.55,429.0801471428572,143.782,113.275,318.258,1004.3951471428572
FARM-04218,Rice,151.68,70.82,9944.16,469.02,548.7132342857143,189.7976,234.51,745.812,1718.8328342857144
FARM-04219,Maize,184.5,53.89,5216.29,265.36,667.4419285714287,144.42520000000002,132.68,391.22175,1335.7688785714286
FARM-04220,Sugarcane,219.44,102.19,18334.42,477.43,793.8398742857144,273.86920000000003,238.715,1375.0814999999998,2681.505574285714
FARM-04221,Wheat,124.94,57.91,4079.55,220.4,451.9793742857143,155.1988,110.2,305.96625,1023.3444242857142
FARM-04222,Cotton,163.99,50.2,8078.72,278.13,593.2455385714286,134.53600000000003,139.065,605.904,1472.7505385714287
FARM-04223,Wheat,117.37,51.29,4156.64,247.76,424.5943585714286,137.4572,123.88,311.748,997.6795585714285
FARM-04224,Rice,128.59,86.9,8556.02,441.11,465.18351,232.89200000000002,220.555,641.7015,1560.33201
FARM-04225,Sugarcane,223.54,115.22,17123.39,611.92,808.6719171428572,308.7896,305.96,1284.25425,2707.6757671428572
FARM-04226,Wheat,122.73,57.87,13618.917693046262,202.65,443.98454142857145,155.0916,101.325,1021.4188269784696,1721.819968407041
FARM-04227,Wheat,115.36,69.51,4673.77,290.44,417.32304,186.28680000000003,145.22,350.53275,1099.3625900000002
FARM-04228,Sugarcane,215.12,94.65,17574.66,501.97,778.2119657142857,253.66200000000003,250.985,1318.0995,2600.958465714286
FARM-04229,Wheat,138.67,67.11,3737.15,284.97,501.64863,179.8548,142.485,280.28625,1104.27468
FARM-04230,Wheat,132.48,41.99,3268.56,178.01,479.2558628571428,112.53320000000001,89.005,245.142,925.9360628571428
FARM-04231,Soybean,40.5,65.62,4381.44,269.2,146.51164285714287,175.8616,134.6,328.60799999999995,785.5812428571428
FARM-04232,Maize,161.52,68.12,5431.65,271.33,584.3101371428572,182.56160000000003,135.665,407.37375,1309.9104871428572
FARM-04233,Maize,203.45,45.39,4677.26,228.16,735.9949071428572,121.6452,114.08,350.7945,1322.5146071428574
FARM-04234,Cotton,163.32,68.69,7688.03,317.54,590.8217657142857,184.0892,158.77,576.6022499999999,1510.2832157142857
FARM-04235,Soybean,41.51,42.03,3379.12,186.7,150.16539,112.64040000000001,93.35,253.43399999999997,609.58979
FARM-04236,Soybean,54.86,58.34,4527.13,241.03,198.4599685714286,156.3512,120.515,339.53475,814.8609185714286
FARM-04237,Wheat,132.89,65.1,3934.71,234.03,480.73906714285715,174.468,117.015,295.10325,1067.325317142857
FARM-04238,Rice,150.14,109.91,9342.17,494.84,543.1421742857142,294.5588,247.42,700.66275,1785.7837242857142
FARM-04239,Maize,172.68,91.79,5121.74,348.11,624.6822342857143,245.99720000000002,174.055,384.1305,1428.8649342857143
FARM-04240,Wheat,120.48,62.44,3568.91,223.33,435.8450057142858,167.3392,111.665,267.66825,982.5174557142857
FARM-04241,Sugarcane,220.44,132.59,16409.49,574.04,797.4574457142858,355.3412,287.02,1230.7117500000002,2670.530395714286
FARM-04242,Sugarcane,220.11,88.74,16653.85,551.68,796.2636471428573,237.8232,275.84,1249.03875,2558.9655971428574
FARM-04243,Wheat,113.98,49.62,3873.55,208.29,412.3307914285715,132.98160000000001,104.145,290.51625,939.9736414285716
FARM-04244,Maize,200.72,63.03,5725.54,229.33,726.1189371428572,168.9204,114.665,429.4155,1439.1198371428573
FARM-04245,Rice,126.17,68.18,9987.3,299.0,456.4289871428572,182.72240000000002,149.5,749.0474999999999,1537.698887142857
FARM-04246,Rice,161.12,80.96,9811.18,401.28,582.8631085714286,216.9728,200.64,735.8385,1736.3144085714284
FARM-04247,Sugarcane,215.44,72.23,19383.46,420.77,779.3695885714286,193.57640000000004,210.385,1453.7595,2637.0904885714285
FARM-04248,Soybean,33.98,74.75,3677.72,280.46,122.92507714285713,200.33,140.23,275.82899999999995,739.3140771428571
FARM-04249,Soybean,36.93,61.27,3573.53,285.08,133.59691285714285,164.20360000000002,142.54,268.01475,708.3552628571429
FARM-04250,Cotton,169.36,,7445.2,358.47,612.6718971428572,,179.235,558.39,
FARM-04251,Sugarcane,222.11,77.52,17320.33,547.32,803.49879,207.7536,273.66,1299.02475,2583.93714
FARM-04252,Maize,191.44,78.58,5054.22,235.62,692.5478742857142,210.5944,117.81,379.0665,1400.0187742857142
FARM-04253,Sugarcane,221.78,111.81,16532.05,567.27,802.3049914285714,299.6508,283.635,1239.90375,2625.494541428571
FARM-04254,Maize,197.35,47.27,5502.64,236.43,713.9277214285715,126.68360000000001,118.215,412.69800000000004,1371.5243214285715
FARM-04255,Rice,128.88,90.89,9711.92,554.95,466.2326057142857,243.58520000000001,277.475,728.394,1715.6868057142856
FARM-04256,Maize,190.96,57.4,4789.09,307.85,690.8114400000002,153.832,153.925,359.18175,1357.7501900000002
FARM-04257,Soybean,163.9011822348481,56.69,4300.41,243.32,592.9242339618656,151.9292,121.66,322.53074999999995,1189.0441839618657
FARM-04258,Cotton,146.06,65.27,6875.53,,528.3824828571429,174.9236,,515.6647499999999,
FARM-04259,Soybean,38.62,52.0,12923.237933509508,276.43,139.71060857142857,139.36,138.215,969.2428450132131,1386.5284535846417
FARM-04260,Soybean,51.11,43.36,3756.12,175.1,184.89407571428572,116.2048,87.55,281.709,670.3578757142857
FARM-04261,Rice,152.76,88.61,11747.68,507.94,552.6202114285713,237.47480000000002,253.97,881.076,1925.1410114285713
FARM-04262,Sugarcane,220.23,97.66,17845.54,672.57,796.6977557142857,261.7288,336.285,1338.4155,2733.127055714286
FARM-04263,Cotton,137.26,76.9,8455.72,409.07,496.54785428571427,206.09200000000004,204.535,634.179,1541.3538542857143
FARM-04264,Rice,162.14,77.19,11367.93,391.7,586.5530314285716,206.8692,195.85,852.59475,1841.8669814285715
FARM-04265,Cotton,158.34,,8353.38,248.11,572.8062600000001,,124.055,626.5034999999999,
FARM-04266,Wheat,129.72,53.8,4253.84,210.02,469.2713657142857,144.184,105.01,319.038,1037.5033657142858
FARM-04267,Maize,175.58,78.8,4613.12,231.37,635.1731914285715,211.184,115.685,345.984,1308.0261914285713
FARM-04268,Soybean,46.07,63.69,4690.49,240.7,166.6615157142857,170.6892,120.35,351.78675,809.4874657142857
FARM-04269,Sugarcane,211.56,76.41,17832.26,427.82,765.3334114285715,204.7788,213.91,1337.4194999999997,2521.4417114285716
FARM-04270,Maize,195.93,64.16,4816.88,330.31,708.7907700000001,171.9488,165.155,361.266,1407.1605700000002
FARM-04271,Rice,136.84,79.79,11547.6,569.6,495.0284742857143,213.83720000000002,284.8,866.07,1859.7356742857146
FARM-04272,Sugarcane,211.76,390.6029056452692,,662.61,766.0569257142857,1046.8157871293215,331.305,,
FARM-04273,Cotton,152.58,57.22,6813.32,365.74,551.9690485714286,153.3496,182.87,510.99899999999997,1399.1876485714286
FARM-04274,Rice,133.44,75.99,8583.45,403.44,482.72873142857145,203.6532,201.72,643.7587500000001,1531.8606814285715
FARM-04275,Cotton,133.56,56.72,7217.84,424.36,483.1628400000001,152.0096,212.18,541.338,1388.69044
FARM-04276,Maize,167.06,63.07,4484.33,266.81,604.3514828571429,169.0276,133.405,336.32475,1243.1088328571427
FARM-04277,Soybean,56.18,45.02,3418.5,196.92,203.23516285714285,120.65360000000001,98.46,256.3875,678.7362628571428
FARM-04278,Cotton,158.84,50.38,7400.13,312.05,574.6150457142858,135.0184,156.025,555.0097499999999,1420.6681957142857
FARM-04279,Cotton,128.19,80.61,7856.48,441.42,463.73648142857144,216.03480000000002,220.71,589.236,1489.7172814285714
FARM-04280,Soybean,44.04,56.37,4086.73,239.2,159.31784571428574,151.0716,119.6,306.50475,736.4941957142858
FARM-04281,Rice,143.66,75.44,9479.0,303.92,519.7003114285715,202.1792,151.96,710.925,1584.7645114285715
FARM-04282,Soybean,39.84,44.45,3565.62,127.19,144.12404571428573,119.12600000000002,63.595,267.4215,594.2665457142857
FARM-04283,Wheat,136.9,40.83,4570.59,181.82,495.2455285714286,109.4244,90.91,342.79425,1038.3741785714285
FARM-04284,Sugarcane,215.93,123.64,16462.37,699.57,781.1421985714287,331.3552,349.785,1234.6777499999998,2696.9601485714284
FARM-04285,Wheat,142.92,53.81,3637.01,188.26,517.0233085714285,144.2108,94.13,272.77575,1028.1398585714287
FARM-04286,Sugarcane,192.47,107.22,16962.34,664.05,696.273972857143,287.3496,332.025,1272.1755,2587.8240728571427
FARM-04287,Wheat,130.5,57.73,4173.25,239.85,472.0930714285715,154.7164,119.925,312.99375,1059.7282214285715
FARM-04288,Maize,196.14,82.97,4206.47,384.21,709.55046,222.3596,192.105,315.48525,1439.50031
FARM-04289,Wheat,108.31,53.62,4057.63,177.32,391.8191614285714,143.7016,88.66,304.32225,928.5030114285714
FARM-04290,Cotton,144.36,70.1,7576.6,404.03,522.2326114285715,187.868,202.015,568.245,1480.3606114285715
FARM-04291,Cotton,165.34,61.34,6842.51,425.15,598.1292600000002,164.39120000000003,212.575,513.18825,1488.2837100000002
FARM-04292,Soybean,33.79,57.15,3656.68,289.8,122.23773857142858,153.162,144.9,274.251,694.5507385714286
FARM-04293,Wheat,146.72,65.65,4374.69,222.72,530.7700800000001,175.94200000000004,111.36,328.10175,1146.1738300000002
FARM-04294,Wheat,142.28,44.84,4785.55,217.0,514.708062857143,120.17120000000001,108.5,358.91625,1102.295512857143
FARM-04295,Rice,165.8,74.06,,471.04,599.793342857143,198.48080000000002,235.52,,
FARM-04296,Sugarcane,195.37,116.33,16187.54,495.44,706.76493,311.7644,247.72,1214.0655,2480.3148300000003
FARM-04297,Sugarcane,195.32,122.32,18246.55,617.74,706.5840514285715,327.8176,308.87,1368.4912499999998,2711.7629014285712
FARM-04298,Cotton,146.9,61.48,8082.56,372.48,531.4212428571429,164.7664,186.24,606.192,1488.619642857143
FARM-04299,Rice,134.11,235.06748018041264,9576.46,462.72,485.1525042857144,629.9808468835059,231.36,718.2344999999999,2064.7278511692202
FARM-04300,Maize,182.69,70.85,4998.19,285.79,660.8941242857143,189.878,142.895,374.86424999999997,1368.5313742857143
FARM-04301,Cotton,155.51,59.52,7151.8,293.5,562.5685328571428,159.51360000000003,146.75,536.385,1405.2171328571428
FARM-04302,Wheat,123.86,66.26,4283.27,200.7,448.0723971428572,177.57680000000002,100.35,321.24525,1047.2444471428573
FARM-04303,Rice,157.83,76.56,9868.3,1069.7797097908451,570.9612985714286,205.1808,534.8898548954226,740.1225,2051.154453466851
FARM-04304,Soybean,47.47,55.44,3973.34,230.54,171.72611571428573,148.57920000000001,115.27,298.0005,733.5758157142857
FARM-04305,Rice,129.02,82.78,10900.15,431.96,466.7390657142858,221.8504,215.98,817.5112499999999,1722.0807157142858
FARM-04306,Rice,152.02,78.58,9508.37,1275.4346979179008,549.9432085714286,210.5944,637.7173489589504,713.12775,2111.382707530379
FARM-04307,Sugarcane,231.68,100.71,17285.44,568.64,838.1189485714285,269.9028,284.32,1296.408,2688.7497485714284
FARM-04308,Rice,156.12,66.76,9672.28,354.58,564.7752514285714,178.91680000000002,177.29,725.421,1646.4030514285714
FARM-04309,Maize,187.58,82.63,4328.65,337.51,678.5840485714288,221.4484,168.755,324.64874999999995,1393.4361985714286
FARM-04310,Cotton,148.32,89.54,8197.67,585.0,536.5581942857142,239.96720000000002,292.5,614.82525,1683.8506442857142
FARM-04311,Maize,186.29,63.57,4711.63,346.3,673.9173814285714,170.3676,173.15,353.37225,1370.8072314285714
FARM-04312,Rice,147.39,84.17,11219.75,562.24,533.1938528571428,225.5756,281.12,841.4812499999999,1881.3707028571425
FARM-04313,Rice,165.71,72.07,10301.18,587.54,599.4677614285715,193.14759999999998,293.77,772.5885,1858.9738614285716
FARM-04314,Wheat,103.56,60.75,3104.89,178.97,374.6356971428572,162.81,89.485,232.86674999999997,859.7974471428572
FARM-04315,Soybean,51.45,59.65,3883.47,252.06,186.12405,159.862,126.03,291.26025,763.2763
FARM-04316,Rice,146.33,64.72,10205.33,476.55,529.3592271428572,173.4496,238.275,765.3997499999999,1706.483577142857
FARM-04317,Maize,156.05,66.05,4758.26,414.54,564.5220214285714,177.014,207.27,356.8695,1305.6755214285713
FARM-04318,Maize,206.67,69.44,5346.68,306.75,747.6434871428571,186.0992,153.375,401.00100000000003,1488.118687142857
FARM-04319,Soybean,31.13,65.04,4634.57,235.96,112.61499857142859,174.30720000000002,117.98,347.59274999999997,752.4949485714286
FARM-04320,Soybean,47.72,68.09,13121.13247912351,203.76,172.63050857142858,182.48120000000003,101.88,984.0849359342632,1441.0766445056918
FARM-04321,Wheat,120.83,44.64,4100.44,153.0,437.11115571428576,119.63520000000001,76.5,307.53299999999996,940.7793557142857
FARM-04322,Soybean,,40.88,4253.25,233.23,,109.55840000000002,116.615,318.99375,
FARM-04323,Rice,163.09,86.67,9896.38,324.01,589.9897242857144,232.27560000000003,162.005,742.2284999999999,1726.4988242857144
FARM-04324,Soybean,56.72,33.26,3964.92,393.0666735330556,205.18865142857146,89.1368,196.5333367665278,297.36899999999997,788.2277881950993
FARM-04325,Cotton,144.76,78.09,7422.77,569.24,523.6796400000001,209.2812,284.62,556.70775,1574.28859
FARM-04326,Wheat,127.88,64.96,4532.62,206.36,462.6150342857143,174.09279999999998,103.18,339.94649999999996,1079.8343342857142
FARM-04327,Cotton,143.34,75.02,7633.97,256.58,518.5426885714287,201.0536,128.29,572.54775,1420.4340385714286
FARM-04328,Cotton,142.7,62.35,7328.62,387.62,516.2274428571428,167.098,193.81,549.6465,1426.781942857143
FARM-04329,Soybean,39.04,50.47,4184.27,174.92,141.22998857142858,135.2596,87.46,313.82025000000004,677.7698385714286
FARM-04330,Maize,175.63,65.08,5602.06,329.59,635.3540700000001,174.4144,164.795,420.15450000000004,1394.7179700000002
FARM-04331,Sugarcane,223.89,102.83,18389.64,498.36,809.9380671428572,275.5844,249.18,1379.223,2713.925467142857
FARM-04332,Rice,144.52,82.14,,523.52,522.8114228571429,220.13520000000003,261.76,,
FARM-04333,Cotton,,73.04,8525.82,318.71,,195.74720000000002,159.355,639.4364999999999,
FARM-04334,Rice,178.73,457.2028950597813,10471.19,707.67,646.5685414285715,1225.3037587602141,353.835,785.33925,3011.0465501887857
FARM-04335,Sugarcane,196.34,106.33,17415.57,551.78,710.2739742857143,284.9644,275.89,1306.1677499999998,2577.2961242857145
FARM-04336,Cotton,153.44,73.9,8175.17,354.73,555.0801600000001,198.05200000000002,177.365,613.13775,1543.6349100000002
FARM-04337,Cotton,144.67,72.17,8450.99,371.8,523.3540585714286,193.4156,185.9,633.82425,1536.4939085714286
FARM-04338,Cotton,142.33,55.05,6627.13,330.0,514.8889414285715,147.534,165.0,497.03475,1324.4576914285715
FARM-04339,Rice,155.91,94.12,9972.19,677.99,564.0155614285713,252.24160000000003,338.995,747.91425,1903.1664114285716
FARM-04340,Rice,160.29,66.34,11340.87,369.95,579.8605242857143,177.79120000000003,184.975,850.56525,1793.1919742857144
FARM-04341,Maize,168.49,101.53,4559.86,374.66,609.52461,272.10040000000004,187.33,341.98949999999996,1410.94451
FARM-04342,Maize,181.21,83.7,4328.39,400.78,655.5401185714286,224.31600000000003,200.39,324.62925,1404.8753685714287
FARM-04343,Rice,154.97,81.02,8893.67,498.32,560.6150442857144,217.1336,249.16,667.02525,1693.9338942857144
FARM-04344,Cotton,165.41,48.93,7019.03,227.2,598.38249,131.13240000000002,113.6,526.42725,1369.54214
FARM-04345,Wheat,119.35,60.47,3758.28,232.59,431.75715,162.05960000000002,116.295,281.871,991.98275
FARM-04346,Sugarcane,238.61,88.11,17315.2,408.63,863.1887185714286,236.1348,204.315,1298.64,2602.278518571429
FARM-04347,Wheat,128.0,46.06,3171.74,214.83,463.0491428571429,123.44080000000001,107.415,237.88049999999998,931.7854428571428
FARM-04348,Soybean,33.88,46.94,4408.35,219.54,122.56332000000002,125.7992,109.77,330.62625,688.75877
FARM-04349,Rice,138.26,285.4050408176407,10644.1,415.9,500.1654257142857,764.8855093912772,207.95,798.3075,2271.308435105563
FARM-04350,Rice,138.05,81.77,9556.83,413.75,499.40573571428575,219.1436,206.875,716.76225,1642.1865857142857
FARM-04351,Wheat,111.52,64.58,4245.18,273.47,403.43156571428574,173.0744,136.735,318.3885,1031.6294657142857
FARM-04352,Maize,193.45,61.4,4457.82,322.1,699.8191928571428,164.552,161.05,334.33649999999994,1359.7576928571427
FARM-04353,Soybean,,65.33,3054.96,270.12,,175.08440000000002,135.06,229.12199999999999,
FARM-04354,Cotton,177.81,64.92,7955.36,348.43,643.2403757142858,173.9856,174.215,596.6519999999999,1588.0929757142858
FARM-04355,Wheat,121.46,46.29,4245.43,189.69,439.39022571428575,124.05720000000001,94.845,318.40725000000003,976.6996757142858
FARM-04356,Rice,129.36,85.59,11631.08,404.1,467.9690400000001,229.38120000000004,202.05,872.331,1771.73124
FARM-04357,Rice,146.13,67.27,10129.53,424.84,528.635712857143,180.2836,212.42,759.71475,1681.054062857143
FARM-04358,Cotton,142.06,47.0,8330.18,295.64,513.9121971428572,125.96000000000001,147.82,624.7635,1412.4556971428572
FARM-04359,Rice,163.54,64.92,8787.08,397.16,591.6176314285714,173.9856,198.58,659.031,1623.2142314285713
FARM-04360,Sugarcane,229.52,82.31,18513.3,456.05,830.3049942857144,220.59080000000003,228.025,1388.4975,2667.418294285714
FARM-04361,Rice,157.43,65.94,10656.38,395.2,569.51427,176.7192,197.6,799.2284999999999,1743.06197
FARM-04362,Soybean,39.65,58.28,4436.83,179.85,143.43670714285716,156.1904,89.925,332.76225,722.3143571428573
FARM-04363,Sugarcane,218.97,90.41,17787.63,457.26,792.1396157142858,242.2988,228.63,1334.07225,2597.140665714286
FARM-04364,Maize,187.35,58.31,4399.29,287.77,677.7520071428571,156.2708,143.885,329.94675,1307.8545571428572
FARM-04365,Wheat,130.03,64.82,4459.78,174.76,470.39281285714287,173.7176,87.38,334.4835,1065.9739128571427
FARM-04366,Rice,150.03,67.26,9910.92,395.33,542.7442414285715,180.25680000000003,197.665,743.319,1663.9850414285715
FARM-04367,Maize,171.3,73.49,4754.6,232.63,619.6899857142857,196.9532,116.315,356.595,1289.5531857142857
FARM-04368,Soybean,55.7,69.62,3171.08,265.47,201.49872857142861,186.58160000000004,132.735,237.831,758.6463285714286
FARM-04369,Sugarcane,199.47,90.6,17474.68,577.87,721.5969728571429,242.808,288.935,1310.6009999999999,2563.9409728571427
FARM-04370,Wheat,125.9,45.93,3705.35,164.95,455.45224285714295,123.09240000000001,82.475,277.90125,938.920892857143
FARM-04371,Sugarcane,231.58,84.24,18669.8,501.19,837.7571914285716,225.7632,250.595,1400.235,2714.3503914285716
FARM-04372,Maize,202.16,63.71,5104.3,241.75,731.32824,170.74280000000002,120.875,382.8225,1405.76854
FARM-04373,Rice,148.11,86.19,9914.71,572.99,535.7985042857144,230.9892,286.495,743.6032499999999,1796.8859542857142
FARM-04374,Sugarcane,211.77,103.36,18703.08,528.68,766.0931014285716,277.0048,264.34,1402.731,2710.168901428571
FARM-04375,Rice,139.29,60.72,8906.85,375.02,503.89152428571424,162.7296,187.51,668.01375,1522.1448742857142
FARM-04376,Cotton,173.1,77.9,8210.53,441.55,626.2016142857144,208.77200000000002,220.775,615.78975,1671.5383642857146
FARM-04377,Maize,190.13,76.17,5640.49,320.34,687.8088557142858,204.1356,160.17,423.03675,1475.1512057142859
FARM-04378,Rice,148.4,78.32,8680.85,400.91,536.8476,209.89759999999998,200.455,651.06375,1598.26395
FARM-04379,Sugarcane,212.87,94.86,15926.08,499.3,770.0724300000002,254.22480000000002,249.65,1194.456,2468.40323
FARM-04380,Maize,178.77,74.07,5017.28,244.2,646.7132442857144,198.5076,122.1,376.296,1343.6168442857145
FARM-04381,Maize,208.94,53.49,4237.38,207.5,755.8553742857143,143.35320000000002,103.75,317.8035,1320.7620742857143
FARM-04382,Wheat,124.37,69.41,3887.75,207.76,449.9173585714286,186.0188,103.88,291.58125,1031.3974085714287
FARM-04383,Cotton,158.75,70.71,6958.98,392.41,574.2894642857143,189.5028,196.205,521.9235,1481.9207642857143
FARM-04384,Rice,161.22,83.54,9755.83,383.71,583.2248657142857,223.88720000000004,191.855,731.68725,1730.6543157142855
FARM-04385,Rice,159.78,67.8,9663.88,369.39,578.0155628571429,181.704,184.695,724.7909999999999,1669.2055628571427
FARM-04386,Soybean,51.03,63.7,4198.18,206.29,184.60467,170.716,103.145,314.8635,773.32917
FARM-04387,Sugarcane,207.87,103.43,17896.53,567.02,751.9845728571429,277.1924,283.51,1342.23975,2654.926722857143
FARM-04388,Maize,199.56,58.26,5094.92,309.04,721.9225542857143,156.1368,154.52,382.11899999999997,1414.6983542857142
FARM-04389,Cotton,141.27,51.64,6844.34,266.1,511.05431571428574,138.39520000000002,133.05,513.3255,1295.8250157142857
FARM-04390,Wheat,123.1,52.31,3712.95,214.17,445.3230428571428,140.19080000000002,107.085,278.47125,971.070092857143
FARM-04391,Rice,145.84,76.59,10944.73,385.61,527.5866171428571,205.26120000000003,192.805,820.85475,1746.5075671428572
FARM-04392,Soybean,54.06,77.09,3894.73,286.31,195.56591142857144,206.60120000000003,143.155,292.10474999999997,837.4268614285714
FARM-04393,Sugarcane,237.37,102.21,17725.85,556.64,858.7029300000002,273.9228,278.32,1329.4387499999998,2740.3844799999997
FARM-04394,Maize,180.84,70.17,4715.94,304.88,654.2016171428572,188.05560000000003,152.44,353.6955,1348.3927171428572
FARM-04395,Rice,152.87,114.25,10177.37,586.24,553.0181442857142,306.19,293.12,763.3027500000001,1915.6308942857142
FARM-04396,Soybean,38.65,54.55,3553.71,,139.81913571428572,146.194,,266.52825,
FARM-04397,Sugarcane,197.58,77.25,18595.81,458.76,714.759762857143,207.03,229.38,1394.68575,2545.855512857143
FARM-04398,Sugarcane,214.6,114.75,16638.43,477.58,776.3308285714286,307.53000000000003,238.79,1247.8822499999999,2570.5330785714286
FARM-04399,Soybean,36.36,59.66,4312.89,241.45,131.53489714285715,159.8888,120.725,323.46675,735.6154471428572
FARM-04400,Rice,124.71,96.71,10850.07,361.62,451.1473328571428,259.1828,180.81,813.7552499999999,1704.8953828571427
FARM-04401,Rice,146.78,77.22,9464.47,567.74,530.9871342857143,206.9496,283.87,709.83525,1731.6419842857144
FARM-04402,Cotton,158.99,86.74,7870.66,478.76,575.1576814285715,232.4632,239.38,590.2995,1637.3003814285717
FARM-04403,Cotton,158.13,80.88,7562.29,408.99,572.04657,216.7584,204.495,567.17175,1560.47172
FARM-04404,Cotton,167.75,55.97,7552.95,355.47,606.8476071428572,149.99960000000002,177.735,566.4712499999999,1501.053457142857
FARM-04405,Rice,163.93,73.83,9526.64,451.47,593.0284842857144,197.86440000000002,225.735,714.4979999999999,1731.1258842857144
FARM-04406,Wheat,137.71,55.5,3951.87,161.45,498.1757614285715,148.74,80.725,296.39025,1024.0310114285714
FARM-04407,Wheat,125.74,73.74,4107.65,329.36,454.87343142857145,197.6232,164.68,308.07374999999996,1125.2503814285715
FARM-04408,Soybean,40.83,69.92,3836.76,213.75,147.70544142857142,187.3856,106.875,287.757,729.7230414285714
FARM-04409,Soybean,49.35,58.28,4681.37,249.43,178.52715,156.1904,124.715,351.10274999999996,810.5353
FARM-04410,Maize,182.23,80.88,5502.28,366.73,659.2300414285714,216.7584,183.365,412.671,1472.0244414285714
FARM-04411,Soybean,45.18,51.16,4162.08,238.13,163.44187714285715,137.1088,119.065,312.156,731.7716771428571
FARM-04412,Rice,171.35,77.34,9691.59,358.41,619.8708642857142,207.27120000000002,179.205,726.86925,1733.2163142857144
FARM-04413,Maize,189.06,61.28,5602.77,317.78,683.9380542857143,164.2304,158.89,420.20775000000003,1427.2662042857144
FARM-04414,Soybean,34.88,57.84,3158.86,237.93,126.18089142857146,155.01120000000003,118.965,236.9145,637.0715914285714
FARM-04415,Rice,140.57,81.61,9404.92,363.08,508.52201571428577,218.71480000000003,181.54,705.369,1614.1458157142856
FARM-04416,Cotton,150.06,59.67,7381.56,317.82,542.8527685714287,159.9156,158.91,553.617,1415.2953685714288
FARM-04417,Soybean,41.68,41.88,3449.05,242.75,150.78037714285716,112.23840000000001,121.375,258.67875,643.0725271428571
FARM-04418,Wheat,125.14,37.36,3604.96,168.02,452.7028885714286,100.12480000000001,84.01,270.372,907.2096885714286
FARM-04419,Rice,168.57,84.01,9249.59,412.46,609.8140157142857,225.1468,206.23,693.71925,1734.9100657142858
FARM-04420,Rice,162.36,78.13,9257.51,499.68,587.3488971428573,209.3884,249.84,694.31325,1740.890547142857
FARM-04421,Soybean,40.93,55.96,3750.35,189.58,148.06719857142858,149.9728,94.79,281.27625,674.1062485714285
FARM-04422,Soybean,39.0,56.75,4086.29,198.21,141.08528571428573,152.09,99.105,306.47175,698.7520357142857
FARM-04423,Sugarcane,226.68,103.02,15995.2,513.83,820.0310914285715,276.0936,256.915,1199.64,2552.6796914285715
FARM-04424,Wheat,122.95,59.58,4196.58,230.88,444.78040714285714,159.6744,115.44,314.7435,1034.6383071428572
FARM-04425,Soybean,49.03,61.68,3869.66,351.47,177.36952714285718,165.3024,175.735,290.2245,808.6314271428571
FARM-04426,Cotton,141.97,60.79,8128.96,311.09,513.5866157142857,162.9172,155.545,609.672,1441.7208157142857
FARM-04427,Wheat,120.4,58.5,3717.59,198.85,435.5556000000001,156.78,99.425,278.81925,970.5798500000001
FARM-04428,Rice,147.3,90.89,9568.86,507.63,532.8682714285715,243.58520000000001,253.815,717.6645,1747.9329714285714
FARM-04429,Rice,143.91,72.2,9316.43,303.73,520.6047042857142,193.496,151.865,698.73225,1564.6979542857143
FARM-04430,Sugarcane,194.83,74.79,17472.6,553.87,704.8114414285715,200.43720000000002,276.935,1310.445,2492.6286414285714
FARM-04431,Wheat,350.1981418180616,45.87,4197.34,253.56,1266.8667921798249,122.9316,126.78,314.8005,1831.378892179825
FARM-04432,Wheat,113.98,77.09,4028.99,260.94,412.3307914285715,206.60120000000003,130.47,302.17425,1051.5762414285716
FARM-04433,Soybean,50.75,65.49,3933.95,250.31,183.59175,175.51319999999998,125.155,295.04625,779.3062
FARM-04434,Soybean,56.85,64.26,4161.3,280.5,205.65893571428575,172.21680000000003,140.25,312.0975,830.2232357142859
FARM-04435,Rice,,91.26,10768.8,489.26,,244.57680000000002,244.63,807.66,
FARM-04436,Soybean,37.04,68.91,4062.93,308.77,133.9948457142857,184.6788,154.385,304.71975,777.7783957142857
FARM-04437,Cotton,174.47,65.31,8918.0,348.77,631.1576871428572,175.03080000000003,174.385,668.85,1649.423487142857
FARM-04438,Sugarcane,227.73,104.87,17610.15,604.92,823.8295414285715,281.0516,302.46,1320.76125,2728.1023914285715
FARM-04439,Sugarcane,225.21,113.96,18246.92,721.59,814.7132614285715,305.4128,360.795,1368.5189999999998,2849.4400614285714
FARM-04440,Sugarcane,232.77,118.81,18490.63,548.88,842.0621014285715,318.41080000000005,274.44,1386.79725,2821.7101514285714
FARM-04441,Rice,144.83,68.59,11681.41,434.83,523.9328700000001,183.82120000000003,217.415,876.10575,1801.27482
FARM-04442,Sugarcane,205.61,101.33,18715.46,547.75,743.8088614285715,271.56440000000003,273.875,1403.6595,2692.9077614285716
FARM-04443,Soybean,43.84,56.99,,241.9,158.59433142857145,152.7332,120.95,,
FARM-04444,Cotton,160.54,64.27,7020.31,345.35,580.7649171428571,172.2436,172.675,526.52325,1452.2067671428572
FARM-04445,Soybean,39.28,52.54,3456.31,195.2,142.09820571428574,140.8072,97.6,259.22325,639.7286557142858
FARM-04446,Cotton,136.17,92.57,8247.24,486.53,492.6047014285714,248.0876,243.265,618.543,1602.5003014285714
FARM-04447,Soybean,49.21,60.07,4132.63,263.93,178.02069000000003,160.98760000000001,131.965,309.94725,780.9205400000001
FARM-04448,Soybean,45.64,52.19,,202.27,165.10596,139.8692,101.135,,
FARM-04449,Soybean,41.97,35.2,4791.87,,151.82947285714286,94.33600000000001,,359.39025,
FARM-04450,Sugarcane,225.62,92.48,17603.71,574.65,816.1964657142858,247.84640000000002,287.325,1320.2782499999998,2671.6461157142858
FARM-04451,Wheat,119.58,61.93,3853.68,242.23,432.58919142857144,165.97240000000002,121.115,289.02599999999995,1008.7025914285714
FARM-04452,Sugarcane,205.21,86.22,16164.25,443.9,742.3618328571429,231.0696,221.95,1212.31875,2407.700182857143
FARM-04453,Maize,180.41,,5361.1,231.23,652.6460614285716,,115.615,402.08250000000004,
FARM-04454,Rice,146.63,102.46,9008.86,464.31,530.4444985714285,274.5928,232.155,675.6645,1712.8567985714285
FARM-04455,Cotton,148.26,59.76,8038.14,228.71,536.34114,160.1568,114.355,602.8605,1413.71344
FARM-04456,Sugarcane,194.71,106.32,18460.98,593.55,704.377332857143,284.9376,296.775,1384.5735,2670.6634328571427
FARM-04457,Rice,137.65,66.2,9476.72,353.51,497.9587071428572,177.41600000000003,176.755,710.7539999999999,1562.883707142857
FARM-04458,Cotton,141.76,77.41,6948.9,405.22,512.8269257142857,207.4588,202.61,521.1674999999999,1444.0632257142856
FARM-04459,Wheat,116.19,62.66,4352.41,181.57,420.3256242857143,167.9288,90.785,326.43075,1005.4701742857143
FARM-04460,Soybean,41.65,47.65,4210.92,269.93,150.67185,127.702,134.965,315.819,729.15785
FARM-04461,Soybean,49.33,43.44,,241.27,178.45479857142857,116.4192,120.635,,
FARM-04462,Maize,206.42,79.47,4516.96,270.86,746.7390942857143,212.9796,135.43,338.772,1433.9206942857143
FARM-04463,Maize,186.9,55.94,5254.89,215.06,676.1241,149.9192,107.53,394.11675,1327.6900500000002
FARM-04464,Soybean,41.25,64.9,3182.38,281.61,149.22482142857143,173.93200000000002,140.805,238.67849999999999,702.6403214285715
FARM-04465,Cotton,147.36,54.98,7761.4,307.95,533.0853257142858,147.3464,153.975,582.1049999999999,1416.5117257142856
FARM-04466,Rice,149.86,100.2,9882.24,452.84,542.1292542857143,268.536,226.42,741.168,1778.2532542857143
FARM-04467,Rice,136.66,66.23,34078.75262035653,459.89,494.37731142857143,177.49640000000002,229.945,2555.9064465267397,3457.7251579553113
FARM-04468,Maize,172.92,65.81,5471.08,305.34,625.5504514285715,176.3708,152.67,410.33099999999996,1364.9222514285714
FARM-04469,Maize,196.13,72.8,4278.88,286.92,709.5142842857143,195.104,143.46,320.916,1368.9942842857142
FARM-04470,Rice,129.23,94.65,9301.61,535.63,467.4987557142857,253.66200000000003,267.815,697.62075,1686.5965057142857
FARM-04471,Soybean,44.71,58.54,4500.26,210.38,161.74161857142857,156.8872,105.19,337.5195,761.3383185714285
FARM-04472,Rice,152.22,61.57,11234.59,1420.5584525931586,550.666722857143,165.0076,710.2792262965793,842.59425,2268.5477991537223
FARM-04473,Rice,147.51,84.29,10005.76,419.25,533.6279614285716,225.89720000000003,209.625,750.432,1719.5821614285715
FARM-04474,Maize,181.17,64.81,5246.81,215.5,655.3954157142857,173.69080000000002,107.75,393.51075000000003,1330.346965714286
FARM-04475,Sugarcane,238.67,104.12,16754.09,578.23,863.4057728571429,279.0416,289.115,1256.55675,2688.119122857143
FARM-04476,Rice,145.26,61.47,10584.71,320.1,525.4884257142857,164.7396,160.05,793.8532499999999,1644.1312757142855
FARM-04477,Maize,,91.44,4989.35,346.35,,245.0592,173.175,374.20125,
FARM-04478,Rice,146.06,78.92,9626.47,468.37,528.3824828571429,211.50560000000002,234.185,721.98525,1696.058332857143
FARM-04479,Rice,135.75,56.75,10516.27,436.39,491.08532142857143,152.09,218.195,788.72025,1650.0905714285714
FARM-04480,Wheat,113.46,40.03,3896.01,140.35,410.44965428571436,107.28040000000001,70.175,292.20075,880.1058042857144
FARM-04481,Wheat,119.59,65.2,3817.93,232.5,432.62536714285716,174.73600000000002,116.25,286.34475,1009.9561171428571
FARM-04482,Cotton,160.44,59.94,8729.28,292.27,580.4031600000001,160.63920000000002,146.135,654.696,1541.87336
FARM-04483,Rice,150.14,75.22,8908.99,359.67,543.1421742857142,201.58960000000002,179.835,668.1742499999999,1592.741024285714
FARM-04484,Maize,167.42,57.56,14073.663393727997,181.68,605.6538085714286,154.26080000000002,90.84,1055.5247545295997,1906.2793631010284
FARM-04485,Wheat,139.81,60.01,3273.26,213.37,505.7726614285715,160.8268,106.685,245.49450000000002,1018.7789614285714
FARM-04486,Maize,166.52,84.26,5425.17,414.03,602.3979942857144,225.81680000000003,207.015,406.88775,1442.1175442857143
FARM-04487,Rice,163.27,65.27,10141.33,393.35,590.6408871428573,174.9236,196.675,760.59975,1722.8392371428572
FARM-04488,Wheat,115.49,,4010.49,263.7,417.7933242857143,,131.85,300.78675,
FARM-04489,Soybean,48.29,57.04,4750.3,270.51,174.69252428571428,152.8672,135.255,356.2725,819.0872242857142
FARM-04490,Wheat,142.61,64.77,3960.54,259.43,515.9018614285716,173.5836,129.715,297.0405,1116.2409614285716
FARM-04491,Soybean,33.96,66.22,3863.7,262.64,122.85272571428573,177.4696,131.32,289.7775,721.4198257142857
FARM-04492,Maize,198.12,62.9,5251.2,273.22,716.7132514285715,168.572,136.61,393.84,1415.7352514285715
FARM-04493,Wheat,103.05,74.12,3858.63,288.56,372.7907357142857,198.6416,144.28,289.39725,1005.1095857142857
FARM-04494,Cotton,155.02,57.26,7420.64,354.52,560.7959228571428,153.45680000000002,177.26,556.548,1448.060722857143
FARM-04495,Maize,201.52,64.98,4925.9,,729.0129942857143,174.14640000000003,,369.44249999999994,
FARM-04496,Cotton,148.2,56.36,7086.49,321.14,536.1240857142857,151.0448,160.57,531.4867499999999,1379.2256357142855
FARM-04497,Wheat,130.19,50.95,4140.16,153.19,470.97162428571426,136.54600000000002,76.595,310.512,994.6246242857144
FARM-04498,Cotton,156.14,69.45,7403.34,447.06,564.8476028571429,186.126,223.53,555.2505,1529.7541028571427
FARM-04499,Wheat,133.52,37.78,3050.79,195.03,483.0181371428572,101.25040000000001,97.515,228.80925,910.5927871428572
FARM-04500,Rice,163.22,81.09,9663.08,590.12,590.4600085714287,217.32120000000003,295.06,724.731,1827.5722085714287
FARM-04501,Wheat,113.6,50.47,4224.52,208.05,410.9561142857143,135.2596,104.025,316.839,967.0797142857143
FARM-04502,Maize,155.82,56.81,4656.63,204.41,563.68998,152.25080000000003,102.205,349.24725,1167.3930300000002
FARM-04503,Rice,138.57,85.19,9539.61,466.14,501.28687285714284,228.3092,233.07,715.4707500000001,1678.1368228571428
FARM-04504,Soybean,55.81,57.7,4047.04,211.86,201.89666142857143,154.63600000000002,105.93,303.52799999999996,765.9906614285715
FARM-04505,Maize,164.33,56.49,4715.44,253.56,594.4755128571429,151.3932,126.78,353.65799999999996,1226.3067128571429
FARM-04506,Maize,,61.6,5705.5,424.82,,165.08800000000002,212.41,427.91249999999997,
FARM-04507,Soybean,51.25,69.97,3807.24,270.77,185.4005357142857,187.5196,135.385,285.54299999999995,793.8481357142857
FARM-04508,Cotton,132.07,48.29,8409.23,313.97,477.77265857142856,129.4172,156.985,630.69225,1394.8671085714286
FARM-04509,Soybean,47.54,44.22,4625.21,230.68,171.97934571428573,118.5096,115.34,346.89074999999997,752.7196957142858
FARM-04510,Soybean,34.6,40.35,3407.97,252.89,125.16797142857143,108.138,126.445,255.59774999999996,615.3487214285715
FARM-04511,Maize,199.19,68.06,4544.5,334.92,720.584052857143,182.4008,167.46,340.8375,1411.282352857143
FARM-04512,Cotton,136.29,93.98,7466.27,487.35,493.03881,251.86640000000003,243.675,559.97025,1548.55046
FARM-04513,Cotton,163.28,57.44,7728.91,244.35,590.6770628571428,153.9392,122.175,579.66825,1446.4595128571427
FARM-04514,Rice,142.93,85.01,11251.69,449.93,517.0594842857145,227.82680000000002,224.965,843.87675,1813.7280342857146
FARM-04515,Maize,181.59,75.07,4496.07,429.92,656.9147957142858,201.1876,214.96,337.20525,1410.2676457142857
FARM-04516,Soybean,33.14,52.94,3312.73,220.5,119.88631714285714,141.8792,110.25,248.45475,620.4702671428571
FARM-04517,Sugarcane,238.14,106.31,17188.2,613.08,861.48846,284.9108,306.54,1289.115,2742.05426
FARM-04518,Sugarcane,216.52,123.75,17218.3,648.58,783.2765657142859,331.65000000000003,324.29,1291.3725,2730.589065714286
FARM-04519,Wheat,121.82,50.99,3814.73,237.88,440.6925514285714,136.65320000000003,118.94,286.10474999999997,982.3905014285715
FARM-04520,Maize,175.5,59.56,4823.32,281.97,634.8837857142858,159.6208,140.985,361.74899999999997,1297.2385857142858
FARM-04521,Sugarcane,203.46,139.16,16999.99,705.93,736.031082857143,372.9488,352.965,1274.99925,2736.944132857143
FARM-04522,Wheat,120.08,66.8,3741.8,286.38,434.3979771428572,179.024,143.19,280.635,1037.2469771428573
FARM-04523,Maize,160.98,95.43,5479.61,312.0,582.3566485714285,255.75240000000002,156.0,410.97074999999995,1405.0797985714285
FARM-04524,Soybean,47.24,69.12,4716.81,204.34,170.8940742857143,185.24160000000003,102.17,353.76075000000003,812.0664242857144
FARM-04525,Maize,197.04,66.63,15092.908845606864,238.06,712.8062742857144,178.5684,119.03,1131.9681634205147,2142.372837706229
FARM-04526,Sugarcane,237.02,81.82,19235.72,531.32,857.43678,219.2776,265.66,1442.679,2785.0533800000003
FARM-04527,Wheat,115.16,75.18,3835.94,320.67,416.59952571428573,201.48240000000004,160.335,287.6955,1066.1124257142858
FARM-04528,Cotton,151.95,68.44,7205.22,466.09,549.6899785714286,183.41920000000002,233.045,540.3915,1506.5456785714287
FARM-04529,Cotton,158.52,88.51,6437.48,410.06,573.4574228571429,237.20680000000002,205.03,482.8109999999999,1498.5052228571428
FARM-04530,Soybean,44.19,60.69,4067.98,204.93,159.86048142857146,162.6492,102.465,305.0985,730.0731814285714
FARM-04531,Sugarcane,192.5,90.42,17468.21,575.14,696.3824999999999,242.3256,287.57,1310.11575,2536.39385
FARM-04532,Wheat,128.41,51.2,4828.51,155.96,464.5323471428572,137.216,77.98,362.13825,1041.8665971428572
FARM-04533,Cotton,,75.03,6624.4,338.76,,201.08040000000003,169.38,496.8299999999999,
FARM-04534,Maize,185.41,96.86,5008.44,362.74,670.7339185714286,259.58480000000003,181.37,375.633,1487.3217185714286
FARM-04535,Maize,177.29,64.52,4801.55,354.8,641.3592385714286,172.9136,177.4,360.11625,1351.7890885714285
FARM-04536,Rice,156.22,83.74,8460.72,411.3,565.1370085714286,224.4232,205.65,634.554,1629.7642085714285
FARM-04537,Cotton,165.01,59.94,8214.77,379.84,596.9354614285714,160.63920000000002,189.92,616.10775,1563.6024114285715
FARM-04538,Soybean,44.38,60.53,4607.0,253.64,160.54782000000003,162.2204,126.82,345.525,795.11322
FARM-04539,Sugarcane,192.96,94.37,18418.96,494.89,698.046582857143,252.91160000000002,247.445,1381.4219999999998,2579.825182857143
FARM-04540,Rice,144.97,89.09,9536.28,483.01,524.4393299999999,238.76120000000003,241.505,715.221,1719.92653
FARM-04541,Soybean,45.43,71.95,3761.2,219.57,164.34627,192.82600000000002,109.785,282.09,749.04727
FARM-04542,Wheat,113.96,45.75,3443.36,,412.25844000000006,122.61000000000001,,258.252,
FARM-04543,Soybean,49.99,59.81,4357.04,230.55,180.84239571428577,160.29080000000002,115.275,326.77799999999996,783.1861957142858
FARM-04544,Rice,135.29,80.8,9654.96,546.47,489.42123857142855,216.544,273.235,724.122,1703.3222385714284
FARM-04545,Rice,174.73,77.3,10101.57,432.09,632.0982557142858,207.16400000000002,216.045,757.61775,1812.9250057142858
FARM-04546,Soybean,44.87,58.24,4360.03,252.04,162.32043,156.0832,126.02,327.00224999999995,771.42588
FARM-04547,Sugarcane,200.08,127.58,17725.0,680.39,723.8036914285715,341.9144,340.195,1329.375,2735.2880914285715
FARM-04548,Rice,144.06,75.35,9182.56,424.78,521.14734,201.938,212.39,688.6919999999999,1624.16734
FARM-04549,Rice,149.05,75.1,9390.54,469.12,539.1990214285715,201.268,234.56,704.2905000000001,1679.3175214285716
FARM-04550,Cotton,127.4,73.91,7199.1,418.29,460.8786000000001,198.0788,209.145,539.9325,1408.0349
FARM-04551,Wheat,134.67,73.69,4577.83,262.9,487.1783442857143,197.4892,131.45,343.33725,1159.4547942857143
FARM-04552,Wheat,131.19,64.68,3596.74,219.07,474.5891957142858,173.34240000000003,109.535,269.7555,1027.2220957142858
FARM-04553,Sugarcane,219.92,,17166.33,485.5,795.5763085714286,,242.75,1287.47475,
FARM-04554,Sugarcane,213.57,109.56,16491.91,667.81,772.60473,293.62080000000003,333.905,1236.8932499999999,2637.02378
FARM-04555,Wheat,116.45,53.03,3763.4,209.68,421.26619285714287,142.12040000000002,104.84,282.255,950.4815928571429
FARM-04556,Cotton,139.57,54.67,7661.63,,504.90444428571436,146.5156,,574.62225,
FARM-04557,Rice,129.5,74.8,10432.65,404.3,468.4755,200.464,202.15,782.4487499999999,1653.5382499999998
FARM-04558,Maize,193.8,56.93,4952.49,221.38,701.0853428571429,152.57240000000002,110.69,371.43674999999996,1335.784492857143
FARM-04559,Wheat,112.75,40.43,,151.88,407.8811785714286,108.3524,75.94,,
FARM-04560,Wheat,128.73,39.48,3552.62,188.62,465.68997,105.8064,94.31,266.44649999999996,932.25287
FARM-04561,Soybean,34.8,56.3,3629.0,203.09,125.89148571428572,150.88400000000001,101.545,272.175,650.4954857142858
FARM-04562,Wheat,113.53,49.76,4024.95,221.44,410.70288428571433,133.3568,110.72,301.87125,956.6509342857144
FARM-04563,Wheat,126.18,61.7,3759.22,248.56,456.4651628571429,165.35600000000002,124.28,281.94149999999996,1028.042662857143
FARM-04564,Cotton,144.36,76.28,7699.37,361.38,522.2326114285715,204.43040000000002,180.69,577.4527499999999,1484.8057614285715
FARM-04565,Soybean,49.86,47.02,4576.43,223.88,180.37211142857143,126.01360000000001,111.94,343.23225,761.5579614285714
FARM-04566,Maize,170.36,62.59,5705.08,281.01,616.2894685714286,167.74120000000002,140.505,427.881,1352.4166685714285
FARM-04567,Rice,140.94,68.58,10111.04,461.36,509.86051714285725,183.7944,230.68,758.3280000000001,1682.6629171428572
FARM-04568,Sugarcane,228.04,93.14,18467.43,2054.5853176325245,824.9509885714285,249.61520000000002,1027.2926588162622,1385.05725,3486.9160973876906
FARM-04569,Sugarcane,201.29,87.71,17874.72,392.18,728.180952857143,235.0628,196.09,1340.604,2499.937752857143
FARM-04570,Rice,164.05,57.89,9015.99,451.69,593.4625928571429,155.14520000000002,225.845,676.19925,1650.652042857143
FARM-04571,Maize,178.87,79.44,5294.18,369.18,647.0750014285716,212.8992,184.59,397.06350000000003,1441.6277014285715
FARM-04572,Rice,171.68,60.53,10613.33,421.03,621.0646628571429,162.2204,210.515,795.99975,1789.799812857143
FARM-04573,Maize,189.57,62.83,5030.53,342.44,685.7830157142857,168.3844,171.22,377.28974999999997,1402.6771657142856
FARM-04574,Maize,186.77,61.34,4736.61,276.86,675.6538157142858,164.39120000000003,138.43,355.24575,1333.7207657142858
FARM-04575,Wheat,122.19,49.77,4065.62,267.82,442.03105285714287,133.38360000000003,133.91,304.9215,1014.2461528571428
FARM-04576,Wheat,109.27,52.94,3730.71,252.02,395.29203,141.8792,126.01,279.80325,942.9844800000001
FARM-04577,Wheat,117.31,61.59,4565.37,202.45,424.37730428571433,165.0612,101.225,342.40274999999997,1033.0662542857144
FARM-04578,Cotton,154.08,73.95,7824.64,327.04,557.3954057142857,198.186,163.52,586.848,1505.9494057142856
FARM-04579,Maize,183.75,54.01,4299.27,325.62,664.7287500000001,144.7468,162.81,322.44525000000004,1294.7308
FARM-04580,Rice,141.05,70.24,9669.19,358.29,510.2584500000001,188.2432,179.145,725.18925,1602.8359
FARM-04581,Rice,155.44,90.06,9053.2,558.95,562.315302857143,241.3608,279.475,678.99,1762.141102857143
FARM-04582,Wheat,122.64,32.8,4751.35,155.7,443.65896,87.904,77.85,356.35125,965.76421
FARM-04583,Soybean,55.35,40.62,4299.15,268.56,200.23257857142858,108.8616,134.28,322.43625,765.8104285714286
FARM-04584,Maize,184.02,76.46,4975.76,378.73,665.7054942857144,204.9128,189.365,373.182,1433.1652942857145
FARM-04585,Maize,172.92,82.34,4951.76,280.04,625.5504514285715,220.67120000000003,140.02,371.382,1357.6236514285715
FARM-04586,Rice,169.74,82.72,9949.4,517.46,614.0465742857143,221.6896,258.73,746.2049999999999,1840.6711742857142
FARM-04587,Sugarcane,201.87,83.92,19082.03,502.3,730.2791442857143,224.90560000000002,251.15,1431.1522499999999,2637.486994285714
FARM-04588,Rice,162.83,71.81,10550.9,403.46,589.0491557142858,192.45080000000002,201.73,791.3175,1774.5474557142857
FARM-04589,Sugarcane,189.49,85.26,16085.25,539.1,685.49361,228.49680000000004,269.55,1206.39375,2389.93416
FARM-04590,Soybean,40.02,62.33,3869.72,225.13,144.7752085714286,167.0444,112.565,290.229,714.6136085714286
FARM-04591,Wheat,120.35,54.87,3931.67,211.88,435.37472142857143,147.0516,105.94,294.87525,983.2415714285714
FARM-04592,Soybean,52.7,49.62,3514.58,258.34,190.6460142857143,132.98160000000001,129.17,263.5935,716.3911142857144
FARM-04593,Rice,138.82,91.27,,378.23,502.1912657142857,244.6036,189.115,,
FARM-04594,Wheat,127.32,56.03,3802.22,260.63,460.58919428571426,150.1604,130.315,285.1665,1026.2310942857143
FARM-04595,Rice,145.83,78.92,10350.64,490.35,527.5504414285716,211.50560000000002,245.175,776.2979999999999,1760.5290414285714
FARM-04596,Soybean,36.73,60.99,4755.96,286.7,132.87339857142854,163.4532,143.35,356.697,796.3735985714286
FARM-04597,Wheat,137.78,51.73,3713.51,200.95,498.42899142857146,138.6364,100.475,278.51325,1016.0536414285716
FARM-04598,Rice,156.5,62.61,8769.78,406.0,566.1499285714287,167.7948,203.0,657.7335,1594.678228571429
FARM-04599,Sugarcane,218.75,113.98,17258.25,739.61,791.34375,305.4664,369.805,1294.3687499999999,2760.9839
FARM-04600,Sugarcane,221.69,88.07,16317.24,474.77,801.97941,236.0276,237.385,1223.793,2499.18501
FARM-04601,Maize,160.39,63.04,4678.68,320.38,580.2222814285715,168.9472,160.19,350.901,1260.2604814285717
FARM-04602,Cotton,151.24,70.43,7261.16,1628.359389935903,547.121502857143,188.75240000000002,814.1796949679515,544.587,2094.6405978250946
FARM-04603,Cotton,131.24,69.5,7196.64,418.29,474.7700742857143,186.26000000000002,209.145,539.748,1409.9230742857144
FARM-04604,Maize,160.65,90.78,4902.72,309.08,581.16285,243.2904,154.54,367.704,1346.69725
FARM-04605,Rice,135.04,228.7751820893633,9108.44,399.38,488.51684571428575,613.1174879994937,199.69,683.133,1984.4573337137797
FARM-04606,Sugarcane,181.31,104.19,18705.32,641.91,655.9018757142858,279.2292,320.955,1402.899,2658.985075714286
FARM-04607,Maize,184.49,56.78,4769.98,274.35,667.4057528571429,152.1704,137.175,357.7485,1314.4996528571428
FARM-04608,Rice,142.58,79.11,9947.17,435.55,515.7933342857143,212.0148,217.775,746.03775,1691.6208842857143
FARM-04609,Rice,159.75,73.82,10238.68,344.64,577.9070357142857,197.83759999999998,172.32,767.901,1715.9656357142858
FARM-04610,Sugarcane,234.1,71.3,17769.11,368.73,846.8734714285715,191.084,184.365,1332.68325,2555.0057214285716
FARM-04611,Rice,141.92,70.44,9603.86,473.12,513.4057371428571,188.7792,236.56,720.2895,1659.0344371428569
FARM-04612,Maize,170.71,81.2,5020.25,425.03,617.5556185714286,217.616,212.515,376.51875,1424.2053685714284
FARM-04613,Cotton,132.48,62.84,8306.65,296.36,479.2558628571428,168.4112,148.18,622.99875,1418.8458128571428
FARM-04614,Wheat,138.54,59.28,4131.52,222.0,501.1783457142858,158.87040000000002,111.0,309.86400000000003,1080.9127457142858
FARM-04615,Soybean,31.13,78.83,3329.37,235.11,112.61499857142859,211.2644,117.555,249.70274999999998,691.1371485714285
FARM-04616,Maize,202.06,103.65,4293.54,,730.9664828571429,277.78200000000004,,322.0155,
FARM-04617,Soybean,37.05,47.91,4165.07,275.76,134.03102142857142,128.3988,137.88,312.38025,712.6900714285714
FARM-04618,Maize,170.99,67.02,4955.3,279.66,618.5685385714287,179.6136,139.83,371.6475,1309.6596385714288
FARM-04619,Sugarcane,216.6,97.23,15594.86,505.8,783.5659714285714,260.57640000000004,252.9,1169.6145,2466.6568714285713
FARM-04620,Sugarcane,227.36,96.45,16009.21,546.1,822.4910400000001,258.48600000000005,273.05,1200.69075,2554.71779
FARM-04621,Sugarcane,214.33,138.1,18816.15,635.12,775.3540842857144,370.108,317.56,1411.21125,2874.2333342857146
FARM-04622,Sugarcane,234.3,105.82,18877.92,627.83,847.5969857142859,283.5976,313.915,1415.8439999999998,2860.9535857142855
FARM-04623,Sugarcane,191.34,88.32,16113.21,575.23,692.1861171428573,236.6976,287.615,1208.49075,2424.9894671428574
FARM-04624,Maize,183.86,57.51,5393.19,299.35,665.1266828571429,154.1268,149.675,404.48924999999997,1373.4177328571427
FARM-04625,Wheat,111.85,68.41,4062.69,303.25,404.62536428571434,183.3388,151.625,304.70175,1044.2909142857143
FARM-04626,Wheat,133.12,49.8,4141.86,186.53,481.5711085714287,133.464,93.265,310.63949999999994,1018.9396085714286
FARM-04627,Soybean,35.87,44.38,4336.0,177.34,129.76228714285713,118.93840000000002,88.67,325.2,662.5706871428572
FARM-04628,Rice,137.73,81.54,9745.24,518.92,498.2481128571428,218.52720000000002,259.46,730.8929999999999,1707.1283128571426
FARM-04629,Rice,153.37,,9690.85,446.79,554.8269300000001,,223.395,726.81375,
FARM-04630,Cotton,143.91,62.91,6435.75,416.56,520.6047042857142,168.5988,208.28,482.68125,1380.164754285714
FARM-04631,Sugarcane,218.34,101.35,16862.06,419.99,789.8605457142858,271.618,209.995,1264.6545,2536.1280457142857
FARM-04632,Maize,187.06,68.76,4407.12,300.92,676.7029114285715,184.27680000000004,150.46,330.534,1341.9737114285717
FARM-04633,Sugarcane,199.66,89.83,16687.17,525.69,722.2843114285715,240.7444,262.845,1251.5377499999997,2477.4114614285713
FARM-04634,Rice,152.66,94.56,9377.13,401.88,552.2584542857144,253.4208,200.94,703.2847499999999,1709.904004285714
FARM-04635,Soybean,50.1,47.25,4123.28,188.24,181.24032857142862,126.63000000000001,94.12,309.246,711.2363285714287
FARM-04636,Sugarcane,195.32,119.45,16444.04,805.07,706.5840514285715,320.12600000000003,402.535,1233.303,2662.548051428572
FARM-04637,Wheat,117.61,66.19,4473.2,235.7,425.4625757142857,177.38920000000002,117.85,335.48999999999995,1056.1917757142858
FARM-04638,Sugarcane,199.69,118.87,19061.65,566.28,722.3928385714286,318.57160000000005,283.14,1429.62375,2753.7281885714283
FARM-04639,Maize,195.55,75.48,4776.81,260.16,707.416092857143,202.28640000000001,130.08,358.26075000000003,1398.043242857143
FARM-04640,Rice,148.4,95.94,9771.01,496.31,536.8476,257.11920000000003,248.155,732.82575,1774.94755
FARM-04641,Soybean,46.55,68.26,4231.59,332.77,168.39794999999998,182.93680000000003,166.385,317.36925,835.0889999999999
FARM-04642,Rice,146.64,71.99,10063.6,425.85,530.4806742857143,192.9332,212.925,754.77,1691.1088742857141
FARM-04643,Rice,149.33,82.69,9771.97,498.87,540.2119414285715,221.60920000000002,249.435,732.89775,1744.1538914285716
FARM-04644,Soybean,45.5,53.16,4520.05,219.5,164.5995,142.4688,109.75,339.00375,755.82205
FARM-04645,Wheat,108.86,57.78,3919.26,270.01,393.8088257142857,154.8504,135.005,293.9445,977.6087257142858
FARM-04646,Cotton,170.85,52.28,7706.97,296.89,618.0620785714286,140.1104,148.445,578.02275,1484.6402285714285
FARM-04647,Sugarcane,238.2,85.59,17263.2,489.93,861.7055142857143,229.38120000000004,244.965,1294.74,2630.791714285714
FARM-04648,Maize,193.01,88.15,5936.67,380.57,698.2274614285714,236.24200000000002,190.285,445.25025,1570.0047114285715
FARM-04649,Rice,133.21,54.61,9988.09,380.24,481.89669000000004,146.3548,190.12,749.10675,1567.4782400000001
FARM-04650,Soybean,40.08,68.36,3902.75,232.23,144.9922628571429,183.2048,116.115,292.70625,737.018312857143
FARM-04651,Soybean,47.02,58.03,4086.09,233.2,170.0982085714286,155.52040000000002,116.6,306.45675,748.6753585714287
FARM-04652,Rice,140.21,90.21,9876.27,554.67,507.21969000000007,241.7628,277.335,740.72025,1767.0377400000002
FARM-04653,Sugarcane,217.95,71.88,18019.7,474.02,788.4496928571428,192.6384,237.01,1351.4775,2569.5755928571425
FARM-04654,Sugarcane,239.56,90.4,18452.73,479.2,866.6254114285715,242.27200000000002,239.6,1383.9547499999999,2732.4521614285713
FARM-04655,Maize,199.38,82.22,4976.58,296.28,721.2713914285714,220.3496,148.14,373.2435,1463.0044914285713
FARM-04656,Cotton,158.37,60.89,7796.13,340.67,572.9147871428572,163.1852,170.335,584.70975,1491.1447371428571
FARM-04657,Maize,182.65,61.08,4329.71,285.98,660.7494214285715,163.6944,142.99,324.72825,1292.1620714285714
FARM-04658,Soybean,48.88,62.32,3734.33,245.57,176.82689142857146,167.01760000000002,122.785,280.07475,746.7042414285714
FARM-04659,Wheat,104.96,59.03,4196.7,297.95,379.70029714285715,158.2004,148.975,314.7525,1001.6281971428571
FARM-04660,Rice,142.78,78.32,10851.53,515.77,516.5168485714287,209.89759999999998,257.885,813.8647500000001,1798.1641985714286
FARM-04661,Cotton,123.05,63.88,8334.04,275.8,445.14216428571433,171.19840000000002,137.9,625.053,1379.2935642857142
FARM-04662,Wheat,132.18,42.02,4866.63,189.86,478.17059142857147,112.61360000000002,94.93,364.99725,1050.7114414285716
FARM-04663,Sugarcane,218.96,95.11,18422.08,567.3,792.1034400000001,254.8948,283.65,1381.6560000000002,2712.3042400000004
FARM-04664,Soybean,,68.77,4031.08,250.47,,184.3036,125.235,302.33099999999996,
FARM-04665,Rice,159.76,88.82,10481.33,384.39,577.9432114285714,238.0376,192.195,786.09975,1794.2755614285716
FARM-04666,Maize,193.12,76.73,4761.24,303.76,698.6253942857143,205.6364,151.88,357.09299999999996,1413.234794285714
FARM-04667,Cotton,131.44,63.61,7308.62,291.84,475.49358857142863,170.47480000000002,145.92,548.1465,1340.0348885714286
FARM-04668,Sugarcane,224.34,111.96,17675.79,469.89,811.5659742857144,300.0528,234.945,1325.68425,2672.2480242857146
FARM-04669,Rice,153.02,67.61,10031.62,449.94,553.56078,181.19480000000001,224.97,752.3715000000001,1712.09708
FARM-04670,Wheat,126.3,57.67,,250.24,456.8992714285714,154.55560000000003,125.12,,
FARM-04671,Maize,189.01,56.0,4455.74,279.97,683.7571757142857,150.08,139.985,334.1805,1308.0026757142857
FARM-04672,Sugarcane,210.63,93.39,18630.3,407.04,761.9690700000001,250.2852,203.52,1397.2724999999998,2613.04677
FARM-04673,Rice,151.71,76.69,9250.59,531.54,548.8217614285716,205.5292,265.77,693.79425,1713.9152114285716
FARM-04674,Sugarcane,215.57,88.24,,610.77,779.8398728571428,236.4832,305.385,,
FARM-04675,Soybean,36.27,50.96,4396.54,204.98,131.20931571428574,136.5728,102.49,329.7405,700.0126157142857
FARM-04676,Rice,154.44,56.91,11283.75,326.72,558.6977314285714,152.5188,163.36,846.28125,1720.8577814285713
FARM-04677,Sugarcane,209.76,303.58637244773445,17494.01,632.25,758.8217828571428,813.6114781599284,316.125,1312.0507499999999,3200.609011017071
FARM-04678,Cotton,,67.06,7363.95,336.95,,179.72080000000003,168.475,552.29625,
FARM-04679,Soybean,43.81,40.67,3947.5,173.34,158.48580428571432,108.99560000000001,86.67,296.0625,650.2139042857143
FARM-04680,Rice,143.31,52.38,,269.75,518.4341614285714,140.37840000000003,134.875,,
FARM-04681,Soybean,34.03,51.09,3502.05,309.84,123.10595571428571,136.92120000000003,154.92,262.65375,677.6009057142858
FARM-04682,Rice,146.41,71.06,9257.97,351.27,529.6486328571428,190.44080000000002,175.635,694.3477499999999,1590.0721828571427
FARM-04683,Cotton,144.76,68.02,7300.25,462.95,523.6796400000001,182.2936,231.475,547.51875,1484.96699
FARM-04684,Cotton,162.63,63.24,7294.3,439.85,588.3256414285713,169.4832,219.925,547.0725,1524.8063414285714
FARM-04685,Soybean,43.65,46.68,3991.25,150.69,157.90699285714288,125.1024,75.345,299.34375,657.6981428571429
FARM-04686,Soybean,48.13,30.95,4075.06,158.63,174.11371285714287,82.946,79.315,305.6295,642.0042128571429
FARM-04687,Cotton,156.21,61.14,7645.32,421.05,565.1008328571429,163.85520000000002,210.525,573.399,1512.8800328571429
FARM-04688,Maize,201.62,76.29,5271.09,406.17,729.3747514285715,204.45720000000003,203.085,395.33175,1532.2487014285716
FARM-04689,Wheat,125.68,58.05,4786.05,203.92,454.6563771428572,155.574,101.96,358.95375,1071.144127142857
FARM-04690,Cotton,135.22,47.62,7888.87,213.12,489.1680085714286,127.6216,106.56,591.66525,1315.0148585714285
FARM-04691,Sugarcane,207.11,115.28,17524.7,566.63,749.2352185714287,308.9504,283.315,1314.3525,2655.8531185714287
FARM-04692,Sugarcane,222.01,80.76,17325.48,,803.1370328571429,216.43680000000003,,1299.4109999999998,
FARM-04693,Rice,132.33,71.74,11012.67,427.21,478.71322714285725,192.2632,213.605,825.95025,1710.5316771428572
FARM-04694,Rice,158.32,67.05,10044.33,397.5,572.7339085714286,179.69400000000002,198.75,753.32475,1704.5026585714286
FARM-04695,Soybean,38.76,54.27,4167.75,179.48,140.21706857142857,145.4436,89.74,312.58125,687.9819185714287
FARM-04696,Wheat,137.98,44.63,4488.55,189.75,499.15250571428567,119.60840000000002,94.875,336.64125,1050.2771557142855
FARM-04697,Cotton,173.9,51.29,8809.92,295.9,629.0956714285714,137.4572,147.95,660.744,1575.2468714285715
FARM-04698,Soybean,56.65,66.08,4522.0,174.52,204.93542142857143,177.0944,87.26,339.15,808.4398214285713
FARM-04699,Soybean,30.72,54.93,4042.02,240.69,111.13179428571428,147.2124,120.345,303.1515,681.8406942857143
FARM-04700,Rice,142.77,70.08,9133.45,508.28,516.480672857143,187.8144,254.14,685.0087500000001,1643.443822857143
FARM-04701,Soybean,47.01,61.9,3800.31,251.97,170.06203285714287,165.892,125.985,285.02324999999996,746.9622828571428
FARM-04702,Cotton,145.88,66.12,7513.71,359.02,527.73132,177.2016,179.51,563.52825,1447.9711699999998
FARM-04703,Soybean,56.84,66.58,3237.96,245.5,205.62276000000003,178.4344,122.75,242.84699999999998,749.65416
FARM-04704,Cotton,167.54,58.28,6617.08,,606.0879171428571,156.1904,,496.28099999999995,
FARM-04705,Maize,197.43,76.98,4586.0,281.61,714.2171271428572,206.30640000000002,140.805,343.95,1405.2785271428572
FARM-04706,Sugarcane,218.45,98.47,,502.29,790.2584785714286,263.8996,251.145,,
FARM-04707,Soybean,39.69,45.27,4131.16,190.24,143.58141,121.32360000000001,95.12,309.837,669.86201
FARM-04708,Wheat,100.63,43.22,3964.62,209.77,364.0362128571429,115.8296,104.885,297.3465,882.0973128571429
FARM-04709,Rice,150.46,110.76,10551.68,548.64,544.2997971428572,296.83680000000004,274.32,791.376,1906.8325971428571
FARM-04710,Sugarcane,205.54,124.99,18769.93,547.65,743.5556314285714,334.9732,273.825,1407.74475,2760.0985814285714
FARM-04711,Cotton,142.79,54.27,8016.63,254.79,516.5530242857144,145.4436,127.395,601.24725,1390.6388742857143
FARM-04712,Soybean,43.92,50.15,3541.8,240.2,158.88373714285717,134.40200000000002,120.1,265.635,679.0207371428572
FARM-04713,Sugarcane,196.34,83.05,,403.5,710.2739742857143,222.574,201.75,,
FARM-04714,Sugarcane,235.18,77.87,17051.18,452.61,850.7804485714287,208.69160000000002,226.305,1278.8385,2564.615548571429
FARM-04715,Sugarcane,226.34,113.83,18626.79,526.59,818.8011171428573,305.06440000000003,263.295,1397.00925,2784.1697671428574
FARM-04716,Rice,166.33,63.21,9401.62,346.35,601.7106557142858,169.4028,173.175,705.1215000000001,1649.4099557142858
FARM-04717,Rice,155.57,88.83,11386.31,428.03,562.7855871428571,238.0644,214.015,853.9732499999999,1868.838237142857
FARM-04718,Wheat,138.05,,4231.14,188.92,499.40573571428575,,94.46,317.3355,
FARM-04719,Cotton,161.19,68.65,6751.82,346.69,583.1163385714286,183.98200000000003,173.345,506.38649999999996,1446.8298385714288
FARM-04720,Maize,166.25,100.49,5412.87,453.42,601.4212500000001,269.3132,226.71,405.96524999999997,1503.4097000000002
FARM-04721,Wheat,128.25,56.48,4061.39,173.67,463.95353571428575,151.3664,86.835,304.60425,1006.7591857142858
FARM-04722,Rice,151.67,78.95,9108.24,411.81,548.6770585714285,211.586,205.905,683.1179999999999,1649.2860585714284
FARM-04723,Rice,139.79,72.45,8731.17,321.13,505.70030999999994,194.16600000000003,160.565,654.83775,1515.26906
FARM-04724,Sugarcane,220.84,90.39,17897.81,568.32,798.9044742857144,242.2452,284.16,1342.33575,2667.6454242857144
FARM-04725,Soybean,44.39,50.51,4255.63,287.09,160.58399571428572,135.3668,143.545,319.17225,758.6680457142857
FARM-04726,Wheat,131.89,50.92,4004.98,283.62,477.1214957142857,136.46560000000002,141.81,300.3735,1055.7705957142857
FARM-04727,Rice,141.65,85.6,10303.98,430.08,512.4289928571429,229.408,215.04,772.7985,1729.675492857143
FARM-04728,Wheat,108.84,64.85,3921.27,224.67,393.7364742857143,173.798,112.335,294.09524999999996,973.9647242857143
FARM-04729,Sugarcane,238.41,98.32,49351.32288152945,555.2,862.4652042857143,263.4976,277.6,3701.3492161147087,5104.912020400423
FARM-04730,Maize,183.79,70.9,5188.9,319.42,664.8734528571429,190.01200000000003,159.71,389.16749999999996,1403.7629528571429
FARM-04731,Sugarcane,192.36,90.79,16526.0,570.53,695.8760400000001,243.31720000000004,285.265,1239.45,2463.90824
FARM-04732,Sugarcane,223.19,109.25,17262.77,445.4,807.4057671428573,292.79,222.7,1294.70775,2617.6035171428575
FARM-04733,Wheat,127.52,63.74,3810.16,201.68,461.3127085714286,170.8232,100.84,285.762,1018.7379085714285
FARM-04734,Cotton,139.53,65.15,6209.27,329.79,504.75974142857143,174.60200000000003,164.895,465.69525,1309.9519914285715
FARM-04735,Maize,157.47,78.98,4875.47,240.98,569.6589728571429,211.6664,120.49,365.66025,1267.4756228571428
FARM-04736,Rice,145.93,65.31,9785.51,375.75,527.9121985714286,175.03080000000003,187.875,733.91325,1624.7312485714285
FARM-04737,Wheat,119.42,42.24,4629.86,182.72,432.01038000000005,113.20320000000001,91.36,347.23949999999996,983.8130800000001
FARM-04738,Maize,207.53,70.91,5184.1,300.11,750.7545985714287,190.0388,150.055,388.8075,1479.6558985714287
FARM-04739,Cotton,135.6,61.15,7610.05,374.52,490.5426857142857,163.882,187.26,570.75375,1412.4384357142858
FARM-04740,Rice,148.11,93.5,9982.44,1453.980130582807,535.7985042857144,250.58,726.9900652914035,748.683,2262.0515695771182
FARM-04741,Sugarcane,220.55,73.77,17020.34,415.78,797.8553785714287,197.7036,207.89,1276.5255,2479.9744785714283
FARM-04742,Soybean,54.36,51.75,4420.36,216.68,196.65118285714286,138.69,108.34,331.527,775.2081828571429
FARM-04743,Maize,193.36,60.75,5538.67,198.76,699.4936114285715,162.81,99.38,415.40024999999997,1377.0838614285715
FARM-04744,Soybean,42.17,48.99,3573.3,195.92,152.55298714285718,131.2932,97.96,267.9975,649.8036871428571
FARM-04745,Wheat,134.92,52.36,3650.9,280.9,488.0827371428571,140.3248,140.45,273.8175,1042.675037142857
FARM-04746,Cotton,151.11,73.31,7162.93,359.25,546.6512185714287,196.47080000000003,179.625,537.21975,1459.9667685714287
FARM-04747,Sugarcane,199.93,98.7,18767.02,513.43,723.2610557142858,264.516,256.715,1407.5265,2652.018555714286
FARM-04748,Soybean,46.91,36.54,4345.03,174.1,169.70027571428568,97.9272,87.05,325.87724999999995,680.5547257142856
FARM-04749,Cotton,139.32,85.61,7156.14,394.99,504.0000514285714,229.43480000000002,197.495,536.7105,1467.6403514285714
FARM-04750,Soybean,46.71,53.37,3402.33,269.68,168.97676142857145,143.0316,134.84,255.17475,702.0231114285715
FARM-04751,Maize,176.59,61.24,4347.64,224.01,638.8269385714286,164.12320000000003,112.005,326.07300000000004,1241.0281385714286
FARM-04752,Cotton,160.72,63.59,8060.08,379.24,581.4160800000001,170.42120000000003,189.62,604.506,1545.96328
FARM-04753,Wheat,138.08,55.94,4043.64,195.03,499.5142628571429,149.9192,97.515,303.27299999999997,1050.2214628571428
FARM-04754,Maize,195.95,64.73,4899.84,285.7,708.8631214285715,173.4764,142.85,367.488,1392.6775214285715
FARM-04755,Rice,132.85,84.12,9668.29,371.03,480.5943642857143,225.44160000000002,185.515,725.12175,1616.6727142857144
FARM-04756,Rice,148.15,96.04,9860.14,492.72,535.9432071428572,257.3872,246.36,739.5105,1779.200907142857
FARM-04757,Sugarcane,197.65,103.25,17620.14,530.42,715.012992857143,276.71000000000004,265.21,1321.5104999999999,2578.4434928571427
FARM-04758,Cotton,134.7,53.21,7654.6,222.24,487.28687142857143,142.6028,111.12,574.095,1315.1046714285715
FARM-04759,Maize,183.22,78.05,4941.24,345.24,662.8114371428571,209.174,172.62,370.59299999999996,1415.198437142857
FARM-04760,Sugarcane,210.12,97.56,16628.14,479.9,760.1241085714287,261.4608,239.95,1247.1105,2508.6454085714286
FARM-04761,Sugarcane,224.97,92.19,17235.74,492.97,813.8450442857144,247.0692,246.485,1292.6805000000002,2600.0797442857147
FARM-04762,Wheat,116.87,49.18,3447.11,253.79,422.7855728571429,131.8024,126.895,258.53325,940.0162228571428
FARM-04763,Sugarcane,217.43,107.53,17482.44,558.45,786.5685557142858,288.1804,279.225,1311.1829999999998,2665.1569557142857
FARM-04764,Cotton,149.84,54.37,8218.42,352.04,542.0569028571429,145.7116,176.02,616.3815,1480.1700028571427
FARM-04765,Rice,148.05,95.63,8856.62,490.79,535.5814500000001,256.2884,245.395,664.2465000000001,1701.5113500000002
FARM-04766,Maize,200.5,69.61,5775.88,283.52,725.3230714285714,186.5548,141.76,433.191,1486.8288714285716
FARM-04767,Soybean,,60.75,4205.3,255.72,,162.81,127.86,315.3975,
FARM-04768,Maize,192.82,67.39,5319.84,1040.4133077059955,697.5401228571428,180.60520000000002,520.2066538529978,398.988,1797.3399767101407
FARM-04769,Rice,130.24,72.1,10919.2,435.87,471.15250285714296,193.228,217.935,818.94,1701.255502857143
FARM-04770,Cotton,166.81,57.72,8045.74,352.0,603.4470900000001,154.6896,176.0,603.4304999999999,1537.5671900000002
FARM-04771,Cotton,149.36,55.35,7193.43,300.93,540.3204685714286,148.33800000000002,150.465,539.50725,1378.6307185714286
FARM-04772,Maize,604.0615768069199,47.07,5338.85,206.36,2185.235901354519,126.14760000000001,103.18,400.41375,2814.9772513545186
FARM-04773,Soybean,37.35,49.92,4391.13,236.14,135.11629285714287,133.78560000000002,118.07,329.33475,716.3066428571428
FARM-04774,Maize,163.46,52.24,5554.5,328.27,591.3282257142857,140.00320000000002,164.135,416.5875,1312.0539257142857
FARM-04775,Rice,136.71,80.2,31696.597063553418,362.95,494.5581900000001,214.936,181.475,2377.2447797665063,3268.2139697665066
FARM-04776,Maize,191.16,200.66957412237807,5393.47,306.25,691.5349542857143,537.7944586479732,153.125,404.51025,1786.9646629336876
FARM-04777,Maize,192.17,83.64,5764.24,219.57,695.1887014285714,224.1552,109.785,432.318,1461.4469014285714
FARM-04778,Wheat,113.48,60.22,4102.87,252.21,410.52200571428574,161.3896,126.105,307.71524999999997,1005.7318557142858
FARM-04779,Soybean,38.39,52.18,3711.65,157.85,138.87856714285715,139.8424,78.925,278.37375,636.0197171428572
FARM-04780,Wheat,140.08,54.91,4082.44,307.08,506.7494057142858,147.1588,153.54,306.183,1113.631205714286
FARM-04781,Rice,149.0,,9286.81,354.5,539.018142857143,,177.25,696.5107499999999,
FARM-04782,Sugarcane,200.4,94.43,17832.53,559.92,724.9613142857145,253.07240000000004,279.96,1337.4397499999998,2595.4334642857143
FARM-04783,Maize,212.5,46.2,5115.47,157.44,768.7339285714286,123.81600000000002,78.72,383.66025,1354.9301785714288
FARM-04784,Sugarcane,216.41,98.28,16739.07,416.86,782.878632857143,263.3904,208.43,1255.43025,2510.129282857143
FARM-04785,Maize,191.89,70.55,4541.43,328.33,694.1757814285716,189.074,164.165,340.60725,1388.0220314285716
FARM-04786,Soybean,,69.33,3860.58,238.42,,185.80440000000002,119.21,289.5435,
FARM-04787,Soybean,35.65,,3531.09,165.66,128.96642142857144,,82.83,264.83175,
FARM-04788,Soybean,55.16,59.82,3301.96,169.56,199.54524000000004,160.3176,84.78,247.647,692.2898399999999
FARM-04789,Maize,177.18,70.6,5634.59,1085.3096029291864,640.9613057142858,189.208,542.6548014645932,422.59425,1795.418357178879
FARM-04790,Sugarcane,203.46,79.11,16082.56,501.33,736.031082857143,212.0148,250.665,1206.192,2404.902882857143
FARM-04791,Maize,184.15,56.95,4527.87,285.03,666.1757785714285,152.626,142.515,339.59024999999997,1300.9070285714283
FARM-04792,Maize,170.38,262.6949619825342,4784.43,467.08,616.3618200000001,704.0224981131918,233.54,358.83225,1912.7565681131919
FARM-04793,Maize,188.09,61.01,5191.96,280.21,680.4290100000001,163.5068,140.105,389.397,1373.4378100000001
FARM-04794,Sugarcane,223.43,97.52,18560.85,499.22,808.2739842857144,261.35360000000003,249.61,1392.0637499999998,2711.3013342857143
FARM-04795,Wheat,118.29,43.63,3189.77,199.39,427.9225242857143,116.92840000000001,99.695,239.23274999999998,883.7786742857144
FARM-04796,Cotton,160.96,75.52,6879.67,468.66,582.2842971428572,202.3936,234.33,515.97525,1534.9831471428572
FARM-04797,Cotton,131.63,63.46,7862.81,344.66,476.1809271428572,170.0728,172.33,589.71075,1408.2944771428572
FARM-04798,Wheat,131.49,59.52,4021.72,220.47,475.6744671428572,159.51360000000003,110.235,301.62899999999996,1047.0520671428571
FARM-04799,Cotton,162.99,63.85,7393.55,341.45,589.6279671428572,171.11800000000002,170.725,554.51625,1485.9872171428574
FARM-04800,Wheat,136.34,51.4,4750.65,218.79,493.2196885714286,137.752,109.395,356.29875,1096.6654385714285
FARM-04801,Cotton,,76.06,7576.85,487.1,,203.84080000000003,243.55,568.26375,
FARM-04802,Soybean,38.74,75.26,4378.16,268.63,140.1447171428572,201.69680000000002,134.315,328.36199999999997,804.5185171428573
FARM-04803,Sugarcane,216.12,115.98,17001.57,703.14,781.8295371428574,310.82640000000004,351.57,1275.11775,2719.3436871428576
FARM-04804,Sugarcane,183.48,118.17,17887.32,660.58,663.7520057142858,316.6956,330.29,1341.549,2652.2866057142855
FARM-04805,Cotton,174.26,67.27,6603.5,260.17,630.3979971428571,180.2836,130.085,495.2625,1436.0290971428572
FARM-04806,Soybean,47.31,69.28,4011.03,251.48,171.1473042857143,185.6704,125.74,300.82725,783.3849542857142
FARM-04807,Wheat,134.84,62.63,4101.76,193.29,487.7933314285715,167.84840000000003,96.645,307.632,1059.9187314285716
FARM-04808,Rice,142.47,80.81,10578.09,524.85,515.3954014285715,216.57080000000002,262.425,793.35675,1787.7479514285715
FARM-04809,Sugarcane,208.61,104.37,16260.13,687.61,754.6615757142858,279.71160000000003,343.805,1219.50975,2597.687925714286
FARM-04810,Wheat,132.06,61.94,4708.84,216.86,477.73648285714285,165.9992,108.43,353.163,1105.328682857143
FARM-04811,Rice,174.37,90.39,9095.59,530.57,630.79593,242.2452,265.285,682.16925,1820.4953800000003
FARM-04812,Soybean,46.98,51.03,3569.27,166.93,169.9535057142857,136.7604,83.465,267.69525,657.8741557142857
FARM-04813,Soybean,43.19,51.5,4613.57,,156.24291000000002,138.02,,346.01775,
FARM-04814,Sugarcane,230.42,110.77,16066.42,542.48,833.5608085714287,296.8636,271.24,1204.9814999999999,2606.6459085714287
FARM-04815,Soybean,41.91,62.16,3933.9,210.34,151.61241857142858,166.5888,105.17,295.0425,718.4137185714286
FARM-04816,Maize,,54.43,5000.55,,,145.8724,,375.04125,
FARM-04817,Rice,122.92,70.24,10299.34,362.1,444.6718800000001,188.2432,181.05,772.4505,1586.4155800000003
FARM-04818,Sugarcane,208.11,103.6,17003.52,795.82,752.8527900000001,277.648,397.91,1275.264,2703.67479
FARM-04819,Rice,147.28,69.61,9188.84,373.58,532.79592,186.5548,186.79,689.163,1595.3037199999999
FARM-04820,Rice,143.03,74.59,10058.16,387.5,517.4212414285714,199.90120000000002,193.75,754.362,1665.4344414285715
FARM-04821,Sugarcane,237.41,92.7,16785.73,487.01,858.847632857143,248.43600000000004,243.505,1258.92975,2609.7183828571433
FARM-04822,Rice,151.69,99.95,9083.93,421.39,548.74941,267.86600000000004,210.695,681.29475,1708.60516
FARM-04823,Sugarcane,214.59,116.49,16860.18,584.72,776.294652857143,312.1932,292.36,1264.5135,2645.361352857143
FARM-04824,Soybean,57.09,55.27,4216.93,244.63,206.52715285714288,148.1236,122.315,316.26975,793.2355028571428
FARM-04825,Maize,185.32,112.98,4816.47,,670.4083371428571,302.7864,,361.23525,
FARM-04826,Cotton,127.49,80.12,7028.5,461.69,461.2041814285715,214.72160000000002,230.845,527.1374999999999,1433.9082814285716
FARM-04827,Wheat,121.15,62.43,4287.64,216.05,438.26877857142864,167.3124,108.025,321.57300000000004,1035.1791785714286
FARM-04828,Cotton,141.33,56.29,7975.03,387.27,511.27137000000005,150.8572,193.635,598.12725,1453.89082
FARM-04829,Sugarcane,188.58,132.61,18488.64,599.99,682.20162,355.39480000000003,299.995,1386.648,2724.23942
FARM-04830,Cotton,132.82,59.84,6889.45,431.78,480.4858371428572,160.37120000000002,215.89,516.70875,1373.4557871428572
FARM-04831,Soybean,41.58,51.06,3744.93,256.73,150.41862,136.8408,128.365,280.86974999999995,696.4941699999999
FARM-04832,Soybean,52.28,65.0,3836.23,227.86,189.12663428571432,174.20000000000002,113.93,287.71725,764.9738842857143
FARM-04833,Rice,151.0,75.92,10134.69,455.48,546.2532857142858,203.46560000000002,227.74,760.10175,1737.5606357142858
FARM-04834,Maize,169.62,78.85,4459.49,292.45,613.6124657142859,211.31799999999998,146.225,334.46175,1305.617215714286
FARM-04835,Cotton,147.57,269.8023220624828,7368.52,442.8,533.8450157142858,723.0702231274539,221.4,552.639,2030.9542388417399
FARM-04836,Sugarcane,199.27,112.92,18299.61,650.41,720.8734585714287,302.6256,325.205,1372.47075,2721.174808571429
FARM-04837,Rice,146.7,72.64,9898.58,547.69,530.6977285714286,194.67520000000002,273.845,742.3935,1741.6114285714286
FARM-04838,Soybean,41.84,70.51,3703.91,316.58,151.35918857142858,188.96680000000003,158.29,277.79325,776.4092385714287
FARM-04839,Soybean,54.98,58.27,3557.63,280.68,198.89407714285716,156.16360000000003,140.34,266.82225,762.2199271428572
FARM-04840,Cotton,153.99,67.31,7885.72,375.28,557.0698242857143,180.3908,187.64,591.429,1516.5296242857144
FARM-04841,Rice,156.96,90.09,9506.04,504.86,567.8140114285716,241.44120000000004,252.43,712.9530000000001,1774.6382114285716
FARM-04842,Sugarcane,221.13,97.12,16440.47,649.77,799.95357,260.2816,324.885,1233.0352500000001,2618.15542
FARM-04843,Soybean,36.29,54.94,4455.59,155.85,131.28166714285715,147.2392,77.925,334.16925,690.6151171428571
FARM-04844,Wheat,126.59,59.92,3817.13,174.72,457.94836714285714,160.58560000000003,87.36,286.28475,992.1787171428571
FARM-04845,Wheat,137.49,84.31,4326.2,317.08,497.3798957142858,225.95080000000002,158.54,324.465,1206.3356957142857
FARM-04846,Sugarcane,202.07,114.5,16495.39,531.36,731.0026585714286,306.86,265.68,1237.1542499999998,2540.6969085714286
FARM-04847,Soybean,45.89,59.51,3990.44,242.57,166.01035285714286,159.48680000000002,121.285,299.283,746.0651528571428
FARM-04848,Rice,157.16,55.79,9269.17,370.4,568.5375257142857,149.5172,185.2,695.1877499999999,1598.4424757142856
FARM-04849,Soybean,47.8,62.66,4521.66,316.59,172.91991428571427,167.9288,158.295,339.12449999999995,838.2682142857143
FARM-04850,Maize,187.48,67.4,4570.14,351.26,678.2222914285715,180.63200000000003,175.63,342.76050000000004,1377.2447914285715
FARM-04851,Cotton,150.4,67.0,8002.52,409.73,544.0827428571429,179.56,204.865,600.189,1528.696742857143
FARM-04852,Soybean,51.54,51.96,4517.57,273.64,186.44963142857145,139.2528,136.82,338.81775,801.3401814285714
FARM-04853,Rice,134.11,78.17,9029.73,336.34,485.1525042857144,209.49560000000002,168.17,677.22975,1540.0478542857145
FARM-04854,Cotton,131.68,69.64,7124.54,1382.7946205805165,476.36180571428577,186.63520000000003,691.3973102902582,534.3405,1888.7348160045442
FARM-04855,Soybean,46.01,35.33,4786.5,140.66,166.44446142857143,94.6844,70.33,358.9875,690.4463614285714
FARM-04856,Rice,147.37,97.24,11266.68,649.09,533.1215014285715,260.6032,324.545,845.001,1963.2707014285716
FARM-04857,Cotton,149.27,89.18,7790.55,390.05,539.9948871428572,239.00240000000002,195.025,584.29125,1558.313537142857
FARM-04858,Sugarcane,208.09,76.29,18344.57,470.5,752.7804385714286,204.45720000000003,235.25,1375.84275,2568.3303885714286
FARM-04859,Cotton,143.03,59.36,8191.73,358.18,517.4212414285714,159.0848,179.09,614.37975,1469.9757914285715
FARM-04860,Maize,187.37,83.77,5548.68,332.19,677.8243585714285,224.5036,166.095,416.151,1484.5739585714286
FARM-04861,Maize,192.27,75.96,4973.4,370.74,695.5504585714286,203.5728,185.37,373.00499999999994,1457.4982585714286
FARM-04862,Maize,167.62,61.58,4392.91,277.27,606.3773228571429,165.0344,138.635,329.46824999999995,1239.5149728571428
FARM-04863,Soybean,42.69,53.3,4521.97,239.1,154.4341242857143,142.844,119.55,339.14775000000003,755.9758742857143
FARM-04864,Rice,128.03,91.44,10481.89,366.47,463.15767000000005,245.0592,183.235,786.1417499999999,1677.59362
FARM-04865,Rice,141.15,79.44,8310.51,542.21,510.6202071428572,212.8992,271.105,623.28825,1617.9126571428574
FARM-04866,Cotton,144.34,54.92,8086.2,353.83,522.16026,147.18560000000002,176.915,606.4649999999999,1452.72586
FARM-04867,Maize,185.28,77.9,4720.77,353.02,670.2636342857144,208.77200000000002,176.51,354.05775,1409.6033842857144
FARM-04868,Rice,160.77,90.67,9097.63,1361.4646655393492,581.5969585714287,242.99560000000002,680.7323327696746,682.3222499999999,2187.6471413411036
FARM-04869,Soybean,37.46,65.48,4380.02,211.44,135.51422571428571,175.48640000000003,105.72,328.5015,745.2221257142858
FARM-04870,Wheat,124.11,49.65,4124.76,244.39,448.97679000000005,133.062,122.195,309.357,1013.59079
FARM-04871,Sugarcane,216.97,82.92,16954.06,460.11,784.904472857143,222.22560000000001,230.055,1271.5545,2508.739572857143
FARM-04872,Sugarcane,218.28,82.98,19811.12,440.68,789.6434914285715,222.38640000000004,220.34,1485.8339999999998,2718.2038914285713
FARM-04873,Wheat,142.42,55.89,4026.21,240.76,515.2145228571428,149.7852,120.38,301.96575,1087.3454728571428
FARM-04874,Rice,171.4,105.14,10770.25,682.98,620.0517428571429,281.77520000000004,341.49,807.76875,2051.085692857143
FARM-04875,Soybean,55.69,54.35,4938.38,216.04,201.46255285714287,145.65800000000002,108.02,370.3785,825.5190528571429
FARM-04876,Sugarcane,214.68,111.14,17736.1,482.05,776.6202342857143,297.8552,241.025,1330.2074999999998,2645.707934285714
FARM-04877,Rice,158.87,73.74,10172.75,347.04,574.7235728571429,197.6232,173.52,762.95625,1708.8230228571429
FARM-04878,Soybean,55.6,57.8,3586.69,166.93,201.13697142857143,154.904,83.465,269.00175,708.5077214285715
FARM-04879,Rice,170.82,101.58,,,617.9535514285715,272.2344,,,
FARM-04880,Cotton,145.83,75.27,8894.04,379.69,527.5504414285716,201.7236,189.845,667.053,1586.1720414285717
FARM-04881,Maize,180.87,88.61,4990.62,385.76,654.3101442857144,237.47480000000002,192.88,374.2965,1458.9614442857142
FARM-04882,Maize,,64.32,4832.5,263.93,,172.3776,131.965,362.4375,
FARM-04883,Sugarcane,205.71,105.53,16310.66,514.55,744.1706185714288,282.8204,257.275,1223.2994999999999,2507.5655185714286
FARM-04884,Cotton,167.61,,7818.01,344.66,606.3411471428573,,172.33,586.35075,
FARM-04885,Cotton,145.66,54.82,6955.21,367.86,526.9354542857143,146.91760000000002,183.93,521.64075,1379.4238042857144
FARM-04886,Soybean,43.59,73.19,3851.02,218.09,157.68993857142857,196.1492,109.045,288.8265,751.7106385714286
FARM-04887,Sugarcane,227.45,109.98,18856.55,614.26,822.8166214285715,294.74640000000005,307.13,1414.2412499999998,2838.9342714285713
FARM-04888,Wheat,128.38,54.52,4249.2,298.05,464.42382,146.11360000000002,149.025,318.69,1078.25242
FARM-04889,Sugarcane,206.95,97.73,15633.62,515.64,748.6564071428572,261.9164,257.82,1172.5215,2440.914307142857
FARM-04890,Sugarcane,185.85,87.45,18249.42,512.83,672.32565,234.366,256.415,1368.7064999999998,2531.81315
FARM-04891,Sugarcane,197.92,74.94,18996.98,451.25,715.9897371428572,200.8392,225.625,1424.7735,2567.2274371428575
FARM-04892,Cotton,,,7739.23,363.78,,,181.89,580.44225,
FARM-04893,Cotton,155.31,59.91,7635.45,409.2,561.8450185714286,160.5588,204.6,572.6587499999999,1499.6625685714284
FARM-04894,Soybean,42.24,66.5,4028.74,222.76,152.80621714285718,178.22,111.38,302.15549999999996,744.5617171428571
FARM-04895,Cotton,147.16,65.86,8016.45,,532.3618114285715,176.50480000000002,,601.23375,
FARM-04896,Cotton,140.43,73.06,,476.78,508.0155557142857,195.8008,238.39,,
FARM-04897,Sugarcane,213.13,107.75,17044.29,570.36,771.0129985714286,288.77000000000004,285.18,1278.32175,2623.2847485714287
FARM-04898,Rice,175.09,97.9,8568.5,641.52,633.4005814285715,262.372,320.76,642.6374999999999,1859.1700814285714
FARM-04899,Cotton,148.52,63.2,7466.34,361.22,537.2817085714287,169.376,180.61,559.9755,1447.2432085714286
FARM-04900,Cotton,175.08,84.7,7809.73,337.29,633.3644057142858,226.996,168.645,585.72975,1614.7351557142858
FARM-04901,Rice,150.76,71.84,10680.03,433.53,545.3850685714285,192.5312,216.765,801.00225,1755.6835185714285
FARM-04902,Cotton,156.4,73.32,6689.52,364.94,565.7881714285714,196.4976,182.47,501.714,1446.4697714285714
FARM-04903,Sugarcane,205.77,92.75,18342.01,,744.3876728571429,248.57000000000002,,1375.6507499999998,
FARM-04904,Soybean,58.0,56.82,3321.69,224.26,209.81914285714288,152.2776,112.13,249.12675,723.3534928571429
FARM-04905,Rice,172.88,74.06,10104.55,419.05,625.4057485714286,198.48080000000002,209.525,757.84125,1791.2527985714287
FARM-04906,Wheat,140.53,54.94,3999.88,276.65,508.3773128571428,147.2392,138.325,299.991,1093.9325128571427
FARM-04907,Soybean,55.34,35.5,4253.37,120.63,200.19640285714286,95.14,60.315,319.00275,674.6541528571429
FARM-04908,Maize,192.05,93.12,,319.7,694.7545928571428,249.56160000000003,159.85,,
FARM-04909,Sugarcane,193.83,89.13,19682.09,492.21,701.1938700000001,238.8684,246.105,1476.1567499999999,2662.32402
FARM-04910,Sugarcane,195.71,114.66,15676.11,555.65,707.9949042857143,307.28880000000004,277.825,1175.70825,2468.816954285714
FARM-04911,Wheat,114.85,52.7,,244.52,415.47807857142857,141.23600000000002,122.26,,
FARM-04912,Cotton,155.92,56.44,7481.68,335.4,564.0517371428571,151.2592,167.7,561.126,1444.136937142857
FARM-04913,Maize,182.33,62.23,5359.39,335.78,659.5917985714286,166.7764,167.89,401.95425,1396.2124485714285
FARM-04914,Soybean,39.94,64.65,4764.29,205.73,144.48580285714286,173.26200000000003,102.865,357.32175,777.934552857143
FARM-04915,Wheat,115.53,32.7,3951.05,186.72,417.9380271428572,87.63600000000001,93.36,296.32875,895.2627771428572
FARM-04916,Wheat,129.3,,3620.14,234.7,467.75198571428575,,117.35,271.5105,
FARM-04917,Soybean,37.3,61.62,4128.01,287.63,134.93541428571427,165.1416,143.815,309.60075,753.4927642857143
FARM-04918,Soybean,39.84,65.82,3996.8,254.32,144.12404571428573,176.39759999999998,127.16,299.76,747.4416457142856
FARM-04919,Maize,162.74,99.3,5244.69,348.67,588.7235742857144,266.124,174.335,393.35175,1422.5343242857145
FARM-04920,Wheat,133.95,,3620.1,155.06,484.5736928571429,,77.53,271.5075,
FARM-04921,Soybean,44.68,57.71,3885.82,274.16,161.63309142857145,154.6628,137.08,291.4365,744.8123914285715
FARM-04922,Soybean,45.07,76.13,4597.41,284.66,163.0439442857143,204.0284,142.33,344.80575,854.2080942857143
FARM-04923,Soybean,42.55,58.75,3959.48,303.66,153.9276642857143,157.45000000000002,151.83,296.961,760.1686642857144
FARM-04924,Soybean,48.06,49.2,3506.24,237.74,173.86048285714287,131.85600000000002,118.87,262.96799999999996,687.5544828571428
FARM-04925,Cotton,135.57,50.83,8476.47,328.09,490.4341585714286,136.2244,164.045,635.73525,1426.4388085714286
FARM-04926,Soybean,40.17,49.14,3984.12,259.94,145.3178442857143,131.6952,129.97,298.80899999999997,705.7920442857143
FARM-04927,Rice,157.58,109.88,10781.72,629.13,570.0569057142857,294.4784,314.565,808.6289999999999,1987.7293057142856
FARM-04928,Soybean,46.03,56.5,4356.58,266.26,166.5168128571429,151.42000000000002,133.13,326.7435,777.8103128571429
FARM-04929,Cotton,130.2,58.36,8288.48,254.06,471.0078,156.4048,127.03,621.636,1376.0785999999998
FARM-04930,Rice,144.37,76.31,10001.53,462.13,522.2687871428573,204.51080000000002,231.065,750.1147500000001,1707.9593371428573
FARM-04931,Soybean,39.7,58.28,4444.53,226.25,143.61758571428572,156.1904,113.125,333.33975,746.2727357142858
FARM-04932,Maize,187.85,39.87,5522.6,214.67,679.5607928571428,106.8516,107.335,414.195,1307.9423928571427
FARM-04933,Sugarcane,208.45,81.14,17816.7,551.35,754.0827642857143,217.45520000000002,275.675,1336.2525,2583.4654642857145
FARM-04934,Soybean,41.19,63.23,3814.03,223.16,149.00776714285712,169.4564,111.58,286.05225,716.0964171428571
FARM-04935,Maize,,75.06,4672.9,322.88,,201.16080000000002,161.44,350.4675,
FARM-04936,Rice,140.4,84.31,9962.84,424.98,507.90702857142867,225.95080000000002,212.49,747.213,1693.5608285714286
FARM-04937,Wheat,125.72,60.67,3521.13,201.96,454.80108000000007,162.59560000000002,100.98,264.08475,982.4614300000001
FARM-04938,Rice,136.59,63.04,10253.37,421.19,494.12408142857146,168.9472,210.595,769.00275,1642.6690314285715
FARM-04939,Soybean,38.53,54.63,3200.63,186.37,139.38502714285715,146.40840000000003,93.185,240.04725,619.0256771428571
FARM-04940,Cotton,153.16,77.79,8384.82,274.37,554.06724,208.47720000000004,137.185,628.8615,1528.59094
FARM-04941,Maize,178.64,80.38,4329.91,319.35,646.2429599999999,215.4184,159.675,324.74325,1346.07961
FARM-04942,Cotton,124.42,84.49,8266.75,391.2,450.0982371428572,226.4332,195.6,620.00625,1492.1376871428572
FARM-04943,Maize,163.04,73.12,5491.31,304.38,589.8088457142858,195.96160000000003,152.19,411.84825,1349.808695714286
FARM-04944,Rice,134.52,89.24,10253.49,570.95,486.6357085714286,239.1632,285.475,769.01175,1780.2856585714285
FARM-04945,Maize,187.46,68.29,4925.14,310.62,678.1499400000001,183.01720000000003,155.31,369.38550000000004,1385.8626400000003
FARM-04946,Rice,160.8,65.22,,1056.5656250671543,581.7054857142857,174.7896,528.2828125335772,,
FARM-04947,Rice,135.11,73.23,10832.95,359.18,488.77007571428584,196.2564,179.59,812.47125,1677.087725714286
FARM-04948,Sugarcane,209.33,121.0,15800.87,728.95,757.2662271428572,324.28000000000003,364.475,1185.06525,2631.0864771428573
FARM-04949,Soybean,46.93,56.92,3738.98,269.73,169.77262714285717,152.5456,134.865,280.4235,737.6067271428572
FARM-04950,Cotton,159.67,64.84,7861.95,377.43,577.61763,173.77120000000002,188.715,589.64625,1529.75008
FARM-04951,Cotton,128.9,55.08,7973.21,256.65,466.3049571428572,147.61440000000002,128.325,597.9907499999999,1340.235107142857
FARM-04952,Soybean,39.84,45.6,3379.53,137.7,144.12404571428573,122.20800000000001,68.85,253.46475,588.6467957142858
FARM-04953,Sugarcane,225.43,100.98,17841.8,497.2,815.5091271428571,270.62640000000005,248.6,1338.135,2672.870527142857
FARM-04954,Maize,168.94,65.09,4614.1,257.38,611.1525171428572,174.4412,128.69,346.0575,1260.3412171428572
FARM-04955,Wheat,125.35,43.34,3810.03,172.65,453.4625785714286,116.15120000000002,86.325,285.75225,941.6910285714287
FARM-04956,Rice,131.86,76.54,10422.41,393.05,477.01296857142864,205.12720000000002,196.525,781.68075,1660.3459185714287
FARM-04957,Cotton,141.03,61.74,7482.6,275.12,510.1860985714286,165.46320000000003,137.56,561.195,1374.4042985714286
FARM-04958,Maize,156.56,68.51,5080.64,278.8,566.3669828571428,183.60680000000002,139.4,381.048,1270.4217828571427
FARM-04959,Rice,143.3,69.71,10180.02,434.16,518.3979857142858,186.8228,217.08,763.5015,1685.802285714286
FARM-04960,Sugarcane,,105.29,19196.68,666.35,,282.1772,333.175,1439.751,
FARM-04961,Soybean,46.85,42.89,4053.78,185.72,169.48322142857145,114.94520000000001,92.86,304.0335,681.3219214285715
FARM-04962,Maize,167.42,89.59,5155.22,291.6,605.6538085714286,240.10120000000003,145.8,386.6415,1378.1965085714287
FARM-04963,Maize,210.83,75.02,5292.17,656.0608886308703,762.6925842857144,201.0536,328.03044431543515,396.91275,1688.6893786011494
FARM-04964,Sugarcane,228.97,109.76,18188.91,536.88,828.31533,294.15680000000003,268.44,1364.16825,2755.0803800000003
FARM-04965,Cotton,173.25,70.22,8350.03,328.71,626.74425,188.1896,164.355,626.25225,1605.5411
FARM-04966,Soybean,39.4,40.84,4723.82,198.86,142.53231428571428,109.45120000000001,99.43,354.2865,705.7000142857144
FARM-04967,Cotton,137.03,55.05,7503.93,281.22,495.7158128571429,147.534,140.61,562.79475,1346.654562857143
FARM-04968,Maize,195.81,85.23,4715.26,357.55,708.3566614285716,228.4164,178.775,353.6445,1469.1925614285715
FARM-04969,Maize,208.68,59.03,5301.89,297.31,754.9148057142856,158.2004,148.655,397.64175,1459.4119557142856
FARM-04970,Wheat,135.98,41.55,4115.26,215.01,491.91736285714285,111.354,107.505,308.6445,1019.4208628571429
FARM-04971,Sugarcane,205.47,85.07,18868.43,490.69,743.3024014285714,227.9876,245.345,1415.1322499999999,2631.7672514285714
FARM-04972,Wheat,,135.3817167627558,,163.21,,362.8230009241855,81.605,,
FARM-04973,Maize,214.07,65.63,5170.71,284.48,774.4135157142857,175.8884,142.24,387.80325,1480.3451657142857
FARM-04974,Maize,560.2861185350218,41.66,5629.97,264.53,2026.8750542374796,111.6488,132.265,422.24775,2693.0366042374794
FARM-04975,Maize,192.08,61.65,5161.86,310.48,694.8631200000001,165.222,155.24,387.13949999999994,1402.46462
FARM-04976,Rice,150.94,73.0,11379.86,527.58,546.0362314285715,195.64000000000001,263.79,853.4895,1858.9557314285717
FARM-04977,Soybean,40.6,51.85,3656.32,283.69,146.87340000000003,138.958,141.845,274.224,701.9004
FARM-04978,Wheat,140.61,54.77,4151.67,231.38,508.66671857142865,146.7836,115.69,311.37525,1082.5155685714287
FARM-04979,Maize,199.8,73.62,4391.18,239.66,722.7907714285716,197.30160000000004,119.83,329.3385,1369.2608714285716
FARM-04980,Maize,159.59,69.33,4707.4,428.05,577.3282242857143,185.80440000000002,214.025,353.05499999999995,1330.2126242857144
FARM-04981,Rice,167.32,62.19,11525.06,1960.0608997924023,605.2920514285715,166.66920000000002,980.0304498962012,864.3794999999999,2616.3712013247728
FARM-04982,Rice,153.74,83.0,9953.94,464.58,556.1654314285715,222.44000000000003,232.29,746.5455000000001,1757.4409314285717
FARM-04983,Wheat,131.28,39.89,4171.05,230.82,474.9147771428572,106.90520000000001,115.41,312.82875,1010.0587271428572
FARM-04984,Rice,153.54,66.25,11796.33,278.85,555.4419171428572,177.55,139.425,884.72475,1757.141667142857
FARM-04985,Maize,193.52,63.98,5297.13,331.72,700.072422857143,171.4664,165.86,397.28475,1434.683572857143
FARM-04986,Wheat,123.51,52.13,3476.3,240.24,446.80624714285716,139.7084,120.12,260.7225,967.3571471428572
FARM-04987,Maize,171.91,59.27,4939.69,288.49,621.8967042857143,158.8436,144.245,370.47675,1295.4620542857144
FARM-04988,Cotton,135.57,56.37,8050.99,242.58,490.4341585714286,151.0716,121.29,603.82425,1366.6200085714286
FARM-04989,Wheat,139.27,66.76,4018.81,273.7,503.8191728571429,178.91680000000002,136.85,301.41075,1120.9967228571431
FARM-04990,Soybean,40.05,40.6,4635.42,217.51,144.8837357142857,108.808,108.755,347.6565,710.1032357142857
FARM-04991,Sugarcane,204.19,131.47,18237.91,521.25,738.67191,352.3396,260.625,1367.84325,2719.47976
FARM-04992,Maize,206.08,73.72,5117.72,303.15,745.50912,197.5696,151.575,383.829,1478.48272
FARM-04993,Soybean,41.15,83.53,3710.97,236.69,148.8630642857143,223.86040000000003,118.345,278.32275,769.3912142857143
FARM-04994,Sugarcane,215.96,89.04,17881.93,543.72,781.2507257142859,238.62720000000004,271.86,1341.14475,2632.882675714286
FARM-04995,Wheat,144.87,50.76,4836.98,238.3,524.077572857143,136.0368,119.15,362.77349999999996,1142.037872857143
FARM-04996,Sugarcane,184.01,,19183.17,797.37,665.6693185714287,,398.685,1438.7377499999998,
FARM-04997,Cotton,145.61,91.9,8432.54,339.41,526.7545757142858,246.29200000000003,169.705,632.4405,1575.192075714286
FARM-04998,Soybean,50.49,50.68,3613.25,154.38,182.65118142857142,135.82240000000002,77.19,270.99375,666.6573314285714
FARM-04999,Wheat,137.51,52.98,3665.27,236.03,497.4522471428571,141.9864,118.015,274.89525,1032.3488971428571
FARM-05000,Maize,199.05,47.77,4936.86,,720.0775928571429,128.02360000000002,,370.26449999999994,
FARM-05001,Maize,200.18,84.33,5715.28,304.76,724.1654485714287,226.0044,152.38,428.64599999999996,1531.1958485714288
FARM-05002,Rice,160.73,86.12,9648.6,440.75,581.4522557142857,230.80160000000004,220.375,723.645,1756.2738557142857
FARM-05003,Maize,196.86,78.64,5279.26,334.0,712.1551114285716,210.7552,167.0,395.9445,1485.8548114285716
FARM-05004,Sugarcane,209.04,86.86,18218.23,456.89,756.2171314285715,232.78480000000002,228.445,1366.36725,2583.814181428572
FARM-05005,Soybean,42.32,49.5,4211.26,200.3,153.09562285714287,132.66,100.15,315.8445,701.7501228571427
FARM-05006,Soybean,48.26,63.39,4278.07,275.28,174.58399714285713,169.8852,137.64,320.85524999999996,802.9644471428571
FARM-05007,Sugarcane,232.67,93.22,19654.42,624.58,841.7003442857142,249.8296,312.29,1474.0814999999998,2877.901444285714
FARM-05008,Wheat,107.27,43.54,4565.47,187.23,388.05688714285714,116.6872,93.615,342.41025,940.7693371428571
FARM-05009,Wheat,118.05,54.44,3922.6,224.73,427.05430714285717,145.8992,112.365,294.195,979.5135071428572
FARM-05010,Maize,188.75,62.06,5233.38,200.02,682.8166071428572,166.32080000000002,100.01,392.5035,1341.6509071428572
FARM-05011,Maize,182.79,58.12,4583.52,206.22,661.2558814285715,155.76160000000002,103.11,343.764,1263.8914814285715
FARM-05012,Maize,202.36,60.1,4674.22,217.84,732.0517542857144,161.068,108.92,350.5665,1352.6062542857144
FARM-05013,Wheat,141.15,49.47,3835.02,188.28,510.6202071428572,132.5796,94.14,287.62649999999996,1024.9663071428572
FARM-05014,Cotton,141.1,64.31,6530.34,1104.8632435142797,510.43932857142863,172.35080000000002,552.4316217571399,489.77549999999997,1724.9972503285685
FARM-05015,Sugarcane,219.84,75.28,18797.28,451.78,795.2869028571429,201.7504,225.89,1409.7959999999998,2632.7233028571427
FARM-05016,Maize,189.61,48.42,5169.83,335.81,685.9277185714286,129.7656,167.905,387.73724999999996,1371.3355685714284
FARM-05017,Rice,155.33,103.17,9979.54,456.3,561.9173700000001,276.4956,228.15,748.4655,1815.0284700000002
FARM-05018,Maize,184.09,76.24,4692.63,290.9,665.9587242857144,204.32319999999999,145.45,351.94725,1367.6791742857145
FARM-05019,Sugarcane,213.67,101.87,17527.7,529.21,772.9664871428572,273.01160000000004,264.605,1314.5775,2625.1605871428574
FARM-05020,Wheat,129.56,63.35,3820.91,234.15,468.6925542857143,169.77800000000002,117.075,286.56825,1042.1138042857144
FARM-05021,Cotton,148.8,69.58,7626.45,386.03,538.2946285714287,186.4744,193.015,571.98375,1489.7677785714286
FARM-05022,Rice,173.88,106.4,11660.84,576.18,629.0233200000001,285.15200000000004,288.09,874.563,2076.82832
FARM-05023,Soybean,53.25,68.34,3475.94,198.32,192.63567857142857,183.15120000000002,99.16,260.6955,735.6423785714285
FARM-05024,Cotton,152.2,62.52,7795.04,361.0,550.5943714285713,167.55360000000002,180.5,584.6279999999999,1483.2759714285712
FARM-05025,Maize,203.14,71.55,4956.38,343.6,734.87346,191.754,171.8,371.7285,1470.15596
FARM-05026,Soybean,47.88,55.66,3713.49,262.16,173.20932000000002,149.1688,131.08,278.51174999999995,731.9698699999999
FARM-05027,Maize,182.53,75.84,,325.56,660.315312857143,203.2512,162.78,,
FARM-05028,Cotton,160.58,71.56,7904.58,455.02,580.9096200000001,191.78080000000003,227.51,592.8435,1593.04392
FARM-05029,Maize,182.39,56.38,17855.557042313638,807.7776574825472,659.8088528571429,151.09840000000003,403.8888287412736,1339.1667781735227,2553.9628597719393
FARM-05030,Soybean,47.75,38.84,4231.9,148.09,172.7390357142857,104.09120000000001,74.045,317.3925,668.2677357142857
FARM-05031,Rice,136.31,72.89,8803.67,332.09,493.11116142857145,195.3452,166.045,660.27525,1514.7766114285714
FARM-05032,Wheat,117.6,47.94,4255.78,233.64,425.4264,128.4792,116.82,319.1835,989.9091
FARM-05033,Sugarcane,213.73,88.19,17170.33,512.63,773.1835414285714,236.3492,256.315,1287.77475,2553.6224914285713
FARM-05034,Cotton,147.86,55.68,7918.98,331.23,534.8941114285715,149.22240000000002,165.615,593.9235,1443.6550114285715
FARM-05035,Cotton,139.81,84.86,,476.12,505.7726614285715,227.4248,238.06,,
FARM-05036,Sugarcane,203.44,112.81,17558.31,608.44,735.9587314285715,302.3308,304.22,1316.87325,2659.3827814285714
FARM-05037,Wheat,133.0,51.73,4086.78,,481.13700000000006,138.6364,,306.5085,
FARM-05038,Wheat,126.63,68.29,3559.84,326.13,458.09307,183.01720000000003,163.065,266.988,1071.16327
FARM-05039,Soybean,45.49,49.21,3453.51,216.23,164.56332428571432,131.8828,108.115,259.01325,663.5743742857144
FARM-05040,Soybean,55.89,56.58,3169.5,270.33,202.18606714285718,151.6344,135.165,237.71249999999998,726.6979671428571
FARM-05041,Cotton,141.58,38.8,6035.97,317.89,512.1757628571429,103.984,158.945,452.69775,1227.802512857143
FARM-05042,Maize,202.8,62.55,4387.44,246.36,733.6434857142858,167.63400000000001,123.18,329.05799999999994,1353.515485714286
FARM-05043,Wheat,135.14,60.0,3233.6,257.95,488.8786028571428,160.8,128.975,242.51999999999998,1021.1736028571428
FARM-05044,Cotton,147.6,73.8,7928.11,290.5,533.9535428571429,197.784,145.25,594.60825,1471.595792857143
FARM-05045,Cotton,145.15,65.2,7531.26,362.18,525.0904928571429,174.73600000000002,181.09,564.8445,1445.7609928571428
FARM-05046,Maize,170.5,45.67,5254.0,197.09,616.7959285714287,122.39560000000002,98.545,394.05,1231.7865285714288
FARM-05047,Wheat,142.24,76.67,3847.36,304.56,514.5633600000001,205.47560000000001,152.28,288.552,1160.8709600000002
FARM-05048,Rice,167.73,42.0,9992.82,217.62,606.7752557142858,112.56,108.81,749.4615,1577.6067557142856
FARM-05049,Wheat,133.57,71.73,3642.02,287.28,483.1990157142857,192.23640000000003,143.64,273.1515,1092.2269157142857
FARM-05050,Soybean,44.92,63.78,3074.75,216.34,162.5013085714286,170.93040000000002,108.17,230.60625,672.2079585714287
FARM-05051,Maize,190.79,72.06,5485.28,331.83,690.1964528571428,193.12080000000003,165.915,411.39599999999996,1460.6282528571428
FARM-05052,Maize,174.42,57.85,4757.42,228.79,630.9768085714286,155.038,114.395,356.80649999999997,1257.2163085714285
FARM-05053,Wheat,112.44,48.24,3828.16,194.07,406.7597314285714,129.28320000000002,97.035,287.11199999999997,920.1899314285713
FARM-05054,Rice,136.22,68.83,8594.48,377.2,492.78558,184.4644,188.6,644.5859999999999,1510.43598
FARM-05055,Cotton,136.28,48.31,7470.32,253.11,493.0026342857143,129.47080000000003,126.555,560.274,1309.3024342857143
FARM-05056,Maize,209.77,69.79,5236.63,259.53,758.8579585714285,187.03720000000004,129.765,392.74725,1468.4074085714283
FARM-05057,Sugarcane,231.22,92.13,15729.08,512.12,836.4548657142859,246.9084,256.06,1179.681,2519.104265714286
FARM-05058,Rice,141.61,72.21,8416.88,442.02,512.28429,193.5228,221.01,631.266,1558.08309
FARM-05059,Soybean,56.51,62.45,4070.32,235.84,204.42896142857143,167.366,117.92,305.274,794.9889614285714
FARM-05060,Maize,185.88,61.55,5732.1,249.98,672.4341771428572,164.954,124.99,429.9075,1392.2856771428571
FARM-05061,Sugarcane,233.59,106.43,18770.71,628.64,845.0285100000001,285.23240000000004,314.32,1407.80325,2852.38416
FARM-05062,Wheat,,41.51,4236.09,173.26,,111.24680000000001,86.63,317.70675,
FARM-05063,Wheat,136.94,40.13,3861.32,223.47,495.39023142857144,107.54840000000002,111.735,289.599,1004.2726314285715
FARM-05064,Wheat,139.71,59.86,3699.15,183.62,505.4109042857143,160.4248,91.81,277.43625,1035.0819542857143
FARM-05065,Sugarcane,202.36,95.65,19603.36,560.43,732.0517542857144,256.34200000000004,280.215,1470.252,2738.8607542857144
FARM-05066,Sugarcane,202.2,86.97,16433.05,577.51,731.4729428571429,233.0796,288.755,1232.47875,2485.786292857143
FARM-05067,Cotton,149.48,76.6,7538.81,358.24,540.7545771428571,205.288,179.12,565.41075,1490.5733271428571
FARM-05068,Sugarcane,204.76,115.84,16770.18,484.91,740.7339257142858,310.45120000000003,242.455,1257.7635,2551.4036257142857
FARM-05069,Sugarcane,233.51,85.28,17044.19,439.57,844.7391042857143,228.55040000000002,219.785,1278.31425,2571.3887542857146
FARM-05070,Sugarcane,220.96,91.81,17812.96,410.75,799.3385828571429,246.0508,205.375,1335.972,2586.736382857143
FARM-05071,Rice,142.71,82.52,9172.9,312.07,516.2636185714287,221.1536,156.035,687.9675,1581.4197185714286
FARM-05072,Rice,171.49,54.42,10131.36,323.85,620.3773242857144,145.84560000000002,161.925,759.852,1687.9999242857143
FARM-05073,Cotton,148.91,59.69,7486.71,266.13,538.6925614285714,159.9692,133.065,561.50325,1393.2300114285713
FARM-05074,Wheat,129.05,67.58,4534.33,301.53,466.8475928571429,181.11440000000002,150.765,340.07475,1138.801742857143
FARM-05075,Maize,176.7,54.85,5117.74,301.41,639.2248714285714,146.99800000000002,150.705,383.8305,1320.7583714285715
FARM-05076,Rice,146.66,90.87,9615.52,540.55,530.5530257142857,243.53160000000003,270.275,721.164,1765.5236257142858
FARM-05077,Sugarcane,241.8,105.55,16977.29,541.85,874.7287714285715,282.874,270.925,1273.29675,2701.8245214285716
FARM-05078,Cotton,152.84,56.29,6999.21,387.96,552.9096171428572,150.8572,193.98,524.94075,1422.6875671428572
FARM-05079,Maize,183.39,63.43,4740.02,273.3,663.4264242857142,169.9924,136.65,355.5015,1325.5703242857142
FARM-05080,Maize,205.39,68.01,5656.01,243.79,743.0129957142857,182.26680000000002,121.895,424.20075,1471.3755457142856
FARM-05081,Rice,157.53,53.16,10706.13,304.23,569.8760271428572,142.4688,152.115,802.9597499999999,1667.4195771428572
FARM-05082,Rice,164.02,71.12,29436.880722910915,482.15,593.3540657142858,190.60160000000002,241.075,2207.7660542183185,3232.796719932604
FARM-05083,Rice,156.66,71.41,9103.91,454.46,566.72874,191.3788,227.23,682.79325,1668.13079
FARM-05084,Sugarcane,196.52,86.36,17580.18,421.52,710.9251371428572,231.44480000000001,210.76,1318.5135,2471.6434371428572
FARM-05085,Rice,,100.88,9352.47,559.28,,270.3584,279.64,701.4352499999999,
FARM-05086,Rice,173.38,84.19,9772.97,457.99,627.2145342857143,225.6292,228.995,732.9727499999999,1814.8114842857142
FARM-05087,Rice,151.63,73.63,11387.78,473.2,548.5323557142858,197.3284,236.6,854.0835000000001,1836.544255714286
FARM-05088,Maize,177.53,82.55,5758.59,233.86,642.2274557142857,221.234,116.93,431.89425,1412.2857057142858
FARM-05089,Sugarcane,219.77,92.01,16169.97,502.72,795.033672857143,246.58680000000004,251.36,1212.74775,2505.728222857143
FARM-05090,Wheat,133.57,81.24,3991.57,291.99,483.1990157142857,217.7232,145.995,299.36775,1146.2849657142856
FARM-05091,Maize,190.14,62.6,4986.93,283.4,687.8450314285715,167.768,141.7,374.01975,1371.3327814285715
FARM-05092,Rice,140.46,73.66,9698.84,452.74,508.124082857143,197.4088,226.37,727.413,1659.3158828571432
FARM-05093,Cotton,136.97,62.57,7418.61,328.98,495.49875857142854,167.6876,164.49,556.3957499999999,1384.0721085714285
FARM-05094,Wheat,129.81,40.36,4176.07,131.44,469.5969471428572,108.1648,65.72,313.20525,956.6869971428572
FARM-05095,Maize,703.943557370299,106.41,5829.24,349.26,2546.566100469726,285.1788,174.63,437.193,3443.567900469726
FARM-05096,Soybean,49.11,52.64,3515.66,252.21,177.65893285714287,141.07520000000002,126.105,263.67449999999997,708.5136328571429
FARM-05097,Maize,180.55,50.67,4740.03,202.21,653.1525214285716,135.7956,101.105,355.50224999999995,1245.5553714285716
FARM-05098,Soybean,36.74,51.97,4258.34,173.02,132.9095742857143,139.27960000000002,86.51,319.3755,678.0746742857143
FARM-05099,Soybean,48.53,49.69,3959.69,272.07,175.56074142857148,133.1692,136.035,296.97675,741.7416914285714
FARM-05100,Maize,207.29,87.83,4886.71,1061.531225054022,749.8863814285714,235.3844,530.765612527011,366.50325,1882.5396439555823
FARM-05101,Wheat,108.59,60.27,3634.96,233.02,392.8320814285714,161.52360000000002,116.51,272.622,943.4876814285715
FARM-05102,Cotton,164.91,59.44,7807.89,409.09,596.5737042857143,159.2992,204.545,585.59175,1546.0096542857143
FARM-05103,Maize,184.93,55.76,5141.53,333.24,668.9974842857143,149.4368,166.62,385.61474999999996,1370.6690342857141
FARM-05104,Maize,170.93,61.54,5069.72,360.65,618.3514842857144,164.9272,180.325,380.229,1343.8326842857143
FARM-05105,Cotton,146.58,76.8,7957.32,370.81,530.2636200000002,205.824,185.405,596.799,1518.2916200000002
FARM-05106,Wheat,133.25,54.29,3870.69,268.32,482.04139285714285,145.4972,134.16,290.30174999999997,1052.0003428571426
FARM-05107,Soybean,46.07,58.21,4038.89,166.02,166.6615157142857,156.0028,83.01,302.91675,708.5910657142857
FARM-05108,Soybean,43.87,,3276.37,179.67,158.70285857142858,,89.835,245.72775,
FARM-05109,Cotton,158.13,61.91,8021.82,400.1,572.04657,165.9188,200.05,601.6365,1539.6518700000001
FARM-05110,Maize,196.89,69.52,5194.84,325.2,712.2636385714286,186.3136,162.6,389.613,1450.7902385714285
FARM-05111,Wheat,136.83,60.83,4478.19,244.09,494.9922985714287,163.0244,122.045,335.86424999999997,1115.9259485714288
FARM-05112,Soybean,36.98,33.43,4383.58,200.2,133.77779142857145,89.5924,100.1,328.76849999999996,652.2386914285714
FARM-05113,Wheat,117.45,52.38,4169.76,245.64,424.8837642857143,140.37840000000003,122.82,312.732,1000.8141642857142
FARM-05114,Maize,174.74,84.14,5224.47,358.39,632.1344314285715,225.4952,179.195,391.83525000000003,1428.6598814285715
FARM-05115,Cotton,142.26,59.91,8633.43,333.96,514.6357114285714,160.5588,166.98,647.50725,1489.6817614285715
FARM-05116,Maize,162.28,79.44,5833.03,350.7,587.0594914285715,212.8992,175.35,437.47724999999997,1412.7859414285715
FARM-05117,Sugarcane,210.35,120.89,16646.63,681.93,760.95615,323.9852,340.965,1248.4972500000001,2674.4036
FARM-05118,Sugarcane,227.01,,15873.07,690.35,821.22489,,345.175,1190.4802499999998,
FARM-05119,Wheat,114.83,65.72,4267.4,203.09,415.4057271428572,176.1296,101.545,320.05499999999995,1013.1353271428571
FARM-05120,Sugarcane,237.46,88.3,18630.1,449.42,859.0285114285716,236.644,224.71,1397.2575,2717.6400114285716
FARM-05121,Maize,182.13,61.4,5185.38,242.81,658.8682842857143,164.552,121.405,388.9035,1333.7287842857143
FARM-05122,Wheat,112.37,57.51,3624.24,187.67,406.5065014285715,154.1268,93.835,271.818,926.2863014285715
FARM-05123,Cotton,135.45,239.5771293848192,7240.88,457.77,490.00005,642.0667067513155,228.885,543.066,1904.0177567513156
FARM-05124,Rice,172.2,81.33,9250.56,331.34,622.9458,217.9644,165.67,693.7919999999999,1700.3721999999998
FARM-05125,Rice,151.83,81.06,9788.13,343.37,549.2558700000001,217.2408,171.685,734.10975,1672.29142
FARM-05126,Wheat,131.79,38.8,4153.61,172.72,476.75973857142856,103.984,86.36,311.52074999999996,978.6244885714286
FARM-05127,Soybean,53.1,44.92,3743.34,168.49,192.09304285714288,120.38560000000001,84.245,280.7505,677.4741428571429
FARM-05128,Soybean,50.5,45.48,3479.77,210.19,182.68735714285714,121.8864,105.095,260.98275,670.6515071428571
FARM-05129,Sugarcane,214.45,108.22,17309.0,481.88,775.7881928571429,290.0296,240.94,1298.175,2604.932792857143
FARM-05130,Rice,149.82,94.82,10107.25,466.8,541.9845514285714,254.1176,233.4,758.0437499999999,1787.5459014285716
FARM-05131,Wheat,120.25,60.31,4105.94,216.75,435.01296428571436,161.63080000000002,108.375,307.9455,1012.9642642857143
FARM-05132,Wheat,134.95,56.9,4281.74,213.28,488.1912642857143,152.49200000000002,106.64,321.1305,1068.4537642857144
FARM-05133,Cotton,153.28,77.4,8103.05,388.82,554.5013485714287,207.43200000000002,194.41,607.72875,1564.0720985714288
FARM-05134,Cotton,151.48,52.41,7824.92,366.79,547.98972,140.4588,183.395,586.869,1458.71252
FARM-05135,Maize,177.66,54.06,5186.21,244.27,642.6977400000001,144.88080000000002,122.135,388.96575,1298.67929
FARM-05136,Sugarcane,219.56,111.72,19135.54,614.79,794.2739828571429,299.4096,307.395,1435.1655,2836.244082857143
FARM-05137,Soybean,50.47,61.05,4415.55,324.59,182.57882999999998,163.614,162.295,331.16625,839.6540799999999
FARM-05138,Cotton,157.06,,7459.0,295.54,568.1757685714286,,147.77,559.425,
FARM-05139,Soybean,40.45,65.06,4029.86,205.75,146.33076428571434,174.3608,102.875,302.2395,725.8060642857143
FARM-05140,Cotton,165.21,94.67,7100.81,452.44,597.6589757142858,253.71560000000002,226.22,532.56075,1610.155325714286
FARM-05141,Maize,190.11,67.75,5466.08,275.02,687.7365042857143,181.57000000000002,137.51,409.95599999999996,1416.7725042857144
FARM-05142,Rice,143.41,51.67,10209.86,249.79,518.7959185714285,138.47560000000001,124.895,765.7395,1547.9060185714284
FARM-05143,Wheat,135.52,52.85,4442.81,212.02,490.2532800000001,141.638,106.01,333.21075,1071.11203
FARM-05144,Cotton,136.67,75.73,7005.72,393.57,494.4134871428571,202.95640000000003,196.785,525.429,1419.583887142857
FARM-05145,Cotton,144.61,81.25,7525.63,361.61,523.1370042857144,217.75,180.805,564.42225,1486.1142542857142
FARM-05146,Sugarcane,216.42,78.28,17035.04,487.18,782.9148085714287,209.7904,243.59,1277.628,2513.9232085714284
FARM-05147,Sugarcane,214.2,122.32,17257.35,547.22,774.8838000000001,327.8176,273.61,1294.3012499999998,2670.61265
FARM-05148,Rice,155.18,89.55,9921.93,367.77,561.3747342857143,239.994,183.885,744.14475,1729.3984842857144
FARM-05149,Soybean,31.54,59.26,4310.11,233.68,114.09820285714285,158.8168,116.84,323.25825,713.0132528571428
FARM-05150,Maize,168.96,68.05,5348.7,359.24,611.2248685714287,182.374,179.62,401.1525,1374.3713685714288
FARM-05151,Sugarcane,229.63,100.96,16668.58,539.03,830.7029271428571,270.5728,269.515,1250.1435000000001,2620.9342271428573
FARM-05152,Sugarcane,220.47,119.23,16127.24,591.65,797.5659728571429,319.5364,295.825,1209.543,2622.470372857143
FARM-05153,Rice,145.63,88.52,9183.83,622.12,526.8269271428571,237.2336,311.06,688.78725,1763.907777142857
FARM-05154,Sugarcane,197.04,79.61,18008.05,438.88,712.8062742857144,213.3548,219.44,1350.60375,2496.2048242857145
FARM-05155,Rice,160.13,66.7,,311.04,579.2817128571429,178.75600000000003,155.52,,
FARM-05156,Rice,159.82,101.22,9402.5,596.29,578.1602657142857,271.2696,298.145,705.1875,1852.7623657142858
FARM-05157,Rice,151.1,92.22,10601.54,474.79,546.615042857143,247.14960000000002,237.395,795.1155,1826.2751428571428
FARM-05158,Maize,180.87,89.23,5732.66,335.01,654.3101442857144,239.13640000000004,167.505,429.9495,1490.9010442857145
FARM-05159,Wheat,110.76,41.47,4735.99,231.51,400.68221142857146,111.1396,115.755,355.19924999999995,982.7760614285714
FARM-05160,Sugarcane,209.87,90.51,18126.85,,759.2197157142859,242.56680000000003,,1359.5137499999998,
FARM-05161,Maize,173.87,68.35,4930.13,260.44,628.9871442857143,183.178,130.22,369.75975,1312.1448942857144
FARM-05162,Cotton,168.14,82.46,7953.89,449.99,608.25846,220.9928,224.995,596.54175,1650.7880099999998
FARM-05163,Sugarcane,191.55,86.68,18145.69,1171.1354942809055,692.9458071428573,232.30240000000003,585.5677471404528,1360.9267499999999,2871.7427042833096
FARM-05164,Soybean,48.63,68.75,4046.83,213.4,175.9224985714286,184.25,106.7,303.51225,770.3847485714286
FARM-05165,Sugarcane,236.16,135.81,,812.3,854.3256685714285,363.97080000000005,406.15,,
FARM-05166,Maize,193.68,45.53,5268.0,250.53,700.6512342857144,122.02040000000001,125.265,395.09999999999997,1343.0366342857144
FARM-05167,Sugarcane,188.9,120.41,18936.5,749.52,683.3592428571428,322.6988,374.76,1420.2375,2801.0555428571424
FARM-05168,Maize,180.83,72.77,5114.15,340.62,654.1654414285715,195.0236,170.31,383.56125,1403.0602914285714
FARM-05169,Maize,188.89,68.87,5080.83,286.69,683.3230671428571,184.57160000000002,143.345,381.06225,1392.301917142857
FARM-05170,Maize,196.37,61.32,5120.01,319.79,710.3825014285715,164.3376,159.895,384.00075,1418.6158514285714
FARM-05171,Wheat,130.89,56.53,3888.74,206.58,473.5039242857143,151.5004,103.29,291.65549999999996,1019.9498242857143
FARM-05172,Wheat,130.25,67.37,3717.85,184.3,471.18867857142857,180.55160000000004,92.15,278.83875,1022.7290285714286
FARM-05173,Cotton,159.82,61.04,7287.33,311.81,578.1602657142857,163.5872,155.905,546.54975,1444.2022157142856
FARM-05174,Soybean,34.21,61.12,4100.85,234.02,123.75711857142858,163.8016,117.01,307.56375,712.1324685714286
FARM-05175,Maize,205.39,68.7,4690.6,305.56,743.0129957142857,184.116,152.78,351.795,1431.7039957142858
FARM-05176,Rice,153.2,88.7,10615.94,635.17,554.2119428571427,237.716,317.585,796.1955,1905.7084428571427
FARM-05177,Soybean,46.85,47.46,4038.65,277.75,169.48322142857145,127.1928,138.875,302.89875,738.4497714285715
FARM-05178,Cotton,164.0,73.66,7376.5,408.42,593.2817142857143,197.4088,204.21,553.2375,1548.1380142857142
FARM-05179,Sugarcane,240.88,,17495.4,575.1,871.4006057142857,,287.55,1312.155,
FARM-05180,Cotton,140.01,57.73,8264.98,276.23,506.49617571428576,154.7164,138.115,619.8734999999999,1419.2010757142857
FARM-05181,Soybean,42.15,42.51,3328.94,728.8488605401539,152.4806357142857,113.9268,364.4244302700769,249.6705,880.5023659843625
FARM-05182,Sugarcane,222.55,81.16,17483.57,443.7,805.0905214285715,217.5088,221.85,1311.26775,2555.717071428571
FARM-05183,Wheat,143.23,62.39,4568.62,232.9,518.1447557142858,167.20520000000002,116.45,342.6465,1144.4464557142858
FARM-05184,Rice,152.34,103.35,10253.96,522.27,551.1008314285715,276.978,261.135,769.0469999999999,1858.2608314285712
FARM-05185,Sugarcane,207.09,100.47,17241.02,594.0,749.1628671428573,269.25960000000003,297.0,1293.0765,2608.4989671428575
FARM-05186,Rice,161.38,69.53,10898.66,439.33,583.8036771428572,186.34040000000002,219.665,817.3995,1807.2085771428572
FARM-05187,Cotton,149.29,59.52,7398.93,323.45,540.0672385714286,159.51360000000003,161.725,554.91975,1416.2255885714285
FARM-05188,Wheat,143.03,47.89,4288.79,224.35,517.4212414285714,128.3452,112.175,321.65925,1079.6006914285713
FARM-05189,Soybean,32.63,43.22,3812.69,220.73,118.04135571428574,115.8296,110.365,285.95175,630.1877057142858
FARM-05190,Rice,128.85,83.76,9693.93,358.91,466.12407857142864,224.47680000000003,179.455,727.04475,1597.1006285714288
FARM-05191,Wheat,133.71,62.53,3348.18,224.55,483.7054757142858,167.58040000000003,112.275,251.1135,1014.6743757142858
FARM-05192,Maize,193.58,54.74,4716.72,233.31,700.2894771428571,146.7032,116.655,353.754,1317.4016771428571
FARM-05193,Sugarcane,245.18,117.97,17038.92,548.17,886.956162857143,316.1596,274.085,1277.9189999999999,2755.1197628571426
FARM-05194,Rice,150.67,67.19,8662.93,360.68,545.059487142857,180.0692,180.34,649.71975,1555.188437142857
FARM-05195,Cotton,152.26,201.6970935088774,7661.8,299.89,550.8114257142856,540.5482106037915,149.945,574.635,1815.9396363180772
FARM-05196,Rice,157.21,74.2,9630.12,468.09,568.7184042857143,198.85600000000002,234.045,722.259,1723.8784042857142
FARM-05197,Wheat,107.58,55.58,4775.32,169.45,389.1783342857143,148.9544,84.725,358.14899999999994,981.0067342857142
FARM-05198,Sugarcane,214.2,134.06,17538.23,577.05,774.8838000000001,359.2808,288.525,1315.36725,2738.05685
FARM-05199,Soybean,106.98611860338144,60.82,3845.42,244.82,387.0299259133469,162.9976,122.41,288.4065,960.844025913347
FARM-05200,Sugarcane,202.19,100.46,,463.68,731.4367671428572,269.2328,231.84,,
FARM-05201,Soybean,36.32,73.77,4543.28,268.39,131.3901942857143,197.7036,134.195,340.746,804.0347942857143
FARM-05202,Sugarcane,221.83,96.55,17258.25,458.64,802.4858700000001,258.754,229.32,1294.3687499999999,2584.9286199999997
FARM-05203,Maize,203.79,84.54,5238.2,343.06,737.2248814285715,226.56720000000004,171.53,392.86499999999995,1528.1870814285717
FARM-05204,Sugarcane,182.28,87.91,18587.92,569.13,659.41092,235.5988,284.565,1394.0939999999998,2573.6687199999997
FARM-05205,Soybean,47.14,46.56,4217.72,216.55,170.53231714285715,124.78080000000001,108.275,316.329,719.9171171428573
FARM-05206,Soybean,46.66,60.7,4426.36,226.23,168.79588285714286,162.67600000000002,113.115,331.977,776.5638828571429
FARM-05207,Maize,173.87,50.4,5355.61,196.68,628.9871442857143,135.072,98.34,401.67074999999994,1264.0698942857143
FARM-05208,Soybean,45.13,45.65,3999.68,181.77,163.2609985714286,122.342,90.885,299.976,676.4639985714286
FARM-05209,Rice,149.46,98.13,9843.42,462.58,540.6822257142858,262.9884,231.29,738.2565,1773.2171257142857
FARM-05210,Sugarcane,209.77,118.77,17465.58,676.8,758.8579585714285,318.3036,338.4,1309.9185,2725.4800585714283
FARM-05211,Maize,194.74,59.66,4439.36,,704.48586,159.8888,,332.95199999999994,
FARM-05212,Maize,203.39,73.15,5374.84,260.17,735.7778528571429,196.04200000000003,130.085,403.113,1465.017852857143
FARM-05213,Soybean,50.71,69.94,4035.49,333.55,183.44704714285717,187.4392,166.775,302.66175,840.3229971428572
FARM-05214,Sugarcane,215.86,96.52,16688.04,623.55,780.8889685714287,258.6736,311.775,1251.603,2602.9405685714287
FARM-05215,Sugarcane,247.85,62.92,19022.78,443.53,896.6150785714285,168.62560000000002,221.765,1426.7085,2713.7141785714284
FARM-05216,Cotton,130.68,52.1,,341.85,472.74423428571436,139.62800000000001,170.925,,
FARM-05217,Cotton,143.87,67.11,7955.38,344.35,520.4600014285714,179.8548,172.175,596.6535,1469.1433014285712
FARM-05218,Sugarcane,211.49,108.54,19640.76,621.76,765.0801814285714,290.8872,310.88,1473.0569999999998,2839.9043814285715
FARM-05219,Sugarcane,193.17,126.98,17780.48,812.03,698.8062728571429,340.30640000000005,406.015,1333.5359999999998,2778.663672857143
FARM-05220,Wheat,139.07,59.04,3739.74,209.56,503.09565857142854,158.2272,104.78,280.48049999999995,1046.5833585714286
FARM-05221,Maize,184.44,80.25,5079.95,255.1,667.2248742857142,215.07000000000002,127.55,380.99625,1390.8411242857142
FARM-05222,Sugarcane,202.26,101.32,18380.09,1488.7280113197792,731.6899971428571,271.5376,744.3640056598896,1378.50675,3126.098352802747
FARM-05223,Maize,210.37,91.18,4389.42,275.72,761.0285014285714,244.36240000000004,137.86,329.2065,1472.4574014285715
FARM-05224,Wheat,130.53,50.52,4494.02,203.31,472.2015985714286,135.39360000000002,101.655,337.05150000000003,1046.3016985714285
FARM-05225,Wheat,129.32,54.1,4311.84,284.34,467.8243371428572,144.988,142.17,323.388,1078.3703371428571
FARM-05226,Cotton,142.05,53.73,7186.44,368.7,513.8760214285714,143.9964,184.35,538.983,1381.2054214285713
FARM-05227,Maize,151.05,66.67,5160.62,205.18,546.4341642857144,178.6756,102.59,387.0465,1214.7462642857145
FARM-05228,Sugarcane,199.53,82.86,18805.55,373.52,721.8140271428572,222.06480000000002,186.76,1410.41625,2541.055077142857
FARM-05229,Maize,204.84,99.82,4133.7,390.14,741.0233314285715,267.5176,195.07,310.0275,1513.6384314285715
FARM-05230,Sugarcane,217.73,84.01,17360.13,441.55,787.6538271428572,225.1468,220.775,1302.00975,2535.5853771428574
FARM-05231,Soybean,48.74,42.36,4010.07,165.7,176.32043142857145,113.5248,82.85,300.75525,673.4504814285715
FARM-05232,Wheat,132.55,,4261.28,199.48,479.50909285714295,,99.74,319.59599999999995,
FARM-05233,Soybean,43.83,90.84,4408.01,331.23,158.5581557142857,243.45120000000003,165.615,330.60075,898.2251057142857
FARM-05234,Soybean,40.94,46.28,4413.0,249.45,148.10337428571427,124.03040000000001,124.725,330.97499999999997,727.8337742857143
FARM-05235,Maize,191.77,209.45657236426368,5124.88,236.14,693.7416728571429,561.3436139362267,118.07,384.366,1757.5212867933694
FARM-05236,Sugarcane,229.02,91.04,15316.3,445.45,828.4962085714287,243.98720000000003,222.725,1148.7224999999999,2443.9309085714285
FARM-05237,Wheat,119.02,55.04,4069.69,149.0,430.5633514285714,147.5072,74.5,305.22675,957.7973014285715
FARM-05238,Sugarcane,218.72,92.69,17845.28,528.94,791.2352228571428,248.4092,264.47,1338.396,2642.5104228571427
FARM-05239,Soybean,44.4,34.91,3551.27,179.32,160.62017142857144,93.55879999999999,89.66,266.34524999999996,610.1842214285714
FARM-05240,Rice,134.6,68.36,11119.04,338.65,486.92511428571424,183.2048,169.325,833.928,1673.3829142857144
FARM-05241,Rice,161.23,90.21,8890.65,616.11,583.2610414285715,241.7628,308.055,666.7987499999999,1799.8775914285713
FARM-05242,Wheat,126.63,54.29,4054.34,269.17,458.09307,145.4972,134.585,304.0755,1042.25077
FARM-05243,Wheat,136.5,50.96,3328.17,310.19,493.79850000000005,136.5728,155.095,249.61275,1035.07905
FARM-05244,Sugarcane,241.21,89.4,17897.58,479.99,872.5944042857143,239.59200000000004,239.995,1342.3185,2694.4999042857144
FARM-05245,Soybean,51.28,64.07,3305.38,233.84,185.5090628571429,171.70759999999999,116.92,247.9035,722.0401628571428
FARM-05246,Rice,140.86,67.13,,524.32,509.5711114285715,179.9084,262.16,,
FARM-05247,Maize,179.64,71.02,4507.07,246.14,649.8605314285714,190.3336,123.07,338.03024999999997,1301.2943814285713
FARM-05248,Sugarcane,248.67,87.72,16881.25,453.93,899.5814871428572,235.08960000000002,226.965,1266.09375,2627.729837142857
FARM-05249,Rice,156.8,66.23,9013.09,381.0,567.2352000000001,177.49640000000002,190.5,675.98175,1611.21335
FARM-05250,Rice,147.69,96.54,11249.89,588.95,534.2791242857143,258.72720000000004,294.475,843.7417499999999,1931.2230742857143
FARM-05251,Wheat,122.74,50.47,3731.28,239.74,444.02071714285717,135.2596,119.87,279.846,978.9963171428572
FARM-05252,Soybean,42.59,40.38,4002.8,190.33,154.07236714285716,108.21840000000002,95.165,300.21,657.6657671428572
FARM-05253,Maize,177.2,86.23,4793.99,312.79,641.0336571428571,231.09640000000002,156.395,359.54925,1388.0743071428572
FARM-05254,Wheat,141.44,48.66,3665.86,228.15,511.6693028571429,130.40879999999999,114.075,274.9395,1031.092602857143
FARM-05255,Cotton,147.82,68.74,7402.86,364.61,534.7494085714286,184.2232,182.305,555.2144999999999,1456.4921085714286
FARM-05256,Cotton,134.95,78.39,7579.4,1736.117465280511,488.1912642857143,210.08520000000001,868.0587326402555,568.4549999999999,2134.7901969259697
FARM-05257,Sugarcane,238.0,58.41,16463.49,375.96,860.982,156.5388,187.98,1234.7617500000001,2440.2625500000004
FARM-05258,Rice,151.93,95.76,9641.6,574.19,549.6176271428573,256.63680000000005,287.095,723.12,1816.4694271428575
FARM-05259,Cotton,136.19,72.21,8012.84,346.48,492.67705285714294,193.5228,173.24,600.963,1460.402852857143
FARM-05260,Cotton,139.91,97.9,7115.55,555.88,506.13441857142857,262.372,277.94,533.66625,1580.1126685714287
FARM-05261,Maize,169.17,78.66,5197.64,208.72,611.9845585714286,210.8088,104.36,389.82300000000004,1316.9763585714286
FARM-05262,Sugarcane,229.81,110.38,18172.53,731.44,831.35409,295.8184,365.72,1362.9397499999998,2855.8322399999997
FARM-05263,Sugarcane,189.73,78.81,17584.0,474.95,686.3618271428572,211.2108,237.475,1318.8,2453.847627142857
FARM-05264,Maize,197.9,59.19,4154.04,279.13,715.9173857142857,158.6292,139.565,311.553,1325.6645857142857
FARM-05265,Cotton,442.4049147095423,87.18,7416.77,412.85,1600.43137931282,233.64240000000004,206.425,556.25775,2596.75652931282
FARM-05266,Wheat,121.39,50.57,4271.89,201.52,439.1369957142858,135.5276,100.76,320.39175,995.8163457142857
FARM-05267,Wheat,,64.13,3342.9,277.2,,171.8684,138.6,250.7175,
FARM-05268,Maize,165.79,,5312.73,367.16,599.7571671428572,,183.58,398.45474999999993,
FARM-05269,Maize,178.53,61.91,5117.9,279.72,645.8450271428571,165.9188,139.86,383.8425,1335.4663271428572
FARM-05270,Sugarcane,207.13,80.49,17482.32,565.37,749.3075700000002,215.7132,282.685,1311.174,2558.8797700000005
FARM-05271,Sugarcane,213.75,98.01,17267.06,449.08,773.255892857143,262.6668,224.54,1295.0295,2555.492192857143
FARM-05272,Rice,177.69,111.39,9230.82,468.12,642.8062671428572,298.52520000000004,234.06,692.3114999999999,1867.7029671428572
FARM-05273,Rice,146.03,83.58,11425.25,484.44,528.2739557142858,223.9944,242.22,856.89375,1851.382105714286
FARM-05274,Cotton,141.8,43.42,8706.75,216.98,512.9716285714287,116.36560000000001,108.49,653.00625,1390.8334785714287
FARM-05275,Maize,165.58,74.77,4182.6,283.8,598.9974771428573,200.3836,141.9,313.695,1254.9760771428573
FARM-05276,Wheat,139.5,31.68,4105.33,132.48,504.65121428571433,84.9024,66.24,307.89975,963.6933642857143
FARM-05277,Cotton,161.0,59.21,7078.94,349.34,582.4290000000001,158.68280000000001,174.67,530.9205,1446.7023
FARM-05278,Sugarcane,190.34,102.57,17476.95,481.51,688.5685457142858,274.8876,240.755,1310.77125,2514.982395714286
FARM-05279,Soybean,44.73,71.13,3735.43,,161.81397,190.6284,,280.15725,
FARM-05280,Sugarcane,193.67,84.96,18411.74,378.71,700.6150585714286,227.6928,189.355,1380.8805,2498.5433585714286
FARM-05281,Sugarcane,231.38,127.79,19225.04,491.28,837.0336771428572,342.47720000000004,245.64,1441.878,2867.028877142857
FARM-05282,Rice,171.06,83.56,10317.84,566.03,618.8217685714286,223.94080000000002,283.015,773.838,1899.6155685714286
FARM-05283,Maize,170.83,64.98,5303.05,270.09,617.9897271428572,174.14640000000003,135.045,397.72875,1324.909877142857
FARM-05284,Soybean,47.78,52.03,4032.8,247.39,172.8475628571429,139.4404,123.695,302.46,738.4429628571429
FARM-05285,Sugarcane,222.09,84.04,18194.43,464.43,803.4264385714287,225.22720000000004,232.215,1364.58225,2625.4508885714285
FARM-05286,Wheat,116.56,53.69,3913.83,723.405681675773,421.6641257142858,143.88920000000002,361.7028408378865,293.53725,1220.7934165521724
FARM-05287,Cotton,135.36,75.85,6712.01,330.48,489.67446857142863,203.278,165.24,503.40075,1361.5932185714287
FARM-05288,Cotton,128.69,72.82,6264.46,320.62,465.54526714285714,195.1576,160.31,469.8345,1290.8473671428571
FARM-05289,Sugarcane,211.72,108.6,18136.73,629.05,765.9122228571429,291.048,314.525,1360.2547499999998,2731.7399728571427
FARM-05290,Rice,137.26,65.41,9522.72,,496.54785428571427,175.2988,,714.204,
FARM-05291,Maize,210.65,80.83,5394.01,324.58,762.0414214285715,216.6244,162.29,404.55075,1545.5065714285715
FARM-05292,Rice,148.47,66.07,9920.62,420.71,537.1008300000001,177.0676,210.355,744.0465,1668.56993
FARM-05293,Wheat,118.92,51.48,3588.55,249.02,430.20159428571435,137.9664,124.51,269.14125,961.8192442857144
FARM-05294,Wheat,106.19,59.37,4565.85,246.05,384.14991000000003,159.1116,123.025,342.43875,1008.72526
FARM-05295,Sugarcane,213.75,104.33,17384.87,654.74,773.255892857143,279.6044,327.37,1303.8652499999998,2684.095542857143
FARM-05296,Rice,158.62,,10913.29,463.15,573.8191800000001,,231.575,818.49675,
FARM-05297,Sugarcane,246.0,451.39023926865394,17547.64,575.97,889.9225714285716,1209.7258412399926,287.985,1316.0729999999999,3703.706412668564
FARM-05298,Cotton,,63.17,6230.22,336.4,,169.2956,168.2,467.2665,
FARM-05299,Wheat,126.23,53.77,4268.1,291.02,456.6460414285715,144.10360000000003,145.51,320.1075,1066.3671414285716
FARM-05300,Maize,198.02,62.32,5018.23,299.96,716.3514942857144,167.01760000000002,149.98,376.36724999999996,1409.7163442857143
FARM-05301,Rice,137.25,72.61,9339.9,531.0,496.51167857142866,194.59480000000002,265.5,700.4925,1657.0989785714287
FARM-05302,Cotton,142.94,45.81,8493.62,303.12,517.0956600000001,122.77080000000001,151.56,637.0215000000001,1428.4479600000002
FARM-05303,Maize,206.73,103.95,5079.61,286.66,747.8605414285714,278.586,143.33,380.97074999999995,1550.7472914285713
FARM-05304,Cotton,130.55,77.07,8469.12,400.1,472.27395,206.5476,200.05,635.1840000000001,1514.05555
FARM-05305,Soybean,54.34,54.43,4390.44,216.36,196.57883142857145,145.8724,108.18,329.28299999999996,779.9142314285714
FARM-05306,Sugarcane,226.26,112.55,,668.21,818.5117114285714,301.634,334.105,,
FARM-05307,Sugarcane,224.13,102.02,17619.0,501.12,810.8062842857144,273.41360000000003,250.56,1321.425,2656.2048842857143
FARM-05308,Sugarcane,230.99,115.55,18029.7,634.87,835.6228242857144,309.67400000000004,317.435,1352.2275,2814.9593242857145
FARM-05309,Maize,182.46,79.79,5169.1,269.31,660.0620828571429,213.83720000000002,134.655,387.6825,1396.2367828571428
FARM-05310,Rice,162.83,106.19,9893.65,,589.0491557142858,284.5892,,742.02375,
FARM-05311,Maize,170.73,67.51,4613.78,234.32,617.62797,180.92680000000001,117.16,346.03349999999995,1261.7482699999998
FARM-05312,Cotton,129.02,53.87,6419.33,361.93,466.7390657142858,144.3716,180.965,481.44975,1273.5254157142858
FARM-05313,Cotton,149.2,59.12,7197.5,346.23,539.7416571428571,158.4416,173.115,539.8125,1411.110757142857
FARM-05314,Wheat,112.46,70.38,3831.5,276.72,406.83208285714284,188.6184,138.36,287.3625,1021.1729828571429
FARM-05315,Cotton,129.86,47.43,7463.38,222.82,469.77782571428577,127.11240000000001,111.41,559.7535,1268.0537257142857
FARM-05316,Sugarcane,207.26,84.14,17450.46,380.23,749.7778542857143,225.4952,190.115,1308.7845,2474.1725542857143
FARM-05317,Rice,178.5,80.7,9349.55,548.46,645.7365,216.276,274.23,701.21625,1837.45875
FARM-05318,Soybean,39.09,53.35,4159.93,216.53,141.41086714285714,142.978,108.265,311.99475,704.6486171428571
FARM-05319,Rice,160.99,90.57,9925.98,546.41,582.3928242857144,242.7276,273.205,744.4485,1842.7739242857142
FARM-05320,Cotton,144.5,65.58,8611.22,356.83,522.7390714285714,175.7544,178.415,645.8414999999999,1522.7499714285714
FARM-05321,Maize,187.29,64.71,4868.19,333.63,677.5349528571428,173.4228,166.815,365.11424999999997,1382.8870028571428
FARM-05322,Maize,185.94,56.68,4602.83,281.06,672.6512314285715,151.9024,140.53,345.21225,1310.2958814285714
FARM-05323,Wheat,117.88,60.19,3769.53,263.67,426.43932000000007,161.3092,131.835,282.71475,1002.2982700000001
FARM-05324,Cotton,147.1,64.53,7292.06,375.33,532.1447571428571,172.9404,187.665,546.9045,1439.654657142857
FARM-05325,Rice,146.97,96.34,11288.21,432.29,531.6744728571429,258.19120000000004,216.145,846.6157499999999,1852.6264228571429
FARM-05326,Maize,199.93,65.04,4552.6,266.03,723.2610557142858,174.30720000000002,133.015,341.445,1372.0282557142857
FARM-05327,Soybean,40.98,59.75,4070.46,239.21,148.24807714285714,160.13,119.605,305.2845,733.2675771428571
FARM-05328,Soybean,46.63,69.44,3821.03,257.31,168.68735571428573,186.0992,128.655,286.57725,770.0188057142857
FARM-05329,Wheat,121.02,47.95,4213.75,,437.79849428571436,128.50600000000003,,316.03125,
FARM-05330,Soybean,41.97,48.68,3990.72,204.1,151.82947285714286,130.4624,102.05,299.304,683.6458728571429
FARM-05331,Cotton,156.17,59.47,7275.75,331.62,564.95613,159.3796,165.81,545.68125,1435.8269799999998
FARM-05332,Cotton,151.25,51.68,7585.44,336.29,547.1576785714286,138.5024,168.145,568.9079999999999,1422.7130785714285
FARM-05333,Soybean,42.45,48.62,4155.48,168.82,153.56590714285716,130.3016,84.41,311.66099999999994,679.9385071428571
FARM-05334,Wheat,131.68,62.14,3344.47,266.94,476.36180571428577,166.5352,133.47,250.83524999999997,1027.202255714286
FARM-05335,Soybean,39.82,44.82,4481.97,215.07,144.0516942857143,120.11760000000001,107.535,336.14775000000003,707.8520442857143
FARM-05336,Wheat,136.76,68.96,3227.23,228.18,494.73906857142856,184.81279999999998,114.09,242.04225,1035.6841185714286
FARM-05337,Cotton,172.55,60.78,7706.68,353.44,624.2119500000001,162.8904,176.72,578.001,1541.8233500000001
FARM-05338,Sugarcane,218.06,91.52,17528.18,502.88,788.8476257142859,245.27360000000002,251.44,1314.6135,2600.174725714286
FARM-05339,Soybean,49.09,53.25,14705.30025942649,237.43,177.58658142857144,142.71,118.715,1102.8975194569869,1541.9091008855585
FARM-05340,Maize,173.21,65.54,4968.23,246.19,626.5995471428572,175.64720000000003,123.095,372.61724999999996,1297.9589971428572
FARM-05341,Sugarcane,191.88,130.85,16206.29,718.33,694.1396057142858,350.678,359.165,1215.47175,2619.454355714286
FARM-05342,Cotton,166.7,65.44,8254.48,,603.0491571428572,175.3792,,619.0859999999999,
FARM-05343,Sugarcane,208.18,79.87,18393.03,456.98,753.1060200000002,214.05160000000004,228.49,1379.47725,2575.12487
FARM-05344,Wheat,124.44,32.08,4000.07,151.4,450.1705885714286,85.9744,75.7,300.00525,911.8502385714287
FARM-05345,Cotton,160.36,69.19,6928.89,456.43,580.1137542857143,185.4292,228.215,519.66675,1513.4247042857144
FARM-05346,Cotton,133.89,55.67,7025.97,404.06,484.35663857142856,149.1956,202.03,526.94775,1362.5299885714285
FARM-05347,Maize,191.82,62.39,5213.46,277.34,693.9225514285714,167.20520000000002,138.67,391.0095,1390.8072514285714
FARM-05348,Rice,144.99,61.12,10524.45,484.99,524.5116814285715,163.8016,242.495,789.33375,1720.1420314285715
FARM-05349,Cotton,172.61,55.4,6858.15,292.06,624.4290042857144,148.472,146.03,514.3612499999999,1433.2922542857143
FARM-05350,Cotton,164.42,68.99,6716.04,310.36,594.8010942857143,184.8932,155.18,503.703,1438.5772942857143
FARM-05351,Rice,152.64,110.41,8384.06,576.44,552.1861028571428,295.8988,288.22,628.8045,1765.1094028571429
FARM-05352,Rice,155.39,91.33,10215.62,405.22,562.1344242857143,244.76440000000002,202.61,766.1715,1775.6803242857145
FARM-05353,Cotton,165.17,71.46,8025.56,416.26,597.5142728571429,191.5128,208.13,601.917,1599.074072857143
FARM-05354,Wheat,129.45,48.79,3565.56,201.98,468.2946214285714,130.7572,100.99,267.417,967.4588214285714
FARM-05355,Wheat,111.6,73.71,4186.0,267.66,403.72097142857143,197.5428,133.83,313.95,1049.0437714285715
FARM-05356,Rice,150.61,50.65,10774.02,,544.842432857143,135.742,,808.0515,
FARM-05357,Sugarcane,219.59,94.57,16349.1,575.34,794.3825100000001,253.4476,287.67,1226.1825,2561.68261
FARM-05358,Wheat,142.0,51.14,4054.88,177.06,513.6951428571429,137.0552,88.53,304.116,1043.3963428571428
FARM-05359,Soybean,55.02,56.66,3855.3,246.21,199.03878000000003,151.8488,123.105,289.1475,763.1400800000001
FARM-05360,Wheat,126.0,55.77,4737.62,201.14,455.814,149.4636,100.57,355.32149999999996,1061.1691
FARM-05361,Wheat,114.29,69.75,3646.15,254.58,413.4522385714286,186.93,127.29,273.46125,1001.1334885714286
FARM-05362,Rice,158.94,92.76,9590.88,547.7,574.976802857143,248.59680000000003,273.85,719.3159999999999,1816.739602857143
FARM-05363,Sugarcane,192.79,88.23,18722.85,635.64,697.4315957142858,236.45640000000003,317.82,1404.21375,2655.921745714286
FARM-05364,Rice,138.18,80.11,8851.25,442.93,499.87602000000004,214.69480000000001,221.465,663.84375,1599.87957
FARM-05365,Cotton,145.07,71.63,7063.61,522.18,524.8010871428571,191.9684,261.09,529.7707499999999,1507.630237142857
FARM-05366,Soybean,46.27,49.2,4016.84,227.29,167.38503000000003,131.85600000000002,113.645,301.263,714.14903
FARM-05367,Cotton,156.74,64.05,6599.01,308.87,567.0181457142858,171.654,154.435,494.92575,1388.0328957142856
FARM-05368,Sugarcane,213.26,102.11,17755.98,586.78,771.4832828571429,273.6548,293.39,1331.6985,2670.2265828571426
FARM-05369,Sugarcane,189.85,68.06,18986.32,494.36,686.7959357142857,182.4008,247.18,1423.974,2540.3507357142857
FARM-05370,Sugarcane,233.19,122.94,19612.97,479.29,843.5814814285716,329.4792,239.645,1470.9727500000001,2883.6784314285715
FARM-05371,Soybean,31.13,49.65,4235.71,242.5,112.61499857142859,133.062,121.25,317.67825,684.6052485714285
FARM-05372,Sugarcane,195.76,95.47,16555.82,534.44,708.1757828571428,255.8596,267.22,1241.6865,2472.941882857143
FARM-05373,Soybean,35.32,51.48,4577.86,199.83,127.77262285714286,137.9664,99.915,343.3395,708.9935228571428
FARM-05374,Rice,166.76,74.06,11034.72,478.9,603.2662114285713,198.48080000000002,239.45,827.6039999999999,1868.8010114285712
FARM-05375,Sugarcane,192.79,90.01,17857.1,476.43,697.4315957142858,241.22680000000003,238.215,1339.2824999999998,2516.1558957142856
FARM-05376,Maize,180.35,71.08,4987.55,358.71,652.4290071428572,190.4944,179.355,374.06625,1396.3446571428574
FARM-05377,Cotton,158.63,78.09,8825.3,466.89,573.8553557142857,209.2812,233.445,661.8974999999999,1678.4790557142856
FARM-05378,Maize,208.31,79.05,4769.21,288.99,753.5763042857143,211.854,144.495,357.69075,1467.6160542857144
FARM-05379,Wheat,129.18,49.13,4770.91,162.66,467.3178771428572,131.66840000000002,81.33,357.81825,1038.1345271428572
FARM-05380,Soybean,46.17,51.49,3415.05,260.46,167.0232728571429,137.9932,130.23,256.12875,691.375222857143
FARM-05381,Soybean,49.44,,4274.64,186.75,178.85273142857145,,93.375,320.598,
FARM-05382,Wheat,147.47,56.62,4906.17,231.14,533.4832585714287,151.7416,115.57,367.96274999999997,1168.7576085714286
FARM-05383,Wheat,125.11,,3861.98,248.78,452.59436142857146,,124.39,289.6485,
FARM-05384,Wheat,132.28,64.37,4261.15,306.16,478.5323485714286,172.51160000000002,153.08,319.58624999999995,1123.7101985714285
FARM-05385,Sugarcane,219.01,114.46,19612.82,647.0,792.2843185714287,306.7528,323.5,1470.9615,2893.498618571429
FARM-05386,Rice,131.39,63.17,9024.32,395.27,475.31271000000004,169.2956,197.635,676.824,1519.06731
FARM-05387,Wheat,132.63,,3494.76,222.31,479.7984985714286,,111.155,262.107,
FARM-05388,Rice,594.7980147907651,65.09,10356.9,468.29,2151.724304078078,174.4412,234.145,776.7674999999999,3337.0780040780783
FARM-05389,Cotton,160.49,44.68,7270.58,264.99,580.5840385714287,119.7424,132.495,545.2935,1378.1149385714286
FARM-05390,Wheat,118.74,62.18,3466.3,253.15,429.5504314285714,166.6424,126.575,259.9725,982.7403314285716
FARM-05391,Wheat,133.22,80.01,4305.1,295.62,481.93286571428575,214.42680000000001,147.81,322.8825,1167.0521657142856
FARM-05392,Soybean,44.7,42.52,4283.9,155.72,161.70544285714288,113.95360000000001,77.86,321.29249999999996,674.8115428571429
FARM-05393,Maize,153.11,67.08,4514.22,249.67,553.8863614285715,179.7744,124.835,338.5665,1197.0622614285717
FARM-05394,Soybean,47.86,58.23,4306.43,233.71,173.13696857142855,156.0564,116.855,322.98225,769.0306185714286
FARM-05395,Wheat,114.78,50.3,4666.26,206.7,415.22484857142854,134.804,103.35,349.9695,1003.3483485714285
FARM-05396,Wheat,113.17,31.16,4151.56,125.39,409.40055857142863,83.50880000000001,62.695,311.367,866.9713585714287
FARM-05397,Maize,218.1,58.09,4322.81,209.56,788.9923285714286,155.68120000000002,104.78,324.21075,1373.6642785714287
FARM-05398,Maize,183.41,92.02,5032.36,368.95,663.4987757142858,246.6136,184.475,377.42699999999996,1472.0143757142857
FARM-05399,Wheat,,,3703.82,244.58,,,122.29,277.7865,
FARM-05400,Cotton,154.55,61.42,7725.29,410.01,559.0956642857143,164.6056,205.005,579.39675,1508.1030142857144
FARM-05401,Wheat,117.58,42.58,4213.02,187.03,425.3540485714286,114.1144,93.515,315.97650000000004,948.9599485714286
FARM-05402,Soybean,52.51,67.74,3859.22,310.47,189.9586757142857,181.54319999999998,155.235,289.44149999999996,816.1783757142857
FARM-05403,Soybean,45.84,57.38,4808.83,239.46,165.8294742857143,153.7784,119.73,360.66225,800.0001242857143
FARM-05404,Maize,183.91,63.41,4874.93,306.23,665.3075614285715,169.93880000000001,153.115,365.61975,1353.9811114285715
FARM-05405,Rice,137.04,54.64,11511.75,364.69,495.7519885714285,146.4352,182.345,863.38125,1687.9134385714287
FARM-05406,Sugarcane,205.69,117.82,16183.83,649.68,744.0982671428571,315.7576,324.84,1213.7872499999999,2598.483117142857
FARM-05407,Sugarcane,210.41,89.57,16790.15,373.86,761.1732042857143,240.0476,186.93,1259.26125,2447.4120542857145
FARM-05408,Rice,134.17,73.83,10584.95,440.46,485.36955857142857,197.86440000000002,220.23,793.87125,1697.3352085714287
FARM-05409,Cotton,157.8,60.29,7103.21,354.86,570.8527714285715,161.5772,177.43,532.7407499999999,1442.6007214285714
FARM-05410,Wheat,125.72,32.76,3928.22,146.35,454.80108000000007,87.7968,73.175,294.6165,910.38938
FARM-05411,Cotton,148.84,71.64,7227.56,430.33,538.4393314285714,191.9952,215.165,542.067,1487.6665314285715
FARM-05412,Soybean,52.77,40.52,3961.12,215.57,190.8992442857143,108.59360000000001,107.785,297.084,704.3618442857144
FARM-05413,Maize,157.07,67.88,5562.53,297.77,568.2119442857143,181.9184,148.885,417.18974999999995,1316.2050942857143
FARM-05414,Cotton,131.78,100.77,8341.53,452.18,476.7235628571429,270.0636,226.09,625.6147500000001,1598.491912857143
FARM-05415,Cotton,159.5,68.79,8206.24,398.56,577.002642857143,184.35720000000003,199.28,615.468,1576.107842857143
FARM-05416,Maize,190.78,66.95,5272.64,377.4,690.1602771428572,179.42600000000002,188.7,395.44800000000004,1453.7342771428573
FARM-05417,Wheat,122.74,56.04,4368.14,217.92,444.02071714285717,150.18720000000002,108.96,327.6105,1030.7784171428573
FARM-05418,Maize,167.99,59.47,5324.79,347.6,607.7158242857143,159.3796,173.8,399.35925,1340.2546742857144
FARM-05419,Wheat,127.88,71.41,,231.23,462.6150342857143,191.3788,115.615,,
FARM-05420,Soybean,36.43,44.0,3755.05,233.62,131.78812714285715,117.92,116.81,281.62875,648.1468771428572
FARM-05421,Soybean,36.72,57.64,3923.18,213.89,132.83722285714288,154.4752,106.945,294.2385,688.4959228571429
FARM-05422,Maize,169.24,94.98,4950.02,408.62,612.2377885714286,254.54640000000003,204.31,371.2515,1442.3456885714288
FARM-05423,Sugarcane,216.75,83.83,18801.26,400.87,784.1086071428572,224.6644,200.435,1410.0945,2619.3025071428574
FARM-05424,Soybean,49.4,52.93,,200.61,178.70802857142857,141.85240000000002,100.305,,
FARM-05425,Sugarcane,243.93,105.28,16578.62,680.23,882.4341985714286,282.15040000000005,340.115,1243.3964999999998,2748.0960985714282
FARM-05426,Rice,152.24,50.12,10804.11,240.17,550.7390742857143,134.3216,120.085,810.30825,1615.4539242857145
FARM-05427,Soybean,45.01,45.83,4231.94,161.93,162.82689,122.8244,80.965,317.39549999999997,684.01179
FARM-05428,Sugarcane,,128.0,19025.19,702.99,,343.04,351.495,1426.88925,
FARM-05429,Maize,192.47,66.63,4969.58,313.77,696.273972857143,178.5684,156.885,372.7185,1404.445872857143
FARM-05430,Rice,133.54,67.91,10225.43,369.42,483.0904885714285,181.9988,184.71,766.90725,1616.7065385714286
FARM-05431,Wheat,118.4,74.68,4255.46,358.26,428.3204571428572,200.14240000000004,179.13,319.1595,1126.7523571428574
FARM-05432,Maize,188.2,59.95,5093.63,294.47,680.826942857143,160.66600000000003,147.235,382.02225,1370.750192857143
FARM-05433,Sugarcane,239.38,119.04,18711.57,544.28,865.9742485714287,319.02720000000005,272.14,1403.36775,2860.5091985714284
FARM-05434,Sugarcane,229.99,87.31,18537.57,443.84,832.005252857143,233.9908,221.92,1390.31775,2678.233802857143
FARM-05435,Rice,148.6,73.3,9116.27,340.33,537.5711142857142,196.44400000000002,170.165,683.72025,1587.9003642857142
FARM-05436,Cotton,133.6,57.04,7450.39,295.56,483.3075428571429,152.8672,147.78,558.77925,1342.7339928571428
FARM-05437,Sugarcane,220.19,150.67,17132.74,649.26,796.5530528571429,403.7956,324.63,1284.9555,2809.934152857143
FARM-05438,Wheat,123.86,,4782.03,184.33,448.0723971428572,,92.165,358.65225,
FARM-05439,Cotton,154.19,71.86,8858.73,359.85,557.7933385714286,192.5848,179.925,664.4047499999999,1594.7078885714286
FARM-05440,Rice,142.37,56.87,10403.33,330.5,515.0336442857142,152.4116,165.25,780.24975,1612.944994285714
FARM-05441,Soybean,49.17,41.35,3266.91,194.89,177.87598714285716,110.81800000000001,97.445,245.01824999999997,631.1572371428572
FARM-05442,Cotton,132.08,70.03,7109.06,379.4,477.8088342857144,187.68040000000002,189.7,533.1795,1388.3687342857145
FARM-05443,Sugarcane,209.28,100.47,18600.07,573.74,757.0853485714285,269.25960000000003,286.87,1395.00525,2708.220198571428
FARM-05444,Maize,184.71,55.81,5315.77,236.1,668.2016185714288,149.57080000000002,118.05,398.68275,1334.5051685714286
FARM-05445,Maize,174.0,62.09,4584.28,202.2,629.4574285714286,166.40120000000002,101.1,343.82099999999997,1240.7796285714287
FARM-05446,Soybean,49.07,52.27,3985.37,209.24,177.51423,140.08360000000002,104.62,298.90274999999997,721.12058
FARM-05447,Soybean,42.12,,3480.23,214.49,152.37210857142856,,107.245,261.01725,
FARM-05448,Soybean,30.91,49.41,3573.86,246.46,111.81913285714286,132.4188,123.23,268.0395,635.5074328571429
FARM-05449,Sugarcane,228.34,96.14,15919.52,584.04,826.0362600000001,257.65520000000004,292.02,1193.964,2569.67546
FARM-05450,Cotton,146.52,35.0,8290.57,244.83,530.0465657142857,93.80000000000001,122.415,621.79275,1368.0543157142856
FARM-05451,Maize,179.21,66.34,5001.68,229.4,648.3049757142858,177.79120000000003,114.7,375.12600000000003,1315.922175714286
FARM-05452,Cotton,175.23,76.97,7760.85,333.18,633.9070414285715,206.27960000000002,166.59,582.06375,1588.8403914285714
FARM-05453,Cotton,146.32,85.57,7387.12,384.44,529.3230514285714,229.3276,192.22,554.034,1504.9046514285715
FARM-05454,Wheat,126.81,55.88,4968.96,215.25,458.74423285714295,149.75840000000002,107.625,372.67199999999997,1088.799632857143
FARM-05455,Sugarcane,214.24,70.64,18645.48,361.12,775.0285028571429,189.3152,180.56,1398.4109999999998,2543.314702857143
FARM-05456,Wheat,135.64,47.96,4163.53,192.94,490.6873885714285,128.5328,96.47,312.26475,1027.9549385714286
FARM-05457,Maize,195.77,65.42,4503.53,285.56,708.2119585714286,175.3256,142.78,337.76475,1364.0823085714287
FARM-05458,Maize,201.02,78.13,4324.91,333.95,727.2042085714288,209.3884,166.975,324.36825,1427.9358585714288
FARM-05459,Maize,187.03,63.97,4743.51,231.41,676.5943842857143,171.4396,115.705,355.76325,1319.5022342857144
FARM-05460,Soybean,49.95,56.64,3764.73,227.04,180.6976928571429,151.79520000000002,113.52,282.35474999999997,728.3676428571429
FARM-05461,Rice,146.58,65.32,11298.64,,530.2636200000002,175.05759999999998,,847.3979999999999,
FARM-05462,Maize,188.96,68.79,4857.59,317.64,683.5762971428572,184.35720000000003,158.82,364.31925,1391.0727471428572
FARM-05463,Soybean,51.23,62.64,4200.98,227.34,185.3281842857143,167.8752,113.67,315.07349999999997,781.9468842857143
FARM-05464,Rice,148.62,71.93,8497.13,407.49,537.6434657142858,192.77240000000003,203.745,637.2847499999999,1571.4456157142859
FARM-05465,Rice,132.76,76.55,10876.27,433.68,480.26878285714287,205.154,216.84,815.72025,1717.983032857143
FARM-05466,Soybean,44.26,60.24,4178.66,191.02,160.11371142857143,161.44320000000002,95.51,313.3995,730.4664114285714
FARM-05467,Wheat,101.15,48.29,4282.88,223.7,365.91735000000006,129.4172,111.85,321.216,928.4005500000001
FARM-05468,Rice,125.72,90.39,8758.16,463.8,454.80108000000007,242.2452,231.9,656.862,1585.80828
FARM-05469,Soybean,46.91,54.41,3472.67,218.91,169.70027571428568,145.8188,109.455,260.45025,685.4243257142857
FARM-05470,Soybean,41.04,64.62,3282.34,262.88,148.46513142857145,173.18160000000003,131.44,246.1755,699.2622314285715
FARM-05471,Rice,158.79,88.45,8185.6,438.08,574.4341671428572,237.04600000000002,219.04,613.92,1644.4401671428573
FARM-05472,Rice,137.84,64.78,11608.3,504.22,498.6460457142857,173.61040000000003,252.11,870.6225,1794.9889457142858
FARM-05473,Rice,159.95,73.25,10088.97,336.98,578.63055,196.31,168.49,756.67275,1700.1033
FARM-05474,Soybean,49.51,62.24,3587.56,218.76,179.10596142857145,166.8032,109.38,269.067,724.3561614285715
FARM-05475,Wheat,123.31,68.94,4591.69,286.83,446.08273285714296,184.7592,143.415,344.37674999999996,1118.633682857143
FARM-05476,Cotton,,62.62,7869.38,319.43,,167.8216,159.715,590.2035,
FARM-05477,Sugarcane,620.3841496692686,,15841.17,586.79,2244.2839745821266,,293.395,1188.08775,
FARM-05478,Maize,191.12,81.05,5040.79,314.16,691.3902514285716,217.214,157.08,378.05924999999996,1443.7435014285716
FARM-05479,Cotton,166.8,77.53,7862.05,413.12,603.4109142857144,207.78040000000001,206.56,589.65375,1607.4050642857144
FARM-05480,Maize,155.2,71.7,4841.77,275.49,561.4470857142857,192.156,137.745,363.13275000000004,1254.4808357142858
FARM-05481,Rice,149.39,88.46,10772.82,459.12,540.4289957142857,237.0728,229.56,807.9615,1815.0232957142857
FARM-05482,Maize,162.45,61.45,4919.52,234.84,587.6744785714286,164.686,117.42,368.964,1238.7444785714285
FARM-05483,Soybean,45.28,48.21,3538.93,193.49,163.8036342857143,129.2028,96.745,265.41974999999996,655.1711842857143
FARM-05484,Soybean,48.39,51.59,3672.58,175.87,175.05428142857147,138.26120000000003,87.935,275.4435,676.6939814285715
FARM-05485,Sugarcane,211.38,121.99,18168.78,665.33,764.6822485714287,326.9332,332.665,1362.6584999999998,2786.938948571428
FARM-05486,Maize,,68.4,4682.93,306.28,,183.31200000000004,153.14,351.21975000000003,
FARM-05487,Sugarcane,217.6,262.6474179062102,16476.76,648.58,787.1835428571429,703.8950799886434,324.29,1235.7569999999998,3051.125622845786
FARM-05488,Wheat,119.05,49.71,,276.5,430.6718785714286,133.2228,138.25,,
FARM-05489,Soybean,48.54,57.36,11393.833427599418,273.43,175.59691714285717,153.72480000000002,136.715,854.5375070699564,1320.5742242128135
FARM-05490,Cotton,144.18,72.44,6715.98,341.4,521.5814485714286,194.13920000000002,170.7,503.69849999999997,1390.1191485714287
FARM-05491,Cotton,131.31,54.85,7904.75,370.62,475.02330428571435,146.99800000000002,185.31,592.8562499999999,1400.1875542857142
FARM-05492,Soybean,45.38,70.79,4014.4,325.45,164.16539142857144,189.71720000000002,162.725,301.08,817.6875914285715
FARM-05493,Maize,175.21,66.27,5081.1,212.44,633.8346900000001,177.6036,106.22,381.08250000000004,1298.7407900000003
FARM-05494,Cotton,161.4,58.32,6755.36,279.05,583.8760285714286,156.29760000000002,139.525,506.65199999999993,1386.3506285714284
FARM-05495,Sugarcane,222.28,100.26,17474.26,426.52,804.1137771428572,268.69680000000005,213.26,1310.5694999999998,2596.640077142857
FARM-05496,Wheat,133.84,54.8,4216.39,225.36,484.17576,146.864,112.68,316.22925000000004,1059.94901
FARM-05497,Maize,187.67,77.11,4826.28,473.31,678.90963,206.65480000000002,236.655,361.97099999999995,1484.19043
FARM-05498,Soybean,49.98,48.08,4163.11,156.13,180.80622,128.8544,78.065,312.23324999999994,699.9588699999999
FARM-05499,Cotton,141.95,71.81,7872.28,373.26,513.5142642857143,192.45080000000002,186.63,590.4209999999999,1483.0160642857143
FARM-05500,Wheat,420.3970787125559,58.18,3556.28,225.59,1520.8164606054365,155.9224,112.795,266.721,2056.2548606054365
FARM-05501,Rice,138.95,124.79,11131.86,570.2,502.6615499999999,334.4372,285.1,834.8895,1957.08825
FARM-05502,Soybean,49.4,59.68,4405.01,214.56,178.70802857142857,159.94240000000002,107.28,330.37575,776.3061785714285
FARM-05503,Rice,165.37,81.58,9189.96,527.58,598.2377871428571,218.6344,263.79,689.247,1769.9091871428573
FARM-05504,Sugarcane,236.82,75.73,16418.86,411.65,856.7132657142859,202.95640000000003,205.825,1231.4145,2496.9091657142862
FARM-05505,Rice,153.65,89.57,10925.35,477.92,555.8398500000001,240.0476,238.96,819.40125,1854.2487
FARM-05506,Maize,201.57,74.86,5681.79,315.98,729.1938728571429,200.62480000000002,157.99,426.13425,1513.942922857143
FARM-05507,Soybean,41.99,49.13,3712.73,204.96,151.9018242857143,131.66840000000002,102.48,278.45475,664.5049742857143
FARM-05508,Sugarcane,185.34,122.89,17513.4,608.06,670.4806885714286,329.34520000000003,304.03,1313.505,2617.3608885714284
FARM-05509,Wheat,148.07,,3321.27,194.3,535.6538014285715,,97.15,249.09525,
FARM-05510,Wheat,137.99,67.24,3663.48,275.44,499.18868142857144,180.2032,137.72,274.76099999999997,1091.8728814285714
FARM-05511,Maize,180.95,80.86,5689.7,363.51,654.5995499999999,216.7048,181.755,426.72749999999996,1479.78685
FARM-05512,Wheat,119.0,57.85,4021.14,181.59,430.491,155.038,90.795,301.58549999999997,977.9095
FARM-05513,Maize,193.67,88.91,5261.47,285.42,700.6150585714286,238.27880000000002,142.71,394.61025,1476.2141085714286
FARM-05514,Soybean,53.78,36.13,,181.28,194.55299142857143,96.82840000000002,90.64,,
FARM-05515,Soybean,48.88,47.65,4374.24,232.71,176.82689142857146,127.702,116.355,328.068,748.9518914285715
FARM-05516,Cotton,147.83,,7161.98,354.03,534.7855842857143,,177.015,537.1484999999999,
FARM-05517,Maize,155.07,77.01,5165.71,330.52,560.9768014285714,206.38680000000002,165.26,387.42825,1320.0518514285714
FARM-05518,Sugarcane,244.81,102.75,16649.76,695.61,885.6176614285714,275.37,347.805,1248.7319999999997,2757.524661428571
FARM-05519,Cotton,154.35,54.34,7391.91,330.59,558.37215,145.6312,165.295,554.39325,1423.6916
FARM-05520,Cotton,160.62,57.37,8243.39,305.23,581.054322857143,153.7516,152.615,618.25425,1505.675172857143
FARM-05521,Wheat,112.91,61.22,4348.91,228.63,408.45999,164.0696,114.315,326.16825,1013.0128399999999
FARM-05522,Sugarcane,218.95,,17930.64,495.89,792.0672642857141,,247.945,1344.798,
FARM-05523,Maize,184.31,66.12,4177.13,241.64,666.75459,177.2016,120.82,313.28475,1278.06094
FARM-05524,Maize,,56.98,4674.45,192.67,,152.7064,96.335,350.58374999999995,
FARM-05525,Maize,211.22,94.78,5865.63,399.63,764.1034371428573,254.0104,199.815,439.92225,1657.8510871428573
FARM-05526,Cotton,161.81,98.86,8140.23,434.72,585.3592328571428,264.9448,217.36,610.51725,1678.1812828571428
FARM-05527,Cotton,141.92,65.95,6315.71,259.39,513.4057371428571,176.746,129.695,473.67825,1293.524987142857
FARM-05528,Soybean,38.88,59.58,3884.09,226.96,140.6511771428572,159.6744,113.48,291.30675,705.1123271428572
FARM-05529,Cotton,138.04,74.64,7692.23,422.95,499.36956,200.0352,211.475,576.91725,1487.79701
FARM-05530,Maize,164.75,74.12,4891.71,330.93,595.9948928571429,198.6416,165.465,366.87825,1326.9797428571428
FARM-05531,Cotton,,76.18,7589.66,499.72,,204.16240000000002,249.86,569.2244999999999,
FARM-05532,Soybean,50.99,45.75,4364.55,176.94,184.45996714285715,122.61000000000001,88.47,327.34125,722.8812171428572
FARM-05533,Cotton,166.72,89.52,7185.1,522.64,603.1215085714286,239.9136,261.32,538.8825,1643.2376085714286
FARM-05534,Cotton,174.62,71.39,6436.89,367.48,631.700322857143,191.32520000000002,183.74,482.76675,1489.532272857143
FARM-05535,Sugarcane,230.55,89.56,16704.66,547.55,834.031092857143,240.0208,273.775,1252.8495,2600.6763928571427
FARM-05536,Soybean,43.31,71.57,3503.54,219.27,156.67701857142862,191.80759999999998,109.635,262.7655,720.8851185714286
FARM-05537,Maize,158.61,57.47,5326.01,168.01,573.7830042857145,154.0196,84.005,399.45075,1211.2583542857144
FARM-05538,Cotton,174.6,80.78,6852.16,355.8,631.6279714285715,216.49040000000002,177.9,513.9119999999999,1539.9303714285716
FARM-05539,Soybean,41.78,60.76,3802.83,229.11,151.1421342857143,162.8368,114.555,285.21225,713.7461842857143
FARM-05540,Wheat,108.89,74.72,4796.19,269.96,393.9173528571429,200.24960000000002,134.98,359.71424999999994,1088.8612028571429
FARM-05541,Sugarcane,241.48,109.3,18049.05,637.8,873.5711485714286,292.92400000000004,318.9,1353.6787499999998,2839.073898571429
FARM-05542,Soybean,44.0,49.04,4181.96,148.95,159.17314285714286,131.4272,74.475,313.647,678.7223428571428
FARM-05543,Maize,177.56,82.77,5007.71,299.08,642.3359828571429,221.8236,149.54,375.57824999999997,1389.2778328571428
FARM-05544,Rice,149.96,84.76,11061.49,,542.4910114285715,227.15680000000003,,829.6117499999999,
FARM-05545,Wheat,120.11,32.84,3566.51,119.8,434.5065042857143,88.01120000000002,59.9,267.48825,849.9059542857143
FARM-05546,Sugarcane,231.82,114.51,17444.4,483.67,838.6254085714287,306.88680000000005,241.835,1308.3300000000002,2695.677208571429
FARM-05547,Sugarcane,207.18,96.61,15474.94,436.01,749.4884485714286,258.9148,218.005,1160.6205,2387.028748571429
FARM-05548,Cotton,139.23,69.52,7792.8,516.83,503.6744699999999,186.3136,258.415,584.46,1532.8630699999999
FARM-05549,Soybean,50.42,62.48,4179.49,169.46,182.39795142857145,167.4464,84.73,313.46175,748.0361014285716
FARM-05550,Sugarcane,196.05,79.73,18583.23,401.18,709.2248785714287,213.67640000000003,200.59,1393.74225,2517.233528571429
FARM-05551,Sugarcane,199.97,94.68,17492.24,629.63,723.4057585714286,253.74240000000003,314.815,1311.9180000000001,2603.881158571429
FARM-05552,Soybean,45.56,59.68,4158.67,274.19,164.81655428571432,159.94240000000002,137.095,311.90024999999997,773.7542042857144
FARM-05553,Rice,,79.37,10969.16,527.41,,212.71160000000003,263.705,822.687,
FARM-05554,Cotton,160.6,49.06,7563.4,239.77,580.9819714285716,131.48080000000002,119.885,567.255,1399.6027714285715
FARM-05555,Cotton,149.81,62.57,6955.97,331.99,541.9483757142857,167.6876,165.995,521.69775,1397.3287257142856
FARM-05556,Maize,183.71,58.38,5364.66,299.15,664.5840471428572,156.4584,149.575,402.3495,1372.9669471428572
FARM-05557,Rice,130.0,104.5,10272.17,435.8,470.2842857142858,280.06,217.9,770.41275,1738.6570357142857
FARM-05558,Sugarcane,,123.81,18665.13,693.62,,331.81080000000003,346.81,1399.88475,
FARM-05559,Wheat,135.23,,3926.96,312.34,489.2041842857143,,156.17,294.522,
FARM-05560,Wheat,115.62,50.33,4522.45,287.58,418.26360857142856,134.8844,143.79,339.18375,1036.1217585714285
FARM-05561,Wheat,115.74,69.24,4503.33,290.81,418.6977171428572,185.5632,145.405,337.74975,1087.415667142857
FARM-05562,Wheat,123.19,44.62,4247.57,180.02,445.6486242857143,119.5816,90.01,318.56775,973.8079742857142
FARM-05563,Wheat,107.65,49.53,3925.33,174.91,389.43156428571433,132.74040000000002,87.455,294.39975,904.0267142857144
FARM-05564,Maize,772.6993024118118,54.07,5096.97,192.41,2795.2949192820442,144.9076,96.205,382.27275000000003,3418.6802692820443
FARM-05565,Rice,159.15,61.03,9050.7,397.73,575.7364928571428,163.56040000000002,198.865,678.8025,1616.964392857143
FARM-05566,Rice,121.73,84.71,9402.0,515.68,440.36697000000004,227.0228,257.84,705.15,1630.37977
FARM-05567,Cotton,157.87,50.52,8392.39,339.13,571.1060014285715,135.39360000000002,169.565,629.4292499999999,1505.4938514285714
FARM-05568,Cotton,169.98,66.3,7283.29,369.1,614.9147914285713,177.684,184.55,546.24675,1523.3955414285713
FARM-05569,Soybean,35.89,55.18,3388.04,250.69,129.83463857142857,147.88240000000002,125.345,254.10299999999998,657.1650385714286
FARM-05570,Rice,153.53,78.79,9935.6,380.41,555.4057414285714,211.15720000000002,190.205,745.17,1701.9379414285713
FARM-05571,Rice,154.1,99.05,11040.2,341.69,557.4677571428571,265.454,170.845,828.015,1821.7817571428573
FARM-05572,Sugarcane,207.98,118.31,17929.64,582.71,752.3825057142858,317.0708,291.355,1344.723,2705.5313057142857
FARM-05573,Cotton,157.25,71.19,8199.53,269.43,568.8631071428572,190.7892,134.715,614.96475,1509.3320571428571
FARM-05574,Cotton,148.68,75.98,8270.51,411.17,537.8605200000001,203.62640000000002,205.585,620.28825,1567.36017
FARM-05575,Cotton,145.47,52.78,7945.61,254.04,526.2481157142857,141.4504,127.02,595.92075,1390.6392657142858
FARM-05576,Rice,134.03,78.91,9815.14,403.9,484.8630985714286,211.4788,201.95,736.1355,1634.4273985714285
FARM-05577,Sugarcane,227.2,104.01,16800.14,523.78,821.9122285714286,278.7468,261.89,1260.0104999999999,2622.5595285714285
FARM-05578,Sugarcane,207.52,67.47,18992.5,346.79,750.718422857143,180.8196,173.395,1424.4375,2529.370522857143
FARM-05579,Sugarcane,214.37,110.09,16664.23,699.14,775.4987871428572,295.0412,349.57,1249.8172499999998,2669.927237142857
FARM-05580,Rice,158.82,100.87,10385.55,488.74,574.5426942857143,270.33160000000004,244.37,778.9162499999999,1868.160544285714
FARM-05581,Rice,146.65,83.05,9467.33,577.39,530.5168500000001,222.574,288.695,710.04975,1751.8355999999999
FARM-05582,Sugarcane,219.02,74.1,16017.99,492.69,792.3204942857144,198.588,246.345,1201.34925,2438.6027442857144
FARM-05583,Cotton,142.41,59.58,7463.0,364.45,515.1783471428571,159.6744,182.225,559.725,1416.8027471428572
FARM-05584,Cotton,176.24,48.43,7287.67,256.74,637.5607885714287,129.79240000000001,128.37,546.57525,1442.2984385714287
FARM-05585,Rice,133.02,81.55,10284.85,434.92,481.2093514285715,218.554,217.46,771.36375,1688.5871014285715
FARM-05586,Soybean,41.08,46.23,3769.26,194.62,148.60983428571427,123.8964,97.31,282.6945,652.5107342857143
FARM-05587,Soybean,41.67,52.15,4338.06,199.93,150.74420142857144,139.762,99.965,325.35450000000003,715.8257014285715
FARM-05588,Maize,171.08,73.18,4486.3,269.35,618.8941200000002,196.12240000000003,134.675,336.4725,1286.1640200000002
FARM-05589,Maize,179.21,47.13,4695.48,262.16,648.3049757142858,126.30840000000002,131.08,352.16099999999994,1257.8543757142857
FARM-05590,Cotton,160.15,81.75,7614.67,423.21,579.3540642857143,219.09,211.605,571.10025,1581.1493142857144
FARM-05591,Soybean,46.89,75.56,,357.5,169.6279242857143,202.50080000000003,178.75,,
FARM-05592,Sugarcane,211.82,97.74,17014.24,516.8,766.2739799999999,261.9432,258.4,1276.068,2562.6851799999995
FARM-05593,Sugarcane,208.14,104.09,16612.29,495.15,752.9613171428571,278.9612,247.575,1245.92175,2525.4192671428573
FARM-05594,Wheat,139.64,38.53,4355.81,158.18,505.1576742857143,103.2604,79.09,326.68575000000004,1014.1938242857143
FARM-05595,Wheat,128.37,47.7,3921.69,229.11,464.3876442857144,127.83600000000001,114.555,294.12675,1000.9053942857144
FARM-05596,Soybean,51.59,50.41,3719.32,225.88,186.63051000000004,135.0988,112.94,278.949,713.6183100000001
FARM-05597,Rice,163.68,82.98,,358.71,592.1240914285715,222.38640000000004,179.355,,
FARM-05598,Soybean,55.18,43.6,3831.06,225.55,199.61759142857142,116.84800000000001,112.775,287.3295,716.5700914285715
FARM-05599,Soybean,50.69,49.0,4572.71,263.24,183.37469571428574,131.32000000000002,131.62,342.95324999999997,789.2679457142858
FARM-05600,Sugarcane,184.29,87.58,17646.75,472.09,666.6822385714286,234.7144,236.045,1323.50625,2460.947888571429
FARM-05601,Rice,167.46,63.8,10603.13,416.62,605.7985114285716,170.984,208.31,795.23475,1780.3272614285715
FARM-05602,Wheat,124.97,62.15,11187.268789916883,282.56,452.0879014285715,166.562,141.28,839.0451592437662,1598.9750606723378
FARM-05603,Maize,175.48,74.33,4306.89,320.83,634.8114342857143,199.20440000000002,160.415,323.01675,1317.4475842857144
FARM-05604,Sugarcane,225.29,111.47,18849.52,529.21,815.002667142857,298.7396,264.605,1413.714,2792.061267142857
FARM-05605,Cotton,149.52,65.2,7706.88,334.18,540.8992800000001,174.73600000000002,167.09,578.016,1460.7412800000002
FARM-05606,Wheat,126.88,65.83,4117.9,336.25,458.99746285714286,176.42440000000002,168.125,308.8425,1112.3893628571427
FARM-05607,Rice,127.36,82.65,11505.7,520.94,460.7338971428572,221.50200000000004,260.47,862.9275,1805.6333971428571
FARM-05608,Maize,185.58,90.67,5559.23,297.15,671.3489057142858,242.99560000000002,148.575,416.94224999999994,1479.8617557142857
FARM-05609,Sugarcane,234.42,108.47,17115.7,640.71,848.0310942857143,290.69960000000003,320.355,1283.6775,2742.7631942857142
FARM-05610,Soybean,50.9,50.51,3731.6,232.76,184.1343857142857,135.3668,116.38,279.87,715.7511857142857
FARM-05611,Maize,167.84,61.25,5399.4,301.27,607.1731885714286,164.15,150.635,404.955,1326.9131885714285
FARM-05612,Sugarcane,232.09,85.61,19282.52,494.54,839.602152857143,229.43480000000002,247.27,1446.189,2762.495952857143
FARM-05613,Sugarcane,209.9,110.23,17398.92,641.69,759.3282428571429,295.4164,320.845,1304.9189999999999,2680.508642857143
FARM-05614,Sugarcane,215.92,83.42,19333.28,598.11,781.106022857143,223.56560000000002,299.055,1449.9959999999999,2753.7226228571426
FARM-05615,Maize,200.64,105.08,4537.02,381.6,725.8295314285714,281.6144,190.8,340.2765,1538.5204314285713
FARM-05616,Rice,134.68,94.48,10472.01,389.46,487.21452000000005,253.20640000000003,194.73,785.40075,1720.55167
FARM-05617,Maize,196.32,59.36,4887.56,343.7,710.2016228571429,159.0848,171.85,366.567,1407.7034228571429
FARM-05618,Cotton,,55.34,8952.43,427.62,,148.3112,213.81,671.43225,
FARM-05619,Wheat,129.78,44.89,4028.87,242.76,469.48842,120.30520000000001,121.38,302.16524999999996,1013.33887
FARM-05620,Rice,137.17,94.54,10580.11,645.46,496.2222728571429,253.36720000000003,322.73,793.50825,1865.8277228571428
FARM-05621,Maize,183.3,62.25,4502.37,309.24,663.100842857143,166.83,154.62,337.67775,1322.228592857143
FARM-05622,Cotton,163.52,57.34,7118.03,399.33,591.54528,153.67120000000003,199.665,533.8522499999999,1478.73373
FARM-05623,Sugarcane,209.8,86.19,17539.69,546.74,758.9664857142858,230.9892,273.37,1315.4767499999998,2578.802435714286
FARM-05624,Soybean,53.02,64.48,3727.79,251.57,191.80363714285716,172.80640000000002,125.785,279.58425,769.9792871428572
FARM-05625,Rice,174.74,100.07,9403.86,562.04,632.1344314285715,268.1876,281.02,705.2895,1886.6315314285712
FARM-05626,Sugarcane,225.94,88.04,17304.42,536.91,817.3540885714286,235.94720000000004,268.455,1297.8314999999998,2619.587788571428
FARM-05627,Wheat,129.32,56.19,3467.1,201.53,467.8243371428572,150.5892,100.765,260.03249999999997,979.2110371428571
FARM-05628,Maize,181.9,54.08,5312.34,273.1,658.036242857143,144.9344,136.55,398.4255,1337.946142857143
FARM-05629,Rice,133.98,79.52,10068.87,592.99,484.68222000000003,213.1136,296.495,755.16525,1749.4560700000002
FARM-05630,Soybean,47.03,39.42,3451.58,171.18,170.1343842857143,105.64560000000002,85.59,258.8685,620.2384842857143
FARM-05631,Wheat,128.09,73.41,3560.97,305.16,463.37472428571436,196.7388,152.58,267.07275,1079.7662742857144
FARM-05632,Maize,210.07,74.64,5141.49,314.01,759.9432300000001,200.0352,157.005,385.61175,1502.5951800000003
FARM-05633,Cotton,155.49,58.66,8775.61,374.47,562.4961814285715,157.2088,187.235,658.17075,1565.1107314285714
FARM-05634,Sugarcane,236.7,78.66,17380.81,605.46,856.2791571428572,210.8088,302.73,1303.56075,2673.3787071428574
FARM-05635,Soybean,,50.58,3824.8,270.79,,135.55440000000002,135.395,286.86,
FARM-05636,Maize,184.17,55.57,4831.28,256.76,666.24813,148.9276,128.38,362.34599999999995,1305.9017299999998
FARM-05637,Wheat,137.19,62.34,3748.72,234.25,496.29462428571435,167.07120000000003,117.125,281.154,1061.6448242857143
FARM-05638,Cotton,138.2,66.46,8077.81,359.9,499.94837142857136,178.1128,179.95,605.83575,1463.8469214285712
FARM-05639,Rice,151.21,112.4,9988.6,628.8,547.0129757142857,301.232,314.4,749.145,1911.789975714286
FARM-05640,Wheat,115.75,48.82,4543.48,187.69,418.7338928571429,130.8376,93.845,340.76099999999997,984.1774928571429
FARM-05641,Maize,179.68,62.64,4850.63,341.78,650.0052342857144,167.8752,170.89,363.79725,1352.5676842857144
FARM-05642,Rice,136.13,50.29,10415.48,335.79,492.45999857142857,134.7772,167.895,781.161,1576.2931985714285
FARM-05643,Soybean,34.94,61.81,3344.51,244.01,126.3979457142857,165.6508,122.005,250.83825000000002,664.8919957142857
FARM-05644,Soybean,51.07,42.74,3912.92,186.93,184.74937285714287,114.54320000000001,93.465,293.469,686.2265728571429
FARM-05645,Cotton,141.66,46.4,8216.18,251.36,512.4651685714285,124.352,125.68,616.2135,1378.7106685714284
FARM-05646,Maize,192.27,98.11,4660.07,389.05,695.5504585714286,262.9348,194.525,349.50525,1502.5155085714287
FARM-05647,Rice,175.47,43.52,10940.04,227.73,634.7752585714286,116.63360000000002,113.865,820.503,1685.7768585714286
FARM-05648,Maize,180.97,72.29,5221.11,,654.6719014285713,193.73720000000003,,391.58324999999996,
FARM-05649,Rice,169.34,73.37,9894.69,332.78,612.5995457142857,196.63160000000002,166.39,742.10175,1717.7228957142856
FARM-05650,Wheat,112.53,35.92,3825.96,234.38,407.08531285714287,96.2656,117.19,286.947,907.4879128571429
FARM-05651,Cotton,148.0,46.89,6595.9,326.43,535.4005714285714,125.66520000000001,163.215,494.69249999999994,1318.9732714285715
FARM-05652,Rice,143.21,88.81,10508.25,408.41,518.0724042857144,238.01080000000002,204.205,788.11875,1748.4069542857144
FARM-05653,Cotton,153.89,59.72,7700.52,304.78,556.7080671428571,160.0496,152.39,577.539,1446.686667142857
FARM-05654,Rice,164.52,72.82,11467.23,412.03,595.1628514285715,195.1576,206.015,860.04225,1856.3777014285715
FARM-05655,Sugarcane,214.63,119.59,17162.79,672.64,776.4393557142857,320.50120000000004,336.32,1287.20925,2720.469805714286
FARM-05656,Rice,135.56,86.3,10129.54,414.92,490.3979828571429,231.28400000000002,207.46,759.7155,1688.857482857143
FARM-05657,Soybean,53.17,66.56,3866.58,273.43,192.34627285714288,178.38080000000002,136.715,289.9935,797.4355728571429
FARM-05658,Cotton,138.03,77.7,8406.02,426.49,499.33338428571426,208.23600000000002,213.245,630.4515,1551.2658842857143
FARM-05659,Wheat,108.03,63.88,3408.14,268.08,390.8062414285714,171.19840000000002,134.04,255.61049999999997,951.6551414285714
FARM-05660,Maize,196.15,78.77,4086.52,266.72,709.5866357142859,211.1036,133.36,306.489,1360.539235714286
FARM-05661,Cotton,145.43,65.73,7881.91,382.01,526.1034128571429,176.15640000000002,191.005,591.14325,1484.4080628571428
FARM-05662,Wheat,120.73,47.4,4123.94,179.43,436.7493985714286,127.03200000000001,89.715,309.29549999999995,962.7918985714286
FARM-05663,Maize,178.2,38.79,4940.3,232.05,644.6512285714285,103.9572,116.025,370.5225,1235.1559285714284
FARM-05664,Maize,,72.78,5029.15,,,195.05040000000002,,377.18625,
FARM-05665,Wheat,120.24,58.58,3386.34,210.85,434.9767885714286,156.9944,105.425,253.9755,951.3716885714285
FARM-05666,Rice,151.68,79.11,10395.24,486.91,548.7132342857143,212.0148,243.455,779.6429999999999,1783.8260342857143
FARM-05667,Soybean,38.91,44.26,3592.22,256.49,140.75970428571426,118.6168,128.245,269.4165,657.0380042857142
FARM-05668,Cotton,171.43,65.21,7152.08,330.41,620.1602700000001,174.7628,165.205,536.406,1496.5340700000002
FARM-05669,Sugarcane,215.96,72.38,19195.67,421.35,781.2507257142859,193.9784,210.675,1439.6752499999998,2625.5793757142856
FARM-05670,Sugarcane,196.8,113.66,17114.51,,711.9380571428571,304.60880000000003,,1283.5882499999998,
FARM-05671,Rice,166.4,99.85,10093.8,428.73,601.9638857142859,267.598,214.365,757.035,1840.961885714286
FARM-05672,Soybean,35.03,45.51,4491.9,209.16,126.72352714285714,121.9668,104.58,336.8925,690.1628271428572
FARM-05673,Cotton,150.94,68.77,7916.45,412.14,546.0362314285715,184.3036,206.07,593.73375,1530.1435814285715
FARM-05674,Cotton,132.18,48.46,7885.17,292.56,478.17059142857147,129.8728,146.28,591.38775,1345.7111414285714
FARM-05675,Rice,150.91,86.08,10242.34,440.67,545.9277042857143,230.6944,220.335,768.1754999999999,1765.1326042857143
FARM-05676,Sugarcane,224.41,110.02,17060.75,701.47,811.8192042857144,294.85360000000003,350.735,1279.5562499999999,2736.964054285714
FARM-05677,Rice,168.37,118.87,11063.04,519.18,609.0905014285715,318.57160000000005,259.59,829.7280000000001,2016.9801014285715
FARM-05678,Soybean,,40.04,3981.24,171.95,,107.30720000000001,85.975,298.59299999999996,
FARM-05679,Maize,185.33,74.65,5108.16,282.84,670.4445128571429,200.06200000000004,141.42,383.11199999999997,1395.038512857143
FARM-05680,Rice,163.22,106.19,11060.98,605.34,590.4600085714287,284.5892,302.67,829.5735,2007.2927085714286
FARM-05681,Soybean,50.42,71.27,14915.507271431974,226.18,182.39795142857145,191.0036,113.09,1118.663045357398,1605.1545967859695
FARM-05682,Wheat,135.26,47.68,4278.74,177.88,489.31271142857145,127.78240000000001,88.94,320.90549999999996,1026.9406114285716
FARM-05683,Wheat,118.58,40.81,3760.0,191.16,428.97162000000003,109.37080000000002,95.58,282.0,915.9224200000001
FARM-05684,Soybean,40.99,53.17,4118.94,170.78,148.28425285714286,142.49560000000002,85.39,308.92049999999995,685.0903528571428
FARM-05685,Sugarcane,185.15,85.84,16326.29,362.31,669.7933500000001,230.05120000000002,181.155,1224.47175,2305.4713
FARM-05686,Rice,169.61,76.32,11132.37,429.18,613.5762900000001,204.5376,214.59,834.9277500000001,1867.63164
FARM-05687,Cotton,139.23,61.33,7372.94,390.29,503.6744699999999,164.36440000000002,195.145,552.9704999999999,1416.1543699999997
FARM-05688,Maize,184.46,54.04,5679.39,233.72,667.2972257142858,144.8272,116.86,425.95425,1354.9386757142856
FARM-05689,Cotton,145.25,55.74,8040.43,330.38,525.4522499999999,149.38320000000002,165.19,603.03225,1443.0576999999998
FARM-05690,Sugarcane,221.04,98.43,17995.16,521.9,799.6279885714285,263.79240000000004,260.95,1349.637,2674.0073885714287
FARM-05691,Cotton,150.89,95.29,8687.42,335.1,545.8553528571427,255.37720000000004,167.55,651.5565,1620.3390528571426
FARM-05692,Wheat,119.15,60.4,3595.43,239.34,431.03363571428577,161.872,119.67,269.65725,982.2328857142858
FARM-05693,Cotton,163.55,77.2,8605.58,369.53,591.6538071428572,206.89600000000002,184.765,645.4185,1628.733307142857
FARM-05694,Cotton,148.59,,8198.66,390.52,537.5349385714286,,195.26,614.8995,
FARM-05695,Wheat,118.97,46.72,4477.49,170.91,430.38247285714283,125.20960000000001,85.455,335.81174999999996,976.8588228571429
FARM-05696,Soybean,53.15,54.75,4413.66,173.67,192.27392142857144,146.73000000000002,86.835,331.0245,756.8634214285714
FARM-05697,Cotton,158.17,61.88,6977.02,258.3,572.1912728571428,165.8384,129.15,523.2765,1390.456172857143
FARM-05698,Wheat,107.17,57.22,3468.83,219.8,387.69513,153.3496,109.9,260.16225,911.10698
FARM-05699,Cotton,134.29,60.18,7339.86,,485.8036671428572,161.2824,,550.4894999999999,
FARM-05700,Rice,133.93,69.0,8527.93,430.22,484.50134142857144,184.92000000000002,215.11,639.59475,1524.1260914285713
FARM-05701,Sugarcane,235.39,82.27,19021.45,530.59,851.5401385714285,220.4836,265.295,1426.60875,2763.9274885714285
FARM-05702,Rice,159.98,106.9,10103.32,690.09,578.7390771428572,286.492,345.045,757.7489999999999,1968.0250771428573
FARM-05703,Soybean,42.96,48.55,4374.32,178.55,155.41086857142858,130.114,89.275,328.07399999999996,702.8738685714285
FARM-05704,Soybean,40.54,56.5,3909.56,248.44,146.6563457142857,151.42000000000002,124.22,293.217,715.5133457142857
FARM-05705,Maize,190.81,,4733.45,289.21,690.2688042857144,,144.605,355.00874999999996,
FARM-05706,Soybean,,77.79,3713.78,242.79,,208.47720000000004,121.395,278.5335,
FARM-05707,Sugarcane,210.15,86.12,16971.38,596.71,760.2326357142858,230.80160000000004,298.355,1272.8535,2562.242735714286
FARM-05708,Sugarcane,224.04,96.78,16241.49,641.5,810.480702857143,259.3704,320.75,1218.11175,2608.712852857143
FARM-05709,Maize,167.14,68.35,4714.57,355.52,604.6408885714286,183.178,177.76,353.59274999999997,1319.1716385714285
FARM-05710,Maize,177.72,72.75,5402.82,287.96,642.9147942857143,194.97,143.98,405.21149999999994,1387.0762942857143
FARM-05711,Rice,134.57,109.01,10943.86,721.03,486.8165871428572,292.14680000000004,360.515,820.7895,1960.267887142857
FARM-05712,Cotton,148.74,45.09,6891.91,265.64,538.0775742857143,120.84120000000001,132.82,516.89325,1308.6320242857141
FARM-05713,Maize,195.77,70.87,4505.09,312.94,708.2119585714286,189.93160000000003,156.47,337.88175,1392.4953085714285
FARM-05714,Soybean,52.26,63.12,3959.51,311.25,189.05428285714288,169.1616,155.625,296.96325,810.8041328571429
FARM-05715,Rice,141.12,,10255.45,474.81,510.51167999999996,,237.405,769.15875,
FARM-05716,Soybean,36.97,64.69,4182.29,244.53,133.74161571428573,173.3692,122.265,313.67175,743.0475657142857
FARM-05717,Sugarcane,204.47,87.91,16908.8,538.23,739.68483,235.5988,269.115,1268.1599999999999,2512.55863
FARM-05718,Wheat,125.46,60.93,4696.58,278.09,453.8605114285714,163.29240000000001,139.045,352.2435,1108.4414114285714
FARM-05719,Cotton,130.11,57.24,8306.52,269.34,470.6822185714286,153.40320000000003,134.67,622.989,1381.7444185714285
FARM-05720,Wheat,137.2,39.01,3800.85,226.58,496.33079999999995,104.5468,113.29,285.06374999999997,999.2313499999998
FARM-05721,Sugarcane,221.97,76.39,17609.87,379.49,802.99233,204.7252,189.745,1320.7402499999998,2518.2027799999996
FARM-05722,Sugarcane,196.23,76.68,19126.57,453.79,709.8760414285714,205.50240000000002,226.895,1434.49275,2576.7661914285713
FARM-05723,Soybean,45.11,52.55,4813.9,,163.18864714285718,140.834,,361.04249999999996,
FARM-05724,Wheat,111.2,43.84,11826.434699451149,235.91,402.27394285714286,117.49120000000002,117.955,886.9826024588361,1524.702745315979
FARM-05725,Soybean,41.73,54.34,3400.15,290.08,150.9612557142857,145.6312,145.04,255.01125,696.6437057142857
FARM-05726,Sugarcane,205.28,132.65,19090.92,623.98,742.6150628571429,355.502,311.99,1431.8189999999997,2841.926062857143
FARM-05727,Wheat,102.31,48.01,3847.57,183.79,370.1137328571429,128.6668,91.895,288.56775,879.243282857143
FARM-05728,Maize,214.44,72.91,5154.04,293.5,775.7520171428572,195.3988,146.75,386.553,1504.4538171428571
FARM-05729,Wheat,122.76,52.64,3994.14,156.6,444.0930685714286,141.07520000000002,78.3,299.5605,963.0287685714286
FARM-05730,Soybean,41.31,57.48,4691.75,268.13,149.44187571428574,154.0464,134.065,351.88124999999997,789.4345257142857
FARM-05731,Maize,212.17,66.61,5469.14,388.85,767.54013,178.5148,194.425,410.1855,1550.66543
FARM-05732,Sugarcane,216.34,93.43,17791.83,539.51,782.625402857143,250.39240000000004,269.755,1334.38725,2637.1600528571425
FARM-05733,Cotton,150.07,74.64,6565.18,316.17,542.8889442857143,200.0352,158.085,492.3885,1393.3976442857143
FARM-05734,Soybean,34.38,40.94,4203.38,190.96,124.37210571428572,109.7192,95.48,315.2535,644.8248057142857
FARM-05735,Sugarcane,226.78,76.99,16246.37,558.62,820.3928485714287,206.3332,279.31,1218.47775,2524.5137985714287
FARM-05736,Soybean,54.86,,3928.27,316.29,198.4599685714286,,158.145,294.62025,
FARM-05737,Cotton,157.86,73.15,7495.0,467.42,571.0698257142858,196.04200000000003,233.71,562.125,1562.9468257142858
FARM-05738,Maize,190.05,74.21,4865.61,335.99,687.5194500000001,198.8828,167.995,364.92074999999994,1419.318
FARM-05739,Sugarcane,220.88,78.58,17288.32,492.91,799.0491771428572,210.5944,246.455,1296.624,2552.722577142857
FARM-05740,Soybean,43.93,70.83,3959.81,282.19,158.9199128571429,189.8244,141.095,296.98575,786.8250628571429
FARM-05741,Cotton,161.41,70.3,7839.86,391.42,583.9122042857143,188.404,195.71,587.9894999999999,1556.0157042857143
FARM-05742,Rice,148.93,91.31,8844.0,641.86,538.7649128571429,244.71080000000003,320.93,663.3,1767.705712857143
FARM-05743,Rice,143.63,81.78,9609.81,378.21,519.5917842857143,219.17040000000003,189.105,720.7357499999999,1648.6029342857141
FARM-05744,Cotton,147.81,62.98,7592.57,269.48,534.713232857143,168.78640000000001,134.74,569.4427499999999,1407.682382857143
FARM-05745,Soybean,55.44,61.74,3984.29,247.88,200.55816000000004,165.46320000000003,123.94,298.82175,788.7831100000001
FARM-05746,Sugarcane,210.72,108.96,17592.56,607.99,762.2946514285715,292.0128,303.995,1319.442,2677.7444514285717
FARM-05747,Cotton,157.15,63.71,7984.89,346.7,568.50135,170.74280000000002,173.35,598.86675,1511.4609
FARM-05748,Wheat,114.07,60.56,4060.14,256.13,412.65637285714286,162.3008,128.065,304.5105,1007.5326728571428
FARM-05749,Sugarcane,211.53,90.84,18189.95,455.81,765.2248842857143,243.45120000000003,227.905,1364.24625,2600.827334285714
FARM-05750,Cotton,149.14,51.83,7917.45,298.81,539.5246028571429,138.9044,149.405,593.8087499999999,1421.6427528571428
FARM-05751,Maize,189.12,64.45,5523.6,337.92,684.1551085714287,172.72600000000003,168.96,414.27000000000004,1440.1111085714288
FARM-05752,Wheat,135.31,46.13,3740.82,179.94,489.49359000000004,123.62840000000001,89.97,280.5615,983.6534900000001
FARM-05753,Maize,182.49,61.32,,333.94,660.1706100000001,164.3376,166.97,,
FARM-05754,Rice,152.26,94.09,11091.18,502.57,550.8114257142856,252.16120000000004,251.285,831.8385,1886.0961257142858
FARM-05755,Wheat,135.26,62.85,4017.76,277.32,489.31271142857145,168.43800000000002,138.66,301.332,1097.7427114285715
FARM-05756,Wheat,124.83,72.67,4520.77,281.67,451.58144142857145,194.75560000000002,140.835,339.05775,1126.2297914285714
FARM-05757,Maize,211.48,67.11,5175.43,207.2,765.0440057142857,179.8548,103.6,388.15725000000003,1436.6560557142857
FARM-05758,Soybean,49.98,59.66,3293.96,163.15,180.80622,159.8888,81.575,247.047,669.31702
FARM-05759,Rice,144.43,61.06,10582.46,329.67,522.4858414285716,163.6408,164.835,793.6845,1644.6461414285716
FARM-05760,Cotton,141.56,50.49,,229.75,512.1034114285715,135.31320000000002,114.875,,
FARM-05761,Wheat,136.64,42.01,4028.7,185.54,494.30496,112.5868,92.77,302.1525,1001.8142599999999
FARM-05762,Wheat,144.8,118.49856795550768,,242.63,523.8243428571429,317.5761621207606,121.315,,
FARM-05763,Maize,175.86,71.54,4799.5,206.33,636.1861114285716,191.72720000000004,103.165,359.9625,1291.0408114285715
FARM-05764,Rice,146.73,56.6,8530.03,357.92,530.8062557142857,151.68800000000002,178.96,639.75225,1501.2065057142859
FARM-05765,Wheat,115.89,52.19,3616.59,276.7,419.2403528571429,139.8692,138.35,271.24425,968.703802857143
FARM-05766,Maize,205.97,58.35,4928.56,289.28,745.1111871428573,156.37800000000001,144.64,369.642,1415.7711871428573
FARM-05767,Soybean,52.68,189.2554037602845,4217.95,200.03,190.57366285714286,507.2044820775625,100.015,316.34625,1114.1393949347053
FARM-05768,Sugarcane,216.41,,16968.4,570.4,782.878632857143,,285.2,1272.63,
FARM-05769,Wheat,131.17,52.11,4804.97,174.89,474.5168442857142,139.6548,87.445,360.37275,1061.9893942857143
FARM-05770,Soybean,56.94,50.25,4194.28,178.77,205.98451714285713,134.67000000000002,89.385,314.57099999999997,744.6105171428571
FARM-05771,Rice,158.05,118.62,9854.63,553.37,571.7571642857142,317.90160000000003,276.685,739.0972499999999,1905.4410142857141
FARM-05772,Soybean,49.56,40.2,4343.78,185.47,179.28684000000004,107.73600000000002,92.735,325.78349999999995,705.54134
FARM-05773,Wheat,107.55,53.65,4142.05,246.07,389.06980714285714,143.782,123.035,310.65375,966.5405571428571
FARM-05774,Rice,164.97,65.31,10341.26,340.84,596.7907585714286,175.03080000000003,170.42,775.5945,1717.8360585714286
FARM-05775,Maize,176.15,65.38,4693.26,258.7,637.2352071428572,175.2184,129.35,351.9945,1293.7981071428571
FARM-05776,Maize,156.92,62.42,4931.76,327.17,567.6693085714286,167.28560000000002,163.585,369.882,1268.4219085714287
FARM-05777,Sugarcane,224.56,95.85,17052.94,629.85,812.36184,256.878,314.925,1278.9705,2663.13534
FARM-05778,Rice,138.41,100.8,11714.67,573.9,500.70806142857145,270.144,286.95,878.60025,1936.4023114285715
FARM-05779,Sugarcane,214.92,105.09,17343.51,498.96,777.4884514285714,281.6412,249.48,1300.7632499999997,2609.372901428571
FARM-05780,Sugarcane,196.57,102.32,17782.43,605.95,711.1060157142858,274.2176,302.975,1333.68225,2621.9808657142858
FARM-05781,Soybean,54.22,43.51,3531.35,154.87,196.14472285714288,116.6068,77.435,264.85125,655.037772857143
FARM-05782,Rice,150.02,76.96,10828.84,,542.7080657142858,206.2528,,812.163,
FARM-05783,Soybean,44.41,51.79,3282.78,189.25,160.65634714285713,138.7972,94.625,246.20850000000002,640.2870471428571
FARM-05784,Sugarcane,,127.57,,717.47,,341.8876,358.735,,
FARM-05785,Cotton,163.27,50.3,6708.25,332.35,590.6408871428573,134.804,166.175,503.11875,1394.7386371428574
FARM-05786,Wheat,113.36,44.26,4365.54,673.4082487399008,410.0878971428572,118.6168,336.7041243699504,327.4155,1192.8243215128077
FARM-05787,Maize,165.99,80.9,4806.39,281.14,600.4806814285715,216.81200000000004,140.57,360.47925000000004,1318.3419314285716
FARM-05788,Wheat,118.56,65.96,4377.37,,428.8992685714286,176.7728,,328.30275,
FARM-05789,Cotton,159.26,68.44,7592.52,387.47,576.1344257142857,183.41920000000002,193.735,569.439,1522.7276257142858
FARM-05790,Cotton,131.47,78.12,7276.66,411.24,475.60211571428573,209.36160000000004,205.62,545.7495,1436.3332157142859
FARM-05791,Cotton,168.16,58.5,7266.26,327.36,608.3308114285715,156.78,163.68,544.9695,1473.7603114285716
FARM-05792,Soybean,45.63,50.33,4538.74,197.74,165.06978428571432,134.8844,98.87,340.40549999999996,739.2296842857143
FARM-05793,Rice,139.54,74.49,10903.57,380.99,504.7959171428572,199.6332,190.495,817.76775,1712.691867142857
FARM-05794,Cotton,133.98,57.55,7015.8,390.04,484.68222000000003,154.234,195.02,526.185,1360.12122
FARM-05795,Sugarcane,222.22,89.28,18249.1,445.27,803.896722857143,239.27040000000002,222.635,1368.6825,2634.484622857143
FARM-05796,Sugarcane,227.13,96.22,17594.9,454.28,821.6589985714286,257.8696,227.14,1319.6175,2626.2860985714287
FARM-05797,Maize,192.96,78.39,4486.44,296.04,698.046582857143,210.08520000000001,148.02,336.48299999999995,1392.634782857143
FARM-05798,Rice,,70.34,11438.76,1320.8961167935006,,188.51120000000003,660.4480583967503,857.907,
FARM-05799,Cotton,162.06,94.44,6736.13,440.38,586.2636257142858,253.0992,220.19,505.20975,1564.7625757142857
FARM-05800,Maize,176.44,69.3,4326.43,219.17,638.2843028571428,185.724,109.585,324.48225,1258.0755528571428
FARM-05801,Soybean,41.43,48.84,4873.61,161.58,149.8759842857143,130.89120000000003,80.79,365.52074999999996,727.0779342857143
FARM-05802,Wheat,132.21,51.15,3921.12,246.82,478.2791185714286,137.082,123.41,294.084,1032.8551185714286
FARM-05803,Soybean,44.07,51.75,3628.63,212.34,159.42637285714287,138.69,106.17,272.14725,676.4336228571428
FARM-05804,Soybean,46.89,62.42,3767.77,308.68,169.6279242857143,167.28560000000002,154.34,282.58275,773.8362742857144
FARM-05805,Wheat,120.77,65.44,4214.96,288.41,436.89410142857145,175.3792,144.205,316.122,1072.6003014285716
FARM-05806,Sugarcane,196.87,130.77,17002.84,860.21,712.1912871428572,350.46360000000004,430.105,1275.213,2767.972887142857
FARM-05807,Cotton,150.09,51.12,6779.04,262.96,542.9612957142858,137.0016,131.48,508.428,1319.8708957142858
FARM-05808,Wheat,127.85,49.33,3228.26,240.76,462.5065071428571,132.2044,120.38,242.11950000000002,957.2104071428571
FARM-05809,Cotton,,56.08,7254.34,338.58,,150.2944,169.29,544.0755,
FARM-05810,Soybean,54.62,52.87,3511.67,294.38,197.5917514285714,141.6916,147.19,263.37525,749.8486014285713
FARM-05811,Soybean,42.13,64.47,4162.95,210.53,152.4082842857143,172.77960000000002,105.265,312.22125,742.6741342857142
FARM-05812,Cotton,126.63,71.9,7685.46,422.86,458.09307,192.69200000000004,211.43,576.4095,1438.62457
FARM-05813,Cotton,135.57,58.63,8399.22,343.11,490.4341585714286,157.12840000000003,171.555,629.9414999999999,1449.0590585714285
FARM-05814,Soybean,42.1,56.12,4444.89,267.28,152.29975714285717,150.4016,133.64,333.36675,769.7081071428572
FARM-05815,Soybean,38.56,57.48,3491.41,190.98,139.4935542857143,154.0464,95.49,261.85575,650.8857042857144
FARM-05816,Wheat,,40.95,4798.87,182.17,,109.74600000000001,91.085,359.91524999999996,
FARM-05817,Rice,132.36,67.81,9299.03,365.53,478.8217542857144,181.73080000000002,182.765,697.4272500000001,1540.7448042857145
FARM-05818,Sugarcane,208.13,113.11,17822.54,578.18,752.9251414285715,303.13480000000004,289.09,1336.6905,2681.8404414285715
FARM-05819,Cotton,158.52,84.75,7915.18,479.21,573.4574228571429,227.13000000000002,239.605,593.6385,1633.830922857143
FARM-05820,Soybean,43.73,38.14,3565.78,166.27,158.19639857142857,102.21520000000001,83.135,267.4335,610.9800985714286
FARM-05821,Sugarcane,199.91,92.99,19195.65,493.32,723.1887042857143,249.2132,246.66,1439.6737500000002,2658.735654285714
FARM-05822,Sugarcane,222.1,99.31,16338.29,500.63,803.4626142857144,266.1508,250.315,1225.37175,2545.3001642857143
FARM-05823,Cotton,163.19,76.56,7750.65,401.62,590.3514814285716,205.1808,200.81,581.2987499999999,1577.6410314285715
FARM-05824,Cotton,143.62,44.14,8666.8,232.75,519.5556085714286,118.29520000000001,116.375,650.0099999999999,1404.2358085714286
FARM-05825,Rice,149.28,76.36,9507.45,397.39,540.0310628571428,204.6448,198.695,713.05875,1656.4296128571427
FARM-05826,Wheat,,56.7,3421.59,220.07,,151.95600000000002,110.035,256.61925,
FARM-05827,Cotton,163.64,48.14,6907.56,351.11,591.9793885714286,129.01520000000002,175.555,518.067,1414.6165885714286
FARM-05828,Maize,187.31,65.05,5817.91,333.9,677.6073042857145,174.334,166.95,436.34324999999995,1455.2345542857145
FARM-05829,Sugarcane,191.55,98.69,19010.34,455.26,692.9458071428573,264.4892,227.63,1425.7755,2610.840507142857
FARM-05830,Wheat,120.73,65.44,3706.86,257.82,436.7493985714286,175.3792,128.91,278.0145,1019.0530985714286
FARM-05831,Cotton,153.98,38.51,8291.41,244.87,557.0336485714286,103.2068,122.435,621.85575,1404.5311985714286
FARM-05832,Cotton,149.58,56.98,8634.2,302.29,541.1163342857144,152.7064,151.145,647.565,1492.5327342857145
FARM-05833,Maize,200.46,79.4,5110.4,260.39,725.1783685714286,212.79200000000003,130.195,383.28,1451.4453685714286
FARM-05834,Soybean,34.92,54.75,4154.36,228.55,126.32559428571429,146.73000000000002,114.275,311.57699999999994,698.9075942857141
FARM-05835,Cotton,131.63,49.65,7272.42,319.09,476.1809271428572,133.062,159.545,545.4315,1314.219427142857
FARM-05836,Maize,168.0,55.72,4622.08,223.38,607.7520000000001,149.3296,111.69,346.656,1215.4276
FARM-05837,Wheat,120.92,51.36,4434.09,234.31,437.43673714285717,137.6448,117.155,332.55675,1024.7932871428573
FARM-05838,Wheat,109.34,45.23,4659.8,277.22,395.54526000000004,121.2164,138.61,349.485,1004.85666
FARM-05839,Cotton,134.62,54.35,6417.11,337.13,486.9974657142858,145.65800000000002,168.565,481.28324999999995,1282.5037157142858
FARM-05840,Cotton,150.21,60.81,7263.8,297.36,543.3954042857144,162.97080000000003,148.68,544.785,1399.8312042857146
FARM-05841,Cotton,142.56,44.11,8622.93,1066.5300853558565,515.7209828571429,118.21480000000001,533.2650426779282,646.71975,1813.920575535071
FARM-05842,Soybean,56.73,42.33,3594.34,237.31,205.22482714285718,113.4444,118.655,269.5755,706.899727142857
FARM-05843,Cotton,141.75,52.33,7529.23,358.36,512.79075,140.2444,179.18,564.69225,1396.9074
FARM-05844,Cotton,150.84,73.89,8186.89,303.76,545.6744742857144,198.0252,151.88,614.01675,1509.5964242857144
FARM-05845,Sugarcane,205.29,93.61,17291.32,564.0,742.6512385714286,250.87480000000002,282.0,1296.849,2572.3750385714284
FARM-05846,Maize,180.93,53.8,,254.2,654.5271985714286,144.184,127.1,,
FARM-05847,Soybean,43.76,64.74,3953.76,275.08,158.30492571428573,173.5032,137.54,296.532,765.8801257142857
FARM-05848,Wheat,123.53,80.53,4381.13,226.18,446.8785985714286,215.8204,113.09,328.58475,1104.3737485714287
FARM-05849,Maize,475.6286548604927,66.34,5162.14,365.56,1720.6206324331795,177.79120000000003,182.78,387.1605,2468.3523324331795
FARM-05850,Maize,,79.12,5187.01,423.3,,212.04160000000002,211.65,389.02575,
FARM-05851,Soybean,41.87,58.18,4823.39,267.82,151.46771571428573,155.9224,133.91,361.75425,803.0543657142857
FARM-05852,Soybean,51.27,51.19,3414.19,236.66,185.47288714285716,137.1892,118.33,256.06425,697.0563371428572
FARM-05853,Wheat,109.2,55.4,3443.64,186.04,395.0388000000001,148.472,93.02,258.27299999999997,894.8038000000001
FARM-05854,Cotton,165.07,56.58,8288.0,337.62,597.1525157142856,151.6344,168.81,621.6,1539.1969157142858
FARM-05855,Wheat,122.82,79.45,4075.56,328.58,444.3101228571429,212.92600000000002,164.29,305.667,1127.193122857143
FARM-05856,Sugarcane,198.67,103.49,17454.68,417.21,718.7029157142857,277.3532,208.605,1309.1009999999999,2513.7621157142858
FARM-05857,Soybean,52.25,51.94,4307.39,194.76,189.01810714285716,139.1992,97.38,323.05425,748.6515571428572
FARM-05858,Wheat,111.02,64.19,4131.67,243.59,401.62278000000003,172.0292,121.795,309.87525,1005.32223
FARM-05859,Wheat,147.64,42.27,3872.54,192.72,534.0982457142857,113.28360000000002,96.36,290.4405,1034.1823457142857
FARM-05860,Sugarcane,198.76,89.8,16949.88,475.93,719.0284971428571,240.66400000000002,237.965,1271.241,2468.898497142857
FARM-05861,Cotton,172.03,76.97,6771.96,417.44,622.330812857143,206.27960000000002,208.72,507.897,1545.227412857143
FARM-05862,Rice,154.46,84.14,11144.94,488.42,558.7700828571429,225.4952,244.21,835.8705,1864.345782857143
FARM-05863,Maize,178.42,103.7,4730.67,388.03,645.4470942857142,277.916,194.015,354.80025,1472.1783442857143
FARM-05864,Rice,152.18,107.69,10054.28,411.84,550.5220200000001,288.6092,205.92,754.071,1799.1222200000002
FARM-05865,Wheat,122.36,57.97,3305.44,248.5,442.6460400000001,155.3596,124.25,247.908,970.1636400000001
FARM-05866,Cotton,157.09,74.48,7503.62,419.62,568.2842957142858,199.60640000000004,209.81,562.7715,1540.4721957142856
FARM-05867,Rice,135.4,68.39,10214.63,349.62,489.8191714285715,183.2852,174.81,766.0972499999999,1614.0116214285713
FARM-05868,Sugarcane,235.93,63.03,17934.44,346.78,853.4936271428572,168.9204,173.39,1345.0829999999999,2540.887027142857
FARM-05869,Rice,158.52,79.07,9557.44,402.81,573.4574228571429,211.9076,201.405,716.808,1703.578022857143
FARM-05870,Sugarcane,237.14,86.34,17230.26,1855.8038559551396,857.8708885714286,231.39120000000003,927.9019279775698,1292.2694999999999,3309.4335165489983
FARM-05871,Rice,168.08,71.47,9722.58,417.33,608.0414057142858,191.5396,208.665,729.1935,1737.4395057142856
FARM-05872,Wheat,122.96,50.12,4046.1,238.55,444.81658285714286,134.3216,119.275,303.4575,1001.8706828571428
FARM-05873,Soybean,43.88,69.27,4255.3,263.45,158.7390342857143,185.6436,131.725,319.1475,795.2551342857143
FARM-05874,Maize,175.14,88.68,5428.08,1369.6224779575807,633.58146,237.66240000000002,684.8112389787904,407.106,1963.1610989787903
FARM-05875,Cotton,154.74,89.65,7655.93,349.82,559.783002857143,240.26200000000003,174.91,574.19475,1549.149752857143
FARM-05876,Cotton,137.6,59.5,8294.91,306.79,497.7778285714286,159.46,153.395,622.11825,1432.7510785714285
FARM-05877,Wheat,103.43,48.71,4372.86,179.73,374.1654128571429,130.5428,89.865,327.9645,922.5377128571429
FARM-05878,Maize,194.12,68.86,4688.86,258.63,702.2429657142859,184.5448,129.315,351.6645,1367.7672657142857
FARM-05879,Maize,178.66,60.09,4225.76,213.36,646.3153114285715,161.04120000000003,106.68,316.932,1230.9685114285714
FARM-05880,Rice,135.06,,10386.93,493.58,488.5891971428572,,246.79,779.01975,
FARM-05881,Cotton,160.66,63.0,6340.75,305.24,581.1990257142857,168.84,152.62,475.55625,1378.2152757142858
FARM-05882,Soybean,46.66,43.74,3470.47,270.62,168.79588285714286,117.2232,135.31,260.28524999999996,681.6143328571428
FARM-05883,Maize,191.16,62.92,5033.95,334.49,691.5349542857143,168.62560000000002,167.245,377.54625,1404.9518042857144
FARM-05884,Sugarcane,221.1,108.11,18040.11,711.76,799.845042857143,289.7348,355.88,1353.00825,2798.4680928571433
FARM-05885,Soybean,51.68,37.55,3368.82,215.42,186.95609142857143,100.634,107.71,252.6615,647.9615914285714
FARM-05886,Sugarcane,215.09,79.97,18388.5,487.42,778.1034385714286,214.3196,243.71,1379.1375,2615.270538571429
FARM-05887,Rice,159.98,92.0,10137.57,417.44,578.7390771428572,246.56,208.72,760.3177499999999,1794.3368271428571
FARM-05888,Soybean,36.98,59.59,3719.56,237.21,133.77779142857145,159.70120000000003,118.605,278.967,691.0509914285715
FARM-05889,Maize,173.42,83.42,5011.9,382.54,627.3592371428572,223.56560000000002,191.27,375.8925,1418.0873371428572
FARM-05890,Soybean,47.21,64.48,3173.89,198.53,170.78554714285713,172.80640000000002,99.265,238.04174999999998,680.8986971428571
FARM-05891,Sugarcane,198.62,105.44,19798.91,562.48,718.5220371428571,282.5792,281.24,1484.91825,2767.2594871428573
FARM-05892,Sugarcane,219.18,85.73,16068.24,435.76,792.8993057142858,229.7564,217.88,1205.118,2445.653705714286
FARM-05893,Cotton,135.25,41.23,6071.62,175.0,489.2765357142857,110.4964,87.5,455.37149999999997,1142.6444357142857
FARM-05894,Rice,134.81,73.48,10859.74,396.76,487.68480428571434,196.92640000000003,198.38,814.4805,1697.4717042857144
FARM-05895,Cotton,140.78,74.25,8073.41,294.46,509.2817057142858,198.99,147.23,605.5057499999999,1461.0074557142857
FARM-05896,Cotton,155.79,62.23,8159.72,367.69,563.5814528571428,166.7764,183.845,611.979,1526.181852857143
FARM-05897,Wheat,113.49,36.61,3649.01,130.99,410.5581814285714,98.1148,65.495,273.67575,847.8437314285715
FARM-05898,Maize,180.45,72.95,5242.83,262.32,652.7907642857144,195.50600000000003,131.16,393.21225,1372.6690142857144
FARM-05899,Maize,204.93,51.81,4484.35,306.25,741.348912857143,138.85080000000002,153.125,336.32625,1369.650962857143
FARM-05900,Cotton,150.42,60.19,7059.67,276.7,544.1550942857143,161.3092,138.35,529.47525,1373.2895442857143
FARM-05901,Cotton,155.32,68.8,7786.3,353.96,561.8811942857144,184.38400000000001,176.98,583.9725,1507.2176942857145
FARM-05902,Maize,202.84,67.41,4679.55,320.03,733.7881885714287,180.6588,160.015,350.96625,1425.4282385714287
FARM-05903,Rice,154.36,84.7,9601.23,502.23,558.4083257142859,226.996,251.115,720.0922499999999,1756.611575714286
FARM-05904,Soybean,40.07,56.81,4449.1,,144.95608714285714,152.25080000000003,,333.6825,
FARM-05905,Maize,178.3,63.23,5367.21,303.27,645.0129857142858,169.4564,151.635,402.54075,1368.645135714286
FARM-05906,Cotton,170.38,60.21,7815.71,325.91,616.3618200000001,161.36280000000002,162.955,586.1782499999999,1526.85787
FARM-05907,Rice,154.99,80.1,10322.34,387.65,560.6873957142857,214.668,193.825,774.1754999999999,1743.3558957142855
FARM-05908,Rice,157.94,74.54,9852.62,305.26,571.3592314285715,199.76720000000003,152.63,738.9465,1662.7029314285714
FARM-05909,Sugarcane,212.75,121.38,16692.68,597.19,769.6383214285715,325.2984,298.595,1251.951,2645.4827214285715
FARM-05910,Soybean,46.51,50.35,4381.32,267.01,168.25324714285716,134.93800000000002,133.505,328.599,765.2952471428571
FARM-05911,Sugarcane,221.29,107.38,17181.7,610.37,800.5323814285715,287.77840000000003,305.185,1288.6275,2682.1232814285713
FARM-05912,Wheat,136.86,42.29,3528.4,186.42,495.1008257142858,113.33720000000001,93.21,264.63,966.2780257142858
FARM-05913,Rice,153.46,74.59,10096.91,352.12,555.1525114285714,199.90120000000002,176.06,757.26825,1688.3819614285712
FARM-05914,Rice,157.78,89.65,,477.5,570.78042,240.26200000000003,238.75,,
FARM-05915,Wheat,132.79,52.34,3922.89,237.06,480.37730999999997,140.27120000000002,118.53,294.21675,1033.39526
FARM-05916,Wheat,118.11,58.06,3746.81,196.94,427.2713614285715,155.60080000000002,98.47,281.01075,962.3529114285716
FARM-05917,Soybean,34.73,53.13,4076.2,278.3,125.63825571428572,142.38840000000002,139.15,305.715,712.8916557142857
FARM-05918,Sugarcane,221.87,98.49,18529.96,515.12,802.630572857143,263.9532,257.56,1389.7469999999998,2713.890772857143
FARM-05919,Soybean,48.72,55.06,4306.98,292.16,176.24808000000002,147.56080000000003,146.08,323.02349999999996,792.91238
FARM-05920,Sugarcane,206.69,140.87,17407.63,574.98,747.7158385714285,377.5316,287.49,1305.57225,2718.3096885714285
FARM-05921,Rice,148.08,56.38,10596.49,384.22,535.6899771428573,151.09840000000003,192.11,794.7367499999999,1673.6351271428573
FARM-05922,Wheat,108.73,72.99,4531.31,248.01,393.3385414285715,195.6132,124.005,339.84825,1052.8049914285716
FARM-05923,Sugarcane,235.62,87.42,15770.16,450.57,852.3721800000001,234.28560000000002,225.285,1182.762,2494.70478
FARM-05924,Rice,167.7,67.42,10332.09,544.63,606.6667285714286,180.68560000000002,272.315,774.90675,1834.5740785714288
FARM-05925,Cotton,152.0,66.17,7275.9,383.89,549.8708571428572,177.33560000000003,191.945,545.6925,1464.843957142857
FARM-05926,Sugarcane,228.04,89.51,16391.02,483.6,824.9509885714285,239.88680000000002,241.8,1229.3265,2535.9642885714284
FARM-05927,Wheat,129.8,63.18,3662.7,280.59,469.56077142857146,169.32240000000002,140.295,274.7025,1053.8806714285715
FARM-05928,Soybean,40.97,37.92,3939.05,,148.21190142857142,101.6256,,295.42875,
FARM-05929,Cotton,154.36,54.19,7867.89,358.34,558.4083257142859,145.2292,179.17,590.09175,1472.899275714286
FARM-05930,Maize,195.72,62.51,5169.36,415.74,708.03108,167.5268,207.87,387.70199999999994,1471.12988
FARM-05931,Soybean,55.43,56.84,4076.52,270.78,200.52198428571432,152.33120000000002,135.39,305.739,793.9821842857143
FARM-05932,Wheat,117.53,56.81,4029.11,273.71,425.17317,152.25080000000003,136.855,302.18325,1016.4622200000001
FARM-05933,Soybean,34.56,44.78,3631.38,199.39,125.02326857142859,120.0104,99.695,272.3535,617.0821685714286
FARM-05934,Soybean,48.74,49.98,4767.78,243.97,176.32043142857145,133.9464,121.985,357.58349999999996,789.8353314285714
FARM-05935,Wheat,123.16,41.8,3466.03,160.13,445.5400971428572,112.024,80.065,259.95225,897.5813471428573
FARM-05936,Wheat,114.15,64.7,4345.84,252.38,412.9457785714286,173.39600000000002,126.19,325.938,1038.4697785714288
FARM-05937,Soybean,47.39,62.34,4018.95,241.87,171.43671,167.07120000000003,120.935,301.42125,760.8641600000001
FARM-05938,Rice,149.07,56.53,9831.5,,539.2713728571429,151.5004,,737.3625,
FARM-05939,Sugarcane,240.21,137.67,,722.6,868.9768328571429,368.9556,361.3,,
FARM-05940,Rice,163.75,64.5,10044.75,425.35,592.3773214285716,172.86,212.675,753.3562499999999,1731.2685714285717
FARM-05941,Maize,194.33,85.46,5450.15,307.99,703.0026557142858,229.0328,153.995,408.76124999999996,1494.7917057142859
FARM-05942,Wheat,125.17,55.89,3808.69,142.63,452.8114157142857,149.7852,71.315,285.65175,959.5633657142857
FARM-05943,Cotton,140.7,61.42,7663.8,361.33,508.9923,164.6056,180.665,574.785,1429.0479
FARM-05944,Wheat,110.37,54.97,3742.59,176.05,399.2713585714286,147.3196,88.025,280.69425,915.3102085714286
FARM-05945,Maize,192.79,69.2,4818.08,380.35,697.4315957142858,185.45600000000002,190.175,361.356,1434.4185957142859
FARM-05946,Maize,192.66,91.74,4586.23,454.26,696.9613114285714,245.8632,227.13,343.96725,1513.9217614285715
FARM-05947,Maize,198.38,70.77,5948.5,389.02,717.65382,189.6636,194.51,446.1375,1547.9649200000001
FARM-05948,Rice,160.88,74.39,9600.99,468.09,581.9948914285715,199.36520000000002,234.045,720.07425,1735.4793414285714
FARM-05949,Maize,176.4,70.31,4587.77,333.55,638.1396000000001,188.4308,166.775,344.08275000000003,1337.4281500000002
FARM-05950,Maize,191.65,84.13,4863.05,425.85,693.3075642857143,225.4684,212.925,364.72875,1496.4297142857142
FARM-05951,Rice,149.32,83.48,11167.1,502.41,540.1757657142857,223.7264,251.205,837.5325,1852.639665714286
FARM-05952,Maize,204.05,60.87,5444.26,316.99,738.1654500000002,163.1316,158.495,408.3195,1468.11155
FARM-05953,Cotton,167.6,59.64,7016.71,305.07,606.3049714285714,159.83520000000001,152.535,526.25325,1444.9284214285713
FARM-05954,Maize,194.04,56.09,4529.05,232.23,701.9535599999999,150.3212,116.115,339.67875,1308.0685099999998
FARM-05955,Rice,122.85,98.85,9521.66,497.98,444.41865,264.918,248.99,714.1245,1672.4511499999999
FARM-05956,Soybean,37.49,55.84,3588.69,232.02,135.62275285714287,149.65120000000002,116.01,269.15175,670.4357028571428
FARM-05957,Soybean,45.75,55.18,4223.65,207.64,165.5038928571429,147.88240000000002,103.82,316.77374999999995,733.9800428571428
FARM-05958,Soybean,49.41,54.57,4877.8,193.52,178.7442042857143,146.2476,96.76,365.835,787.5868042857143
FARM-05959,Wheat,108.97,,3693.23,174.41,394.2067585714286,,87.205,276.99225,
FARM-05960,Wheat,120.37,43.01,4251.25,190.23,435.44707285714287,115.2668,95.115,318.84375,964.6726228571429
FARM-05961,Wheat,132.21,49.24,3916.65,190.22,478.2791185714286,131.9632,95.11,293.74875,999.1010685714286
FARM-05962,Sugarcane,229.79,84.75,17108.84,623.41,831.2817385714286,227.13000000000002,311.705,1283.163,2653.2797385714284
FARM-05963,Soybean,46.1,49.83,4186.1,212.39,166.77004285714287,133.5444,106.195,313.95750000000004,720.4669428571428
FARM-05964,Maize,194.96,67.34,4850.49,224.49,705.2817257142858,180.4712,112.245,363.78675,1361.7846757142856
FARM-05965,Rice,141.74,77.66,10335.16,394.48,512.7545742857143,208.1288,197.24,775.137,1693.2603742857143
FARM-05966,Wheat,133.87,44.41,4285.42,169.65,484.28428714285724,119.0188,84.825,321.4065,1009.5345871428574
FARM-05967,Rice,153.44,67.92,9325.38,378.38,555.0801600000001,182.02560000000003,189.19,699.4034999999999,1625.69926
FARM-05968,Maize,198.78,88.06,5134.55,415.56,719.1008485714286,236.00080000000003,207.78,385.09125,1547.9728985714287
FARM-05969,Maize,165.92,98.04,4688.93,479.62,600.2274514285714,262.7472,239.81,351.66975,1454.4544014285714
FARM-05970,Maize,202.46,79.69,4724.5,370.61,732.4135114285714,213.5692,185.305,354.3375,1485.6252114285712
FARM-05971,Wheat,123.73,,4742.1,207.32,447.6021128571429,,103.66,355.6575,
FARM-05972,Rice,142.37,109.62,10039.49,571.82,515.0336442857142,293.7816,285.91,752.9617499999999,1847.6869942857143
FARM-05973,Maize,183.66,58.17,5023.61,291.51,664.4031685714285,155.8956,145.755,376.77074999999996,1342.8245185714286
FARM-05974,Sugarcane,235.68,103.44,17002.42,530.38,852.5892342857143,277.2192,265.19,1275.1815,2670.179934285714
FARM-05975,Sugarcane,229.51,92.69,15989.8,537.1,830.2688185714287,248.4092,268.55,1199.235,2546.4630185714286
FARM-05976,Soybean,39.72,62.53,3440.42,204.58,143.68993714285716,167.58040000000003,102.29,258.0315,671.5918371428572
FARM-05977,Sugarcane,204.39,130.37,17776.29,728.93,739.3954242857144,349.39160000000004,364.465,1333.22175,2786.473774285714
FARM-05978,Wheat,140.64,60.73,3761.45,233.17,508.7752457142858,162.7564,116.585,282.10875,1070.2253957142857
FARM-05979,Cotton,162.84,72.48,7092.77,451.75,589.0853314285714,194.24640000000002,225.875,531.95775,1541.1644814285714
FARM-05980,Cotton,151.36,69.22,7279.38,394.5,547.5556114285715,185.5096,197.25,545.9535,1476.2687114285714
FARM-05981,Maize,182.6,77.27,5465.48,323.48,660.5685428571428,207.0836,161.74,409.91099999999994,1439.3031428571426
FARM-05982,Cotton,142.48,63.73,7762.7,385.68,515.4315771428571,170.7964,192.84,582.2025,1461.270477142857
FARM-05983,Maize,216.97,40.85,5040.76,229.64,784.904472857143,109.47800000000001,114.82,378.057,1387.259472857143
FARM-05984,Rice,153.85,58.67,10824.43,374.99,556.5633642857143,157.2356,187.495,811.83225,1713.1262142857145
FARM-05985,Wheat,108.49,56.37,4112.28,292.61,392.47032428571424,151.0716,146.305,308.421,998.2679242857143
FARM-05986,Rice,137.52,78.1,11931.99,498.04,497.4884228571429,209.308,249.02,894.8992499999999,1850.7156728571429
FARM-05987,Maize,192.41,321.8503573171816,4701.33,315.95,696.0569185714286,862.5589576100467,157.975,352.59975,2069.190626181475
FARM-05988,Soybean,46.65,57.99,4050.51,263.39,168.75970714285717,155.41320000000002,131.695,303.78825,759.6561571428572
FARM-05989,Soybean,42.99,55.83,4315.16,265.88,155.51939571428574,149.6244,132.94,323.637,761.7207957142857
FARM-05990,Cotton,134.61,204.9593543245248,8061.57,306.71,486.9612900000001,549.2910695897265,153.355,604.61775,1794.2251095897263
FARM-05991,Sugarcane,213.12,88.18,17392.29,466.07,770.9768228571429,236.32240000000004,233.035,1304.42175,2544.755972857143
FARM-05992,Cotton,155.65,92.61,7504.41,1556.3926870595058,563.0749928571429,248.19480000000001,778.1963435297529,562.83075,2152.296886386896
FARM-05993,Rice,154.87,76.6,9864.96,435.97,560.2532871428572,205.288,217.985,739.872,1723.398287142857
FARM-05994,Cotton,165.86,53.98,7657.45,318.22,600.0103971428573,144.6664,159.11,574.3087499999999,1478.0955471428574
FARM-05995,Soybean,40.6,208.7949595570657,3701.07,263.86,146.87340000000003,559.5704916129362,131.93,277.58025,1115.9541416129362
FARM-05996,Soybean,46.62,65.9,3897.61,234.41,168.65118,176.61200000000002,117.205,292.32075,754.7889299999999
FARM-05997,Cotton,163.34,76.8,8026.34,500.82,590.8941171428573,205.824,250.41,601.9755,1649.1036171428575
FARM-05998,Cotton,132.66,72.06,8106.08,378.84,479.90702571428574,193.12080000000003,189.42,607.956,1470.4038257142856
FARM-05999,Cotton,151.73,94.23,8026.49,483.04,548.8941128571429,252.53640000000001,241.52,601.9867499999999,1644.9372628571427
FARM-06000,Rice,158.44,72.9,,389.73,573.1680171428573,195.372,194.865,,
