farm_id,crop_type,fertilizer_usage_kg_per_ha,fuel_consumption_liters_per_ha,water_consumption_m3_per_ha,electricity_consumption_kwh_per_ha
FARM-00001,Wheat,131.52,55.44,4325.95,252.75
FARM-00002,Soybean,48.85,51.78,3467.51,198.06
FARM-00003,Rice,149.66,74.61,9303.16,522.52
FARM-00004,Maize,191.18,79.46,5105.3,409.66
FARM-00005,Cotton,149.18,74.62,7164.48,439.8
FARM-00006,Wheat,130.05,50.78,3521.67,166.08
FARM-00007,Rice,152.54,90.9,10125.49,418.83
FARM-00008,Rice,142.5,86.11,8649.97,572.17
FARM-00009,Wheat,137.13,49.06,4176.02,163.66
FARM-00010,Rice,151.08,80.06,10693.55,456.62
FARM-00011,Cotton,171.4,70.08,7235.12,372.31
FARM-00012,Maize,175.63,53.29,5104.96,299.45
FARM-00013,Rice,125.46,54.68,,306.9
FARM-00014,Rice,156.23,101.17,8691.81,
FARM-00015,Soybean,53.44,60.76,3699.52,250.99
FARM-00016,Maize,198.67,76.31,5485.86,311.74
FARM-00017,Maize,,60.8,5889.68,181.67
FARM-00018,Cotton,126.65,51.62,7051.97,287.96
FARM-00019,Rice,170.41,72.58,10912.42,469.43
FARM-00020,Rice,161.42,63.69,10079.46,316.56
FARM-00021,Rice,144.49,69.0,10568.9,404.64
FARM-00022,Cotton,159.75,63.29,6220.27,438.6
FARM-00023,Soybean,35.67,69.03,4193.97,213.54
FARM-00024,Maize,173.69,81.71,4628.99,278.49
FARM-00025,Cotton,162.1,78.63,7167.97,457.39
FARM-00026,Sugarcane,222.23,82.16,17643.55,
FARM-00027,Wheat,105.87,52.2,3555.73,213.96
FARM-00028,Cotton,162.03,61.22,7862.77,418.93
FARM-00029,Soybean,44.8,50.78,4714.21,286.1
FARM-00030,Soybean,46.69,77.62,4572.02,317.19
FARM-00031,Cotton,128.74,43.45,7995.64,288.21
FARM-00032,Sugarcane,226.64,104.93,17006.26,616.16
FARM-00033,Sugarcane,235.53,74.47,18043.12,474.19
FARM-00034,Wheat,115.8,54.36,4431.9,255.39
FARM-00035,Maize,157.31,71.85,4957.99,312.46
FARM-00036,Rice,126.39,86.86,11582.43,510.96
FARM-00037,Soybean,148.67240992536293,58.22,3558.74,309.67
FARM-00038,Maize,188.89,70.22,5031.17,308.73
FARM-00039,Cotton,152.69,41.54,6831.33,257.07
FARM-00040,Maize,207.65,86.71,5246.62,301.48
FARM-00041,Maize,181.42,58.36,4956.13,298.6
FARM-00042,Rice,154.51,94.7,9510.29,
FARM-00043,Rice,154.33,68.9,11281.9,324.66
FARM-00044,Soybean,46.02,85.5,4335.36,320.76
FARM-00045,Sugarcane,200.31,75.42,15680.29,401.51
FARM-00046,Soybean,44.07,61.99,3574.36,238.99
FARM-00047,Cotton,148.4,57.8,8318.36,305.61
FARM-00048,Soybean,41.97,50.4,3146.29,278.48
FARM-00049,Wheat,139.03,44.2,3523.83,203.82
FARM-00050,Rice,160.28,95.91,9634.9,467.08
FARM-00051,Rice,170.73,90.18,10557.14,446.07
FARM-00052,Rice,136.99,85.48,9678.6,546.74
FARM-00053,Rice,127.33,83.39,11150.51,500.71
FARM-00054,Soybean,54.14,,3501.86,249.35
FARM-00055,Soybean,45.09,51.72,3922.61,264.58
FARM-00056,Sugarcane,243.73,100.55,17249.23,561.22
FARM-00057,Soybean,41.11,60.22,4951.5,334.41
FARM-00058,Soybean,36.13,67.58,4705.74,320.07
FARM-00059,Wheat,128.89,53.13,4038.27,233.43
FARM-00060,Sugarcane,196.04,103.73,17163.2,544.24
FARM-00061,Sugarcane,219.89,,17429.46,355.25
FARM-00062,Maize,493.02829066311904,92.88,4914.14,386.55
FARM-00063,Cotton,124.15,53.68,7889.62,197.94
FARM-00064,Sugarcane,200.92,87.75,15146.52,615.55
FARM-00065,Wheat,120.96,49.07,4399.58,214.86
FARM-00066,Soybean,46.94,39.7,3645.58,164.73
FARM-00067,Soybean,31.33,50.07,4630.36,276.58
FARM-00068,Soybean,35.61,73.71,3742.33,231.19
FARM-00069,Wheat,130.09,50.43,3479.64,175.24
FARM-00070,Rice,154.19,54.02,11572.85,365.25
FARM-00071,Soybean,46.26,57.5,,223.37
FARM-00072,Sugarcane,210.1,111.31,17483.57,485.52
FARM-00073,Maize,193.62,62.32,5120.71,327.75
FARM-00074,Maize,170.02,78.05,5698.23,410.69
FARM-00075,Sugarcane,189.99,139.87,17315.46,782.68
FARM-00076,Wheat,123.74,55.5,3920.47,281.99
FARM-00077,Rice,140.64,75.42,8987.8,485.86
FARM-00078,Rice,156.75,52.56,10382.23,298.36
FARM-00079,Maize,187.19,60.32,5251.05,272.51
FARM-00080,Rice,143.79,63.99,10548.31,367.64
FARM-00081,Sugarcane,213.54,87.34,18913.62,470.23
FARM-00082,Sugarcane,184.97,69.72,15993.12,549.48
FARM-00083,Sugarcane,231.96,80.47,17314.36,507.5
FARM-00084,Rice,153.03,89.82,10398.82,438.7
FARM-00085,Rice,167.07,99.95,9718.77,579.64
FARM-00086,Cotton,146.59,74.56,,392.63
FARM-00087,Rice,135.96,94.37,9933.88,
FARM-00088,Soybean,48.77,68.71,3545.01,209.17
FARM-00089,Soybean,46.0,45.06,4462.1,206.05
FARM-00090,Maize,177.69,59.17,5083.74,238.11
FARM-00091,Maize,198.39,83.46,4900.08,292.41
FARM-00092,Maize,208.95,56.55,4667.6,298.03
FARM-00093,Cotton,149.77,74.0,7168.55,383.56
FARM-00094,Rice,141.9,72.64,8648.54,531.89
FARM-00095,Rice,176.91,83.11,10697.06,410.39
FARM-00096,Sugarcane,222.45,331.1774357642411,16629.91,435.38
FARM-00097,Wheat,139.42,46.77,3565.44,223.72
FARM-00098,Wheat,114.18,54.64,3969.01,237.32
FARM-00099,Rice,147.22,63.05,10577.54,
FARM-00100,Rice,166.13,97.92,10063.85,499.75
FARM-00101,Maize,191.89,73.83,4368.8,331.25
FARM-00102,Wheat,136.19,43.36,3648.08,169.35
FARM-00103,Cotton,145.0,82.73,7804.87,436.9
FARM-00104,Soybean,40.58,65.22,4032.21,294.73
FARM-00105,Wheat,129.84,51.27,3985.87,161.41
FARM-00106,Sugarcane,220.51,112.68,17308.56,698.45
FARM-00107,Maize,180.31,44.24,4707.12,221.21
FARM-00108,Soybean,49.81,54.0,3107.81,198.08
FARM-00109,Wheat,106.88,54.1,4219.77,235.11
FARM-00110,Maize,,55.97,4676.12,334.9
FARM-00111,Maize,189.37,64.67,5184.62,273.87
FARM-00112,Cotton,139.74,62.3,7071.68,335.42
FARM-00113,Maize,182.4,62.31,5188.49,343.32
FARM-00114,Soybean,45.02,49.2,4406.07,205.85
FARM-00115,Rice,146.19,72.39,9436.13,471.21
FARM-00116,Maize,173.45,86.61,5051.71,292.23
FARM-00117,Rice,150.25,90.62,9162.32,595.68
FARM-00118,Rice,143.94,71.25,10415.2,396.19
FARM-00119,Wheat,109.26,63.02,3914.76,253.38
FARM-00120,Wheat,127.69,,3659.44,201.27
FARM-00121,Soybean,50.4,47.52,3822.13,195.07
FARM-00122,Wheat,119.32,56.88,4081.25,268.74
FARM-00123,Soybean,40.25,46.25,4731.69,322.71
FARM-00124,Soybean,44.95,58.3,3452.43,286.98
FARM-00125,Soybean,48.26,54.53,3995.47,244.76
FARM-00126,Cotton,131.73,,8300.05,285.31
FARM-00127,Soybean,47.98,49.54,4172.91,219.46
FARM-00128,Rice,171.86,102.55,9371.88,
FARM-00129,Sugarcane,216.13,111.13,18486.35,611.39
FARM-00130,Wheat,136.9,47.15,4112.75,230.7
FARM-00131,Sugarcane,227.85,109.66,16589.99,559.77
FARM-00132,Sugarcane,238.9,109.13,17275.6,
FARM-00133,Soybean,38.5,59.31,,195.62
FARM-00134,Sugarcane,205.0,109.41,16448.73,665.02
FARM-00135,Wheat,130.93,64.05,3142.17,291.95
FARM-00136,Soybean,39.98,50.48,4678.96,204.0
FARM-00137,Soybean,37.58,56.57,3847.98,254.11
FARM-00138,Rice,167.88,72.71,8710.59,474.99
FARM-00139,Rice,172.35,84.89,10502.76,527.31
FARM-00140,Wheat,114.51,75.53,4661.74,233.95
FARM-00141,Maize,214.28,78.96,4306.44,390.64
FARM-00142,Rice,472.4202160075733,83.6,9455.23,500.04
FARM-00143,Soybean,30.56,53.9,4150.64,219.91
FARM-00144,Cotton,155.88,77.28,7925.28,418.68
FARM-00145,Wheat,142.91,59.64,4370.44,213.16
FARM-00146,Rice,155.64,83.91,9920.27,458.1
FARM-00147,Maize,181.72,86.62,4841.08,321.44
FARM-00148,Wheat,124.58,59.49,3339.89,268.17
FARM-00149,Rice,166.85,71.09,10941.59,333.03
FARM-00150,Sugarcane,193.86,77.2,17449.35,392.07
FARM-00151,Maize,204.38,72.81,5218.91,318.29
FARM-00152,Cotton,135.59,86.8,7069.04,438.86
FARM-00153,Rice,176.47,99.46,10565.86,646.16
FARM-00154,Wheat,114.63,49.24,4587.31,219.29
FARM-00155,Sugarcane,203.8,69.22,17630.27,381.32
FARM-00156,Maize,200.74,40.99,4666.83,213.52
FARM-00157,Wheat,114.19,45.63,3897.93,185.33
FARM-00158,Sugarcane,206.55,99.84,16935.74,484.26
FARM-00159,Rice,155.42,270.84902073717933,9397.73,463.44
FARM-00160,Wheat,102.36,60.47,3789.43,266.73
FARM-00161,Soybean,36.58,61.45,4240.4,212.64
FARM-00162,Wheat,115.58,57.35,4124.3,189.67
FARM-00163,Rice,176.3,81.3,9715.59,373.6
FARM-00164,Maize,188.98,61.93,5188.91,224.51
FARM-00165,Cotton,138.74,65.07,7393.3,389.91
FARM-00166,Sugarcane,211.95,99.65,16306.33,548.89
FARM-00167,Wheat,111.76,55.61,4277.29,269.76
FARM-00168,Rice,173.94,74.82,8870.13,428.15
FARM-00169,Soybean,37.52,56.37,3905.19,197.73
FARM-00170,Soybean,36.71,56.36,4030.72,232.56
FARM-00171,Rice,155.24,105.6,8064.42,555.74
FARM-00172,Wheat,116.79,51.46,,194.82
FARM-00173,Rice,155.47,90.53,10833.88,524.71
FARM-00174,Soybean,59.43,61.29,3728.74,
FARM-00175,Cotton,164.2,43.16,7226.07,210.83
FARM-00176,Sugarcane,209.84,89.17,18219.41,501.0
FARM-00177,Sugarcane,197.45,76.71,18035.64,374.14
FARM-00178,Cotton,,226.98212791806017,8394.43,378.77
FARM-00179,Maize,194.01,76.91,4704.68,330.83
FARM-00180,Cotton,153.99,43.95,6985.03,214.57
FARM-00181,Rice,122.69,71.13,9333.77,440.66
FARM-00182,Sugarcane,222.94,111.14,19264.46,724.61
FARM-00183,Sugarcane,213.18,95.45,16923.17,479.13
FARM-00184,Soybean,43.89,53.04,3648.64,289.95
FARM-00185,Cotton,136.75,66.35,8378.78,378.96
FARM-00186,Maize,207.34,67.04,4948.2,186.12
FARM-00187,Soybean,47.51,,4495.53,185.84
FARM-00188,Maize,152.6,66.14,4790.45,277.14
FARM-00189,Soybean,55.29,60.48,3427.22,302.87
FARM-00190,Wheat,147.99,47.59,4435.33,185.73
FARM-00191,Wheat,135.45,38.88,3438.35,196.02
FARM-00192,Soybean,39.72,29.33,3207.46,188.3
FARM-00193,Maize,203.79,,5262.11,309.32
FARM-00194,Cotton,145.8,52.22,7251.8,336.57
FARM-00195,Maize,182.26,56.26,4787.4,221.49
FARM-00196,Wheat,126.26,47.58,3518.01,227.1
FARM-00197,Cotton,154.45,54.66,6856.37,289.47
FARM-00198,Cotton,173.32,76.08,8796.45,288.48
FARM-00199,Sugarcane,226.54,109.23,16974.17,509.64
FARM-00200,Wheat,138.21,58.36,3508.55,263.44
FARM-00201,Maize,186.98,89.52,4506.34,418.06
FARM-00202,Sugarcane,225.22,76.3,15576.62,382.72
FARM-00203,Soybean,37.47,65.87,3990.26,256.62
FARM-00204,Cotton,161.71,63.81,6842.98,310.06
FARM-00205,Maize,174.1,73.38,4646.87,280.31
FARM-00206,Cotton,150.37,57.34,7455.37,255.26
FARM-00207,Sugarcane,206.26,91.35,16190.15,607.43
FARM-00208,Wheat,109.56,54.38,4445.11,192.03
FARM-00209,Soybean,51.14,65.18,4133.8,256.79
FARM-00210,Rice,153.28,114.5,9108.27,596.22
FARM-00211,Sugarcane,201.73,102.02,19310.27,
FARM-00212,Rice,417.5897631915419,99.46,10369.91,454.15
FARM-00213,Rice,161.73,91.64,11599.79,473.01
FARM-00214,Maize,175.43,107.57,4327.47,387.42
FARM-00215,Soybean,53.35,49.02,4346.41,212.32
FARM-00216,Maize,174.91,68.0,,267.84
FARM-00217,Maize,172.11,52.21,5476.06,226.62
FARM-00218,Sugarcane,212.26,140.42,18478.95,
FARM-00219,Sugarcane,219.77,115.71,19101.01,543.24
FARM-00220,Soybean,43.11,59.55,3902.56,201.41
FARM-00221,Cotton,158.38,83.73,8092.42,486.49
FARM-00222,Rice,167.65,66.93,10525.89,425.64
FARM-00223,Cotton,173.99,53.86,7849.67,318.56
FARM-00224,Soybean,41.77,77.35,4155.67,316.37
FARM-00225,Maize,,72.09,4850.07,292.61
FARM-00226,Maize,200.69,76.12,5081.19,332.78
FARM-00227,Wheat,142.14,46.47,3717.36,209.59
FARM-00228,Soybean,44.75,57.18,4138.64,225.61
FARM-00229,Maize,196.9,61.49,4782.18,308.1
FARM-00230,Rice,170.14,68.27,9843.86,380.76
FARM-00231,Wheat,,58.54,3779.69,342.96
FARM-00232,Maize,168.73,64.88,4580.14,332.82
FARM-00233,Soybean,45.56,76.85,4802.62,302.23
FARM-00234,Soybean,47.66,59.36,3621.93,256.18
FARM-00235,Rice,174.9,73.59,10766.92,500.18
FARM-00236,Sugarcane,219.42,80.8,,514.86
FARM-00237,Wheat,102.76,53.13,4341.0,207.65
FARM-00238,Soybean,50.71,64.26,3915.37,282.79
FARM-00239,Soybean,43.81,56.69,3981.53,158.05
FARM-00240,Cotton,154.25,70.88,7442.59,363.63
FARM-00241,Sugarcane,220.69,109.54,15372.76,478.47
FARM-00242,Rice,163.49,57.51,9626.57,369.21
FARM-00243,Maize,178.36,87.45,5373.84,353.92
FARM-00244,Rice,149.26,84.91,9807.0,580.87
FARM-00245,Cotton,167.69,70.04,7348.58,364.0
FARM-00246,Sugarcane,210.46,126.86,15286.76,566.82
FARM-00247,Rice,156.29,79.01,9570.56,470.99
FARM-00248,Maize,199.46,71.06,4630.9,306.18
FARM-00249,Soybean,42.65,45.85,4057.29,168.35
FARM-00250,Maize,187.78,55.85,5228.73,270.12
FARM-00251,Maize,189.14,55.71,4702.25,228.07
FARM-00252,Cotton,127.46,42.86,6745.73,308.5
FARM-00253,Maize,173.39,44.17,4609.18,243.74
FARM-00254,Wheat,130.3,60.44,3360.77,266.38
FARM-00255,Wheat,111.31,72.8,3943.03,248.98
FARM-00256,Cotton,143.23,39.6,7423.3,217.41
FARM-00257,Rice,136.09,74.7,11359.04,484.06
FARM-00258,Wheat,132.67,,4332.76,227.75
FARM-00259,Cotton,157.99,60.14,7504.2,376.72
FARM-00260,Rice,134.12,71.16,8757.88,437.35
FARM-00261,Wheat,121.32,58.66,4008.0,211.54
FARM-00262,Wheat,106.25,39.24,3948.45,160.52
FARM-00263,Rice,151.12,95.18,10244.41,497.32
FARM-00264,Rice,134.02,69.33,9038.04,423.59
FARM-00265,Rice,143.63,89.04,10543.22,436.9
FARM-00266,Maize,191.22,47.34,4920.87,183.26
FARM-00267,Cotton,159.7,69.84,8867.25,420.3
FARM-00268,Sugarcane,206.81,76.49,17254.4,448.04
FARM-00269,Sugarcane,223.32,75.21,16449.21,401.36
FARM-00270,Cotton,170.58,77.39,8166.07,385.19
FARM-00271,Rice,154.99,102.59,11015.17,536.9
FARM-00272,Maize,176.16,62.62,5049.09,224.48
FARM-00273,Cotton,155.02,75.0,7996.01,332.91
FARM-00274,Sugarcane,230.51,105.27,17324.48,436.13
FARM-00275,Rice,156.75,66.99,9639.83,544.03
FARM-00276,Wheat,110.0,41.35,3296.55,193.26
FARM-00277,Cotton,147.92,77.2,7924.24,426.66
FARM-00278,Rice,143.97,81.0,9602.12,515.31
FARM-00279,Cotton,151.94,81.87,8387.42,465.24
FARM-00280,Rice,133.84,87.04,10969.67,572.02
FARM-00281,Soybean,36.47,68.03,4597.95,301.3
FARM-00282,Wheat,137.25,55.14,4369.25,228.24
FARM-00283,Maize,200.52,50.98,5705.07,205.3
FARM-00284,Wheat,131.34,61.92,4501.45,231.01
FARM-00285,Maize,177.67,73.83,4920.09,323.14
FARM-00286,Rice,,89.86,8411.4,551.91
FARM-00287,Wheat,114.58,59.93,3542.52,320.18
FARM-00288,Sugarcane,234.91,62.96,15964.35,365.3
FARM-00289,Cotton,155.98,47.12,6958.77,253.86
FARM-00290,Soybean,51.92,,4207.05,169.18
FARM-00291,Sugarcane,209.64,87.04,18266.48,471.16
FARM-00292,Sugarcane,233.59,84.44,50676.70062645443,565.62
FARM-00293,Rice,143.72,87.71,11337.57,456.83
FARM-00294,Wheat,118.53,47.0,3276.5,285.21
FARM-00295,Soybean,46.0,45.77,4239.16,666.292093343198
FARM-00296,Cotton,160.01,49.92,8043.61,281.46
FARM-00297,Sugarcane,224.77,344.0032187044253,17974.54,431.96
FARM-00298,Rice,146.85,99.94,11322.17,469.61
FARM-00299,Sugarcane,196.76,99.16,17780.33,463.15
FARM-00300,Maize,176.88,80.89,5228.11,262.93
FARM-00301,Wheat,111.34,34.58,4123.94,172.53
FARM-00302,Wheat,122.53,61.59,4397.5,251.02
FARM-00303,Cotton,154.89,59.64,6845.13,323.61
FARM-00304,Rice,137.87,77.93,9660.46,599.88
FARM-00305,Cotton,165.06,70.91,6794.06,261.04
FARM-00306,Maize,186.64,73.74,4855.63,356.87
FARM-00307,Cotton,134.33,52.59,7449.43,253.99
FARM-00308,Maize,172.93,53.39,4372.23,295.52
FARM-00309,Cotton,169.49,70.39,8374.99,357.99
FARM-00310,Wheat,137.06,59.36,3348.85,197.79
FARM-00311,Soybean,44.1,61.18,4624.68,261.77
FARM-00312,Wheat,125.45,42.3,,160.74
FARM-00313,Wheat,113.97,43.76,4001.72,199.27
FARM-00314,Rice,134.65,80.28,8926.55,389.92
FARM-00315,Cotton,134.49,75.63,7846.25,474.08
FARM-00316,Wheat,121.93,48.25,4028.21,209.85
FARM-00317,Rice,152.54,70.94,8872.69,294.63
FARM-00318,Wheat,113.66,62.2,3677.84,268.59
FARM-00319,Maize,179.06,76.12,4344.95,298.34
FARM-00320,Wheat,115.93,61.05,3868.24,236.24
FARM-00321,Wheat,119.3,66.29,3753.75,201.87
FARM-00322,Cotton,146.03,63.99,8641.6,273.19
FARM-00323,Wheat,117.5,74.71,4292.87,271.01
FARM-00324,Sugarcane,242.2,79.96,18130.93,445.91
FARM-00325,Soybean,55.82,57.41,3953.33,192.23
FARM-00326,Sugarcane,219.89,113.98,17592.04,522.26
FARM-00327,Rice,139.07,63.67,10801.69,358.97
FARM-00328,Wheat,122.75,39.9,3902.5,200.59
FARM-00329,Sugarcane,206.83,105.26,16809.97,494.42
FARM-00330,Sugarcane,238.12,80.88,16488.34,456.72
FARM-00331,Sugarcane,222.81,103.97,17110.09,493.14
FARM-00332,Maize,210.2,87.28,4533.02,432.7
FARM-00333,Cotton,151.86,55.75,7477.87,245.93
FARM-00334,Soybean,52.99,53.72,4220.95,180.11
FARM-00335,Cotton,155.89,63.86,7019.23,464.83
FARM-00336,Wheat,120.18,46.09,3557.7,200.3
FARM-00337,Wheat,128.23,43.64,4102.94,173.43
FARM-00338,Rice,143.89,65.29,37851.475457097724,493.45
FARM-00339,Sugarcane,224.97,149.74,18479.63,595.94
FARM-00340,Sugarcane,215.11,111.33,51774.37484246805,609.33
FARM-00341,Rice,165.7,92.09,11438.48,563.73
FARM-00342,Wheat,130.21,55.88,3173.06,214.09
FARM-00343,Rice,153.23,83.73,10295.11,526.19
FARM-00344,Rice,160.65,77.02,8866.29,390.07
FARM-00345,Soybean,43.1,62.57,4236.93,219.93
FARM-00346,Maize,182.65,84.92,5368.7,326.63
FARM-00347,Maize,189.39,88.16,5956.48,
FARM-00348,Soybean,46.83,61.39,3722.7,212.16
FARM-00349,Maize,197.4,80.9,5886.77,324.79
FARM-00350,Rice,135.89,,9312.03,455.87
FARM-00351,Cotton,164.09,59.21,7833.49,364.26
FARM-00352,Wheat,129.9,76.52,14959.480524839548,347.49
FARM-00353,Sugarcane,243.39,104.58,19043.35,560.16
FARM-00354,Cotton,156.69,55.55,6935.63,314.17
FARM-00355,Sugarcane,214.73,,19414.9,
FARM-00356,Soybean,51.04,72.76,4699.32,309.31
FARM-00357,Cotton,139.29,57.9,,306.72
FARM-00358,Cotton,167.76,65.88,7466.96,407.23
FARM-00359,Rice,130.72,78.65,10890.07,448.02
FARM-00360,Cotton,158.59,73.81,7313.04,319.39
FARM-00361,Maize,191.01,84.71,5600.06,299.75
FARM-00362,Wheat,127.03,50.31,4534.6,198.13
FARM-00363,Wheat,,42.4,3846.71,146.75
FARM-00364,Maize,174.48,66.32,5717.45,240.49
FARM-00365,Wheat,141.06,44.46,4690.32,146.24
FARM-00366,Cotton,151.35,71.07,7790.8,320.08
FARM-00367,Sugarcane,218.35,103.87,17764.13,461.33
FARM-00368,Wheat,117.66,56.03,3947.28,
FARM-00369,Soybean,49.26,44.37,3784.18,221.83
FARM-00370,Wheat,,53.49,3977.4,276.71
FARM-00371,Maize,213.12,70.1,5020.58,272.77
FARM-00372,Cotton,160.04,46.79,7188.63,275.29
FARM-00373,Soybean,46.36,139.94198920587422,4068.56,243.29
FARM-00374,Rice,158.46,56.87,9228.1,273.1
FARM-00375,Sugarcane,206.94,98.33,16765.86,448.83
FARM-00376,Soybean,47.47,72.44,4752.73,279.65
FARM-00377,Rice,139.4,92.73,9961.88,373.94
FARM-00378,Maize,197.62,44.41,5149.23,188.48
FARM-00379,Soybean,40.82,66.7,3605.51,176.11
FARM-00380,Soybean,53.39,67.97,3845.9,232.27
FARM-00381,Soybean,52.05,32.55,3887.59,174.84
FARM-00382,Maize,186.71,72.12,5580.57,318.74
FARM-00383,Cotton,134.14,70.03,7390.81,357.82
FARM-00384,Cotton,151.22,59.73,7399.59,326.31
FARM-00385,Wheat,119.18,37.21,4596.48,186.98
FARM-00386,Cotton,159.58,46.95,6682.55,291.26
FARM-00387,Cotton,135.34,56.27,7016.44,260.32
FARM-00388,Rice,148.25,69.4,9655.81,578.75
FARM-00389,Soybean,46.99,49.31,4642.44,225.75
FARM-00390,Sugarcane,222.81,95.89,17711.92,531.55
FARM-00391,Cotton,169.21,57.53,7090.8,295.78
FARM-00392,Maize,207.24,95.65,4953.28,413.23
FARM-00393,Cotton,165.52,64.18,8024.35,437.47
FARM-00394,Wheat,119.19,37.48,4742.08,210.56
FARM-00395,Cotton,153.68,68.7,7642.36,305.11
FARM-00396,Wheat,420.7146588705571,48.25,3727.09,187.13
FARM-00397,Soybean,42.84,43.3,3530.83,174.05
FARM-00398,Rice,151.65,81.14,11563.0,358.2
FARM-00399,Soybean,47.55,45.96,3654.68,176.46
FARM-00400,Cotton,141.8,58.43,7502.32,359.34
FARM-00401,Cotton,167.11,94.19,7998.08,448.64
FARM-00402,Maize,180.19,71.72,5292.39,254.58
FARM-00403,Cotton,158.26,49.17,6485.47,273.44
FARM-00404,Maize,173.73,70.12,4892.1,258.17
FARM-00405,Maize,192.45,,5493.99,329.28
FARM-00406,Wheat,127.18,48.17,4361.28,199.08
FARM-00407,Sugarcane,219.34,106.95,16757.26,669.91
FARM-00408,Wheat,133.31,34.02,4167.51,156.71
FARM-00409,Sugarcane,220.72,133.0,17700.82,819.26
FARM-00410,Wheat,126.87,70.84,4362.65,211.56
FARM-00411,Sugarcane,231.73,113.49,17608.1,468.89
FARM-00412,Rice,137.04,65.78,9960.83,453.33
FARM-00413,Soybean,38.14,57.69,4716.45,230.86
FARM-00414,Sugarcane,232.99,91.73,16215.33,498.36
FARM-00415,Wheat,123.17,72.79,3298.19,247.94
FARM-00416,Maize,183.37,60.85,4701.31,322.68
FARM-00417,Wheat,121.13,41.39,3906.81,
FARM-00418,Soybean,,46.5,,176.91
FARM-00419,Soybean,44.91,,4395.24,175.23
FARM-00420,Sugarcane,219.92,64.76,16204.74,315.85
FARM-00421,Cotton,159.79,54.74,7619.16,356.52
FARM-00422,Sugarcane,232.39,95.5,16570.44,534.5
FARM-00423,Rice,135.77,109.07,8848.53,485.24
FARM-00424,Wheat,104.36,49.76,3840.01,258.69
FARM-00425,Rice,155.13,48.87,10463.35,340.56
FARM-00426,Soybean,49.61,47.7,4473.48,247.84
FARM-00427,Maize,201.16,72.26,4800.18,333.98
FARM-00428,Rice,143.79,69.46,10763.78,400.0
FARM-00429,Cotton,166.46,62.29,7795.99,355.31
FARM-00430,Sugarcane,219.6,104.42,17724.21,543.23
FARM-00431,Maize,164.31,68.95,5009.1,254.15
FARM-00432,Maize,188.12,93.97,4965.9,375.21
FARM-00433,Soybean,50.31,65.09,4301.28,252.27
FARM-00434,Wheat,135.03,61.52,3820.89,251.47
FARM-00435,Wheat,121.67,47.18,3823.45,184.47
FARM-00436,Soybean,45.26,57.53,4130.07,249.12
FARM-00437,Rice,137.28,70.93,10783.69,358.26
FARM-00438,Soybean,41.71,51.86,4335.59,209.16
FARM-00439,Rice,140.27,85.43,10163.94,408.25
FARM-00440,Soybean,38.62,54.05,4599.94,179.24
FARM-00441,Rice,124.39,92.27,8747.97,488.41
FARM-00442,Wheat,108.87,53.88,4113.67,265.94
FARM-00443,Rice,170.8,57.84,9273.7,340.94
FARM-00444,Soybean,54.71,61.5,4064.24,179.18
FARM-00445,Sugarcane,216.41,105.13,16769.38,541.0
FARM-00446,Cotton,124.83,82.62,7444.51,429.42
FARM-00447,Rice,166.15,95.87,8975.34,511.54
FARM-00448,Wheat,112.87,79.47,4244.15,211.03
FARM-00449,Sugarcane,226.25,110.99,17242.73,679.77
FARM-00450,Maize,175.31,82.17,4082.0,277.26
FARM-00451,Soybean,53.25,41.67,4470.42,242.44
FARM-00452,Cotton,163.89,51.75,7530.35,297.19
FARM-00453,Wheat,123.68,43.48,3557.49,144.71
FARM-00454,Sugarcane,214.44,88.67,18260.53,501.3
FARM-00455,Maize,177.91,75.61,5236.53,247.86
FARM-00456,Cotton,433.7071832941032,65.22,7806.24,770.5706265814233
FARM-00457,Rice,147.75,102.95,9869.05,575.21
FARM-00458,Sugarcane,227.74,56.0,18361.24,280.0
FARM-00459,Wheat,131.41,55.18,4699.02,235.93
FARM-00460,Rice,152.98,65.12,11836.96,407.58
FARM-00461,Rice,163.63,64.02,10187.45,507.41
FARM-00462,Rice,140.94,91.91,10241.63,479.3
FARM-00463,Sugarcane,198.59,,16429.81,522.66
FARM-00464,Rice,138.8,73.58,9520.75,272.72
FARM-00465,Soybean,49.37,46.72,3634.2,213.43
FARM-00466,Sugarcane,238.44,125.66,17850.8,667.72
FARM-00467,Maize,181.98,42.54,4703.89,196.46
FARM-00468,Wheat,140.77,50.45,4197.36,193.8
FARM-00469,Wheat,118.17,71.27,4292.51,224.91
FARM-00470,Wheat,133.61,45.33,3891.94,194.55
FARM-00471,Sugarcane,203.37,88.21,16886.83,565.21
FARM-00472,Cotton,144.01,78.54,,445.1
FARM-00473,Soybean,55.62,86.8,3782.31,266.52
FARM-00474,Wheat,121.06,45.15,4725.1,198.0
FARM-00475,Maize,172.7,48.69,5625.57,268.97
FARM-00476,Soybean,36.92,66.77,3660.13,307.1
FARM-00477,Sugarcane,227.12,98.84,17852.32,444.43
FARM-00478,Soybean,37.04,58.06,3591.3,203.2
FARM-00479,Wheat,128.84,52.05,3075.78,183.91
FARM-00480,Maize,210.05,59.22,4757.22,316.36
FARM-00481,Wheat,143.62,46.09,4215.04,211.56
FARM-00482,Soybean,43.4,48.87,4020.08,210.72
FARM-00483,Cotton,139.54,63.42,8681.78,312.09
FARM-00484,Cotton,130.47,54.59,8071.41,289.86
FARM-00485,Sugarcane,226.14,109.09,17319.39,528.49
FARM-00486,Sugarcane,216.18,105.68,16260.81,619.5
FARM-00487,Wheat,125.24,49.72,4646.62,261.22
FARM-00488,Wheat,110.4,60.79,3679.56,170.22
FARM-00489,Maize,179.49,81.46,4952.21,244.71
FARM-00490,Rice,140.22,69.59,9190.75,415.34
FARM-00491,Cotton,136.33,65.71,8206.84,273.67
FARM-00492,Rice,137.56,103.41,10860.59,599.04
FARM-00493,Cotton,144.0,83.56,7822.82,427.58
FARM-00494,Wheat,133.38,50.53,4504.84,230.22
FARM-00495,Maize,193.07,54.77,4558.47,196.68
FARM-00496,Maize,195.03,44.31,4794.01,194.7
FARM-00497,Soybean,,44.29,4125.88,251.93
FARM-00498,Wheat,148.82,,3881.2,207.08
FARM-00499,Rice,142.07,57.1,11350.81,284.95
FARM-00500,Maize,184.97,87.78,4931.77,341.44
FARM-00501,Maize,191.11,76.67,5606.89,391.8
FARM-00502,Cotton,165.22,95.64,8128.58,398.32
FARM-00503,Soybean,36.59,50.62,3974.95,216.34
FARM-00504,Soybean,43.33,42.96,3342.3,170.84
FARM-00505,Cotton,157.06,71.62,31087.83697900036,411.2
FARM-00506,Rice,164.28,88.94,8466.32,419.71
FARM-00507,Wheat,123.67,41.38,4621.92,192.47
FARM-00508,Maize,190.17,82.05,5094.68,291.66
FARM-00509,Wheat,122.12,57.65,3217.68,279.22
FARM-00510,Rice,136.08,83.15,10406.48,449.76
FARM-00511,Sugarcane,204.04,96.08,16639.43,456.8
FARM-00512,Rice,148.56,83.88,9517.51,
FARM-00513,Sugarcane,242.66,94.98,19154.73,565.4
FARM-00514,Soybean,49.0,51.78,3471.87,173.0
FARM-00515,Soybean,49.21,40.6,4212.52,203.0
FARM-00516,Soybean,56.07,67.56,4210.72,285.17
FARM-00517,Cotton,171.57,57.62,6695.1,288.27
FARM-00518,Sugarcane,218.24,73.56,17518.11,458.58
FARM-00519,Sugarcane,220.89,79.91,16262.56,595.01
FARM-00520,Cotton,147.23,57.96,7347.11,311.52
FARM-00521,Soybean,,58.47,4893.42,213.85
FARM-00522,Soybean,43.09,61.23,3538.7,172.2
FARM-00523,Rice,135.19,64.8,10519.95,411.3
FARM-00524,Wheat,107.25,65.4,13617.756834967167,279.34
FARM-00525,Maize,172.58,87.82,5375.97,407.78
FARM-00526,Wheat,129.09,61.78,3754.05,813.4163234450536
FARM-00527,Rice,167.24,85.13,10713.16,469.0
FARM-00528,Rice,160.73,,9724.05,508.99
FARM-00529,Soybean,41.65,49.99,3735.27,203.57
FARM-00530,Cotton,175.81,72.68,7240.31,366.18
FARM-00531,Rice,140.72,98.49,8847.36,369.34
FARM-00532,Rice,145.82,72.53,11137.85,364.66
FARM-00533,Wheat,125.08,53.08,3522.44,241.65
FARM-00534,Rice,162.62,96.0,8397.66,643.27
FARM-00535,Soybean,42.7,48.77,4312.27,217.81
FARM-00536,Wheat,121.14,53.68,3672.6,223.88
FARM-00537,Wheat,126.35,71.94,3364.18,311.34
FARM-00538,Wheat,123.79,53.03,3160.29,156.23
FARM-00539,Wheat,128.65,56.32,4286.36,144.78
FARM-00540,Sugarcane,210.35,97.78,16034.95,453.44
FARM-00541,Sugarcane,245.09,105.3,18114.58,570.47
FARM-00542,Wheat,121.17,53.99,4420.46,201.45
FARM-00543,Maize,182.86,64.65,4831.24,245.3
FARM-00544,Rice,159.43,79.17,10269.05,495.81
FARM-00545,Sugarcane,,90.46,18482.89,600.41
FARM-00546,Soybean,43.62,52.84,4664.69,213.08
FARM-00547,Cotton,137.08,75.41,6901.97,438.33
FARM-00548,Maize,192.97,68.09,4913.51,258.94
FARM-00549,Wheat,119.97,58.16,3437.9,268.81
FARM-00550,Maize,196.41,67.83,5446.68,274.36
FARM-00551,Soybean,45.95,72.58,4545.22,370.5
FARM-00552,Rice,151.91,71.94,11672.94,1196.6531175949897
FARM-00553,Sugarcane,217.63,114.39,18365.25,525.88
FARM-00554,Sugarcane,233.63,113.91,17265.61,606.1
FARM-00555,Soybean,39.6,62.83,4535.11,234.44
FARM-00556,Sugarcane,211.95,75.38,60793.09713081193,381.87
FARM-00557,Wheat,129.65,56.91,3725.14,253.7
FARM-00558,Sugarcane,194.96,66.84,18206.05,375.16
FARM-00559,Wheat,127.11,65.97,4271.91,311.59
FARM-00560,Sugarcane,210.45,78.46,19017.81,602.91
FARM-00561,Cotton,146.42,71.12,7712.87,410.14
FARM-00562,Soybean,42.83,37.84,3501.97,177.97
FARM-00563,Wheat,135.4,54.13,3549.4,198.7
FARM-00564,Cotton,156.85,75.08,7029.54,287.07
FARM-00565,Cotton,157.8,74.75,8447.18,328.11
FARM-00566,Maize,174.46,88.28,5145.92,234.43
FARM-00567,Cotton,132.49,72.46,7411.85,409.01
FARM-00568,Soybean,30.54,52.88,3630.78,172.09
FARM-00569,Sugarcane,208.71,125.11,18415.68,711.2
FARM-00570,Rice,147.86,104.73,10064.26,532.77
FARM-00571,Sugarcane,193.0,118.16,16659.39,723.9
FARM-00572,Rice,135.54,84.74,9995.29,445.68
FARM-00573,Soybean,59.09,63.8,3800.06,214.9
FARM-00574,Cotton,163.43,66.48,7433.43,329.64
FARM-00575,Rice,161.12,69.55,9152.61,562.82
FARM-00576,Rice,150.43,90.73,9435.05,408.61
FARM-00577,Maize,204.86,83.7,4899.73,330.14
FARM-00578,Maize,171.45,90.97,4459.54,351.64
FARM-00579,Soybean,33.49,74.67,3474.37,258.3
FARM-00580,Soybean,42.61,69.4,3318.09,248.18
FARM-00581,Soybean,49.04,57.39,4454.19,193.83
FARM-00582,Sugarcane,213.37,105.81,17150.58,626.32
FARM-00583,Soybean,41.24,45.4,4360.89,196.62
FARM-00584,Maize,204.08,67.37,4601.61,374.16
FARM-00585,Rice,162.48,57.39,10942.77,367.44
FARM-00586,Cotton,170.96,64.87,6839.69,364.43
FARM-00587,Maize,188.86,54.88,4699.29,257.23
FARM-00588,Wheat,132.3,45.93,3955.25,236.77
FARM-00589,Maize,168.37,70.99,4226.6,311.76
FARM-00590,Cotton,161.7,56.61,6897.08,310.16
FARM-00591,Wheat,132.44,74.4,3959.11,235.83
FARM-00592,Soybean,40.11,50.14,3619.12,178.38
FARM-00593,Sugarcane,217.98,73.24,17668.79,502.57
FARM-00594,Soybean,57.07,64.08,3483.28,271.79
FARM-00595,Maize,191.89,72.06,5125.75,266.71
FARM-00596,Cotton,159.54,79.19,7297.29,389.95
FARM-00597,Cotton,143.54,79.83,8127.65,373.18
FARM-00598,Cotton,171.89,59.01,7848.13,280.45
FARM-00599,Wheat,128.07,53.84,3857.33,202.16
FARM-00600,Soybean,37.53,60.03,3660.53,156.73
FARM-00601,Rice,164.17,93.09,11474.0,634.26
FARM-00602,Maize,184.93,89.24,5086.7,
FARM-00603,Cotton,140.87,66.3,7542.91,358.46
FARM-00604,Maize,196.23,73.6,4490.18,218.84
FARM-00605,Wheat,108.24,48.1,3629.95,234.53
FARM-00606,Soybean,31.33,37.56,4187.44,202.25
FARM-00607,Sugarcane,222.79,94.42,16036.37,431.12
FARM-00608,Sugarcane,215.7,121.52,17424.62,740.77
FARM-00609,Sugarcane,223.8,,18101.24,467.92
FARM-00610,Soybean,52.91,73.4,3926.47,232.91
FARM-00611,Rice,147.25,95.61,9281.84,599.19
FARM-00612,Sugarcane,210.25,98.97,15988.6,527.35
FARM-00613,Soybean,48.16,68.01,4443.74,292.03
FARM-00614,Rice,158.31,53.31,10234.41,397.54
FARM-00615,Wheat,135.83,50.53,4032.1,248.28
FARM-00616,Sugarcane,210.99,94.73,19147.64,571.31
FARM-00617,Sugarcane,223.52,116.54,17742.3,596.73
FARM-00618,Wheat,106.83,44.73,3874.79,147.62
FARM-00619,Maize,177.82,69.94,4632.43,334.8
FARM-00620,Wheat,124.0,75.52,3577.99,278.4
FARM-00621,Sugarcane,210.03,119.71,17731.31,523.0
FARM-00622,Wheat,119.3,,3495.87,280.12
FARM-00623,Sugarcane,231.6,93.89,,499.3
FARM-00624,Wheat,127.01,59.1,3648.33,314.96
FARM-00625,Cotton,168.94,36.31,8853.26,243.97
FARM-00626,Cotton,157.27,53.22,6138.7,312.4
FARM-00627,Rice,174.28,51.47,10773.58,376.23
FARM-00628,Wheat,122.93,46.97,4511.83,237.5
FARM-00629,Rice,144.28,80.0,10401.05,479.91
FARM-00630,Cotton,149.56,60.29,7188.98,353.77
FARM-00631,Maize,198.27,82.01,4838.34,299.22
FARM-00632,Rice,126.24,81.23,11074.93,561.46
FARM-00633,Sugarcane,194.78,116.64,19621.14,577.91
FARM-00634,Wheat,131.14,67.34,3294.69,191.98
FARM-00635,Rice,162.69,74.81,9922.12,462.47
FARM-00636,Rice,137.65,56.83,11360.27,293.45
FARM-00637,Cotton,159.89,75.95,7471.6,365.52
FARM-00638,Sugarcane,230.25,120.19,17489.56,613.27
FARM-00639,Soybean,35.11,33.87,4307.61,159.66
FARM-00640,Rice,166.38,111.05,11166.47,573.68
FARM-00641,Wheat,132.19,62.94,3959.38,273.25
FARM-00642,Wheat,134.17,56.44,4712.92,204.62
FARM-00643,Sugarcane,238.16,93.4,15961.84,561.24
FARM-00644,Wheat,126.66,72.3,3871.31,249.18
FARM-00645,Sugarcane,225.66,96.83,19717.42,492.82
FARM-00646,Soybean,52.08,52.24,3664.43,238.86
FARM-00647,Rice,145.03,56.17,9793.43,269.23
FARM-00648,Soybean,39.9,59.78,4070.42,274.44
FARM-00649,Wheat,114.55,31.21,3581.44,177.19
FARM-00650,Sugarcane,213.0,104.85,17058.36,611.6
FARM-00651,Wheat,119.43,64.59,3555.9,227.87
FARM-00652,Sugarcane,212.93,79.49,16164.5,337.64
FARM-00653,Wheat,131.69,54.12,4104.62,222.93
FARM-00654,Cotton,160.41,77.86,6714.03,388.59
FARM-00655,Wheat,119.08,52.56,3747.58,217.79
FARM-00656,Cotton,164.44,70.1,6487.04,365.49
FARM-00657,Wheat,124.08,50.84,3516.43,285.75
FARM-00658,Cotton,124.77,54.09,6987.21,275.97
FARM-00659,Soybean,47.0,35.48,3785.12,205.3
FARM-00660,Maize,189.35,63.66,4392.99,364.47
FARM-00661,Soybean,50.16,61.77,3697.03,228.95
FARM-00662,Sugarcane,223.97,104.76,17858.87,708.38
FARM-00663,Cotton,161.56,60.08,8078.45,422.81
FARM-00664,Wheat,127.1,52.66,3379.46,265.37
FARM-00665,Soybean,37.36,46.31,4445.44,188.15
FARM-00666,Rice,169.28,127.53,8535.9,629.97
FARM-00667,Soybean,46.59,55.13,3306.97,243.97
FARM-00668,Wheat,126.75,,3823.71,181.07
FARM-00669,Soybean,37.24,45.44,4641.44,184.99
FARM-00670,Rice,123.13,68.4,9910.82,397.06
FARM-00671,Rice,150.22,93.6,9808.94,471.56
FARM-00672,Wheat,121.91,75.24,3069.45,225.07
FARM-00673,Wheat,125.88,45.46,4536.05,195.49
FARM-00674,Maize,178.07,69.43,5247.85,349.35
FARM-00675,Cotton,143.54,59.59,8581.52,333.72
FARM-00676,Rice,128.65,73.17,9840.64,415.81
FARM-00677,Rice,,52.76,10727.24,278.9
FARM-00678,Sugarcane,189.3,95.88,16715.45,498.49
FARM-00679,Wheat,127.91,59.63,3403.69,205.12
FARM-00680,Soybean,43.87,36.14,4118.22,196.68
FARM-00681,Maize,214.5,71.03,4644.59,287.81
FARM-00682,Rice,,81.33,11614.12,456.27
FARM-00683,Wheat,110.49,73.13,4252.96,215.93
FARM-00684,Soybean,55.11,68.19,4697.71,269.2
FARM-00685,Wheat,127.83,51.3,4091.23,225.24
FARM-00686,Rice,126.41,94.49,9595.81,455.4
FARM-00687,Maize,197.11,85.27,4900.13,353.22
FARM-00688,Maize,190.15,48.04,5523.53,253.87
FARM-00689,Maize,184.86,71.25,4278.89,236.1
FARM-00690,Wheat,121.71,47.66,4228.13,201.6
FARM-00691,Rice,140.89,45.56,11053.68,210.0
FARM-00692,Sugarcane,185.08,95.88,16934.65,583.95
FARM-00693,Cotton,166.98,71.61,7311.3,293.79
FARM-00694,Wheat,123.44,54.9,3699.97,244.72
FARM-00695,Cotton,165.05,62.04,6382.46,319.87
FARM-00696,Maize,199.19,85.28,5408.86,392.11
FARM-00697,Wheat,127.48,60.66,3994.06,197.12
FARM-00698,Wheat,129.45,57.13,4078.34,240.15
FARM-00699,Soybean,42.48,44.13,4226.46,158.15
FARM-00700,Sugarcane,247.41,74.33,17583.16,433.19
FARM-00701,Soybean,51.7,48.82,4543.43,210.53
FARM-00702,Wheat,126.1,61.86,4856.96,339.19
FARM-00703,Wheat,120.14,70.11,4291.95,224.23
FARM-00704,Cotton,145.33,69.32,,429.91
FARM-00705,Rice,149.19,89.02,9825.74,535.54
FARM-00706,Rice,151.63,92.54,9857.04,416.08
FARM-00707,Wheat,114.93,54.57,3971.64,249.06
FARM-00708,Wheat,108.2,184.97260442367812,4476.84,224.78
FARM-00709,Cotton,147.22,75.8,7173.29,368.82
FARM-00710,Rice,154.89,87.78,8945.92,443.81
FARM-00711,Cotton,159.38,67.21,7144.03,319.38
FARM-00712,Rice,155.05,84.34,10660.72,488.56
FARM-00713,Sugarcane,228.51,124.12,18267.45,643.59
FARM-00714,Wheat,130.45,45.56,3437.95,213.77
FARM-00715,Rice,138.89,89.52,,519.11
FARM-00716,Maize,194.74,53.2,5264.18,315.15
FARM-00717,Wheat,127.56,157.9390935879126,4230.35,277.31
FARM-00718,Maize,187.34,,4338.37,277.65
FARM-00719,Cotton,124.09,66.13,6630.78,335.43
FARM-00720,Sugarcane,197.25,89.41,17041.63,462.25
FARM-00721,Wheat,112.19,74.58,4556.32,245.39
FARM-00722,Sugarcane,218.4,115.4,15958.05,475.39
FARM-00723,Wheat,113.53,67.39,3607.1,256.42
FARM-00724,Soybean,44.87,64.3,4124.64,198.15
FARM-00725,Rice,145.95,89.43,11054.97,487.27
FARM-00726,Wheat,121.93,55.08,3826.12,293.56
FARM-00727,Sugarcane,183.85,75.73,16367.4,397.98
FARM-00728,Rice,153.56,82.07,10075.88,557.39
FARM-00729,Wheat,125.95,48.08,4204.65,708.3898008304768
FARM-00730,Sugarcane,194.06,111.58,17307.41,709.66
FARM-00731,Wheat,111.11,60.71,4067.32,233.77
FARM-00732,Wheat,,60.61,3671.73,221.8
FARM-00733,Sugarcane,230.64,115.75,16541.57,699.13
FARM-00734,Soybean,46.64,64.01,4406.77,272.91
FARM-00735,Soybean,38.32,72.06,3987.14,304.78
FARM-00736,Sugarcane,214.15,95.76,18466.44,586.87
FARM-00737,Sugarcane,227.93,102.65,17274.78,575.13
FARM-00738,Sugarcane,223.73,83.43,17473.02,565.36
FARM-00739,Sugarcane,226.49,108.89,16871.45,566.07
FARM-00740,Soybean,46.29,48.64,3956.64,188.06
FARM-00741,Maize,179.7,76.46,5422.71,291.76
FARM-00742,Wheat,129.7,47.23,4500.88,174.44
FARM-00743,Rice,497.88313930479325,85.06,9007.71,450.82
FARM-00744,Sugarcane,231.64,124.57,18674.97,730.76
FARM-00745,Wheat,138.65,32.57,3130.09,135.04
FARM-00746,Rice,163.72,65.22,11329.47,301.89
FARM-00747,Soybean,42.09,67.19,3214.58,291.01
FARM-00748,Wheat,127.9,58.53,4492.23,204.04
FARM-00749,Sugarcane,216.41,105.34,16147.01,465.86
FARM-00750,Soybean,54.87,50.13,4560.96,220.15
FARM-00751,Soybean,39.26,66.15,3531.18,313.5
FARM-00752,Cotton,,70.71,7334.83,278.46
FARM-00753,Wheat,111.24,37.36,4346.38,200.02
FARM-00754,Rice,126.68,81.89,9165.5,475.82
FARM-00755,Maize,202.82,69.22,4693.53,296.81
FARM-00756,Soybean,32.64,53.33,3879.18,248.17
FARM-00757,Sugarcane,216.27,,59218.272254743235,574.43
FARM-00758,Wheat,128.05,33.79,3925.11,169.39
FARM-00759,Cotton,150.15,74.08,7526.67,375.35
FARM-00760,Maize,166.1,117.0,5096.27,453.94
FARM-00761,Maize,169.35,90.54,5075.58,261.52
FARM-00762,Rice,168.29,92.89,9949.99,526.57
FARM-00763,Maize,152.87,66.35,4396.38,311.49
FARM-00764,Wheat,113.15,43.92,4219.98,143.53
FARM-00765,Sugarcane,246.13,105.18,16666.32,655.95
FARM-00766,Wheat,123.28,60.59,4106.83,227.47
FARM-00767,Wheat,112.07,34.46,4616.03,150.54
FARM-00768,Rice,134.81,76.07,9442.73,370.55
FARM-00769,Sugarcane,218.55,88.83,16780.9,458.96
FARM-00770,Sugarcane,204.56,121.05,17286.41,582.54
FARM-00771,Rice,161.1,73.07,9769.76,439.62
FARM-00772,Cotton,140.61,71.52,8763.38,338.52
FARM-00773,Wheat,127.67,81.18,3522.42,343.44
FARM-00774,Cotton,123.7,69.89,,
FARM-00775,Wheat,114.8,50.09,4152.88,202.18
FARM-00776,Cotton,146.34,,8001.51,291.42
FARM-00777,Rice,148.64,64.15,9109.82,439.85
FARM-00778,Soybean,44.23,60.24,4902.51,216.32
FARM-00779,Cotton,129.96,67.28,8232.86,313.31
FARM-00780,Maize,167.36,65.47,5500.88,226.76
FARM-00781,Maize,189.34,92.74,5555.12,342.48
FARM-00782,Maize,193.72,74.67,4675.08,385.34
FARM-00783,Wheat,144.32,56.27,3911.7,259.82
FARM-00784,Soybean,52.57,43.62,3896.72,268.8
FARM-00785,Maize,,54.85,5274.26,267.22
FARM-00786,Soybean,,71.57,4227.05,222.78
FARM-00787,Maize,204.04,107.25,5183.67,407.32
FARM-00788,Sugarcane,221.61,128.55,17296.06,598.4
FARM-00789,Sugarcane,211.74,117.42,16697.6,620.23
FARM-00790,Soybean,47.44,54.01,3736.47,232.12
FARM-00791,Soybean,50.24,63.24,4363.72,239.88
FARM-00792,Maize,208.78,59.86,4903.48,269.36
FARM-00793,Cotton,161.16,57.59,7056.44,301.89
FARM-00794,Wheat,129.48,47.28,4181.21,174.52
FARM-00795,Rice,150.14,59.33,10031.76,328.66
FARM-00796,Cotton,152.27,57.95,7415.53,243.24
FARM-00797,Wheat,114.77,49.28,3619.51,227.86
FARM-00798,Maize,194.03,65.13,4177.69,271.38
FARM-00799,Rice,142.14,81.69,9766.49,510.06
FARM-00800,Soybean,43.53,61.69,3961.87,241.94
FARM-00801,Rice,156.11,73.42,9795.86,403.34
FARM-00802,Maize,194.96,84.21,4518.54,330.62
FARM-00803,Rice,156.17,80.69,9889.51,388.96
FARM-00804,Soybean,45.96,68.09,3904.65,223.11
FARM-00805,Wheat,121.22,54.43,4025.42,248.57
FARM-00806,Rice,144.09,92.34,9269.76,335.52
FARM-00807,Maize,185.21,71.92,4574.86,258.09
FARM-00808,Rice,167.8,81.05,10225.29,436.78
FARM-00809,Wheat,109.7,48.88,4051.36,153.55
FARM-00810,Sugarcane,234.1,107.5,17915.14,514.88
FARM-00811,Maize,509.00732406170204,65.62,16839.584692898057,245.42
FARM-00812,Cotton,158.51,55.73,8848.98,330.46
FARM-00813,Cotton,170.55,93.31,6925.05,376.69
FARM-00814,Soybean,35.16,58.11,3929.26,244.83
FARM-00815,Cotton,155.79,53.04,6766.25,939.5225117720584
FARM-00816,Cotton,154.79,53.42,7272.08,344.86
FARM-00817,Maize,186.46,60.55,4959.45,286.77
FARM-00818,Wheat,133.57,48.25,3641.35,180.76
FARM-00819,Soybean,36.21,58.4,13269.552026353871,180.29
FARM-00820,Sugarcane,199.03,111.38,18392.1,629.49
FARM-00821,Cotton,546.1255868006492,66.49,7148.33,429.39
FARM-00822,Rice,139.34,61.13,10019.76,435.39
FARM-00823,Rice,158.73,80.83,9291.14,324.79
FARM-00824,Maize,167.29,69.85,5145.56,259.13
FARM-00825,Wheat,120.71,54.33,3740.36,175.9
FARM-00826,Sugarcane,224.15,117.07,17571.19,619.53
FARM-00827,Maize,172.83,81.93,5127.2,379.48
FARM-00828,Cotton,163.14,68.71,7251.62,328.11
FARM-00829,Soybean,52.26,44.44,3650.42,252.53
FARM-00830,Sugarcane,227.15,82.95,16046.98,416.13
FARM-00831,Cotton,155.42,,6454.4,320.2
FARM-00832,Cotton,127.0,71.87,6606.34,331.27
FARM-00833,Wheat,143.53,64.26,4130.91,275.49
FARM-00834,Rice,136.56,70.98,9386.29,382.92
FARM-00835,Maize,184.75,75.86,5032.66,361.52
FARM-00836,Soybean,37.05,61.16,4280.79,177.34
FARM-00837,Maize,175.95,60.77,5044.16,255.61
FARM-00838,Maize,170.5,54.71,4840.51,309.38
FARM-00839,Rice,173.7,93.63,9778.17,480.39
FARM-00840,Rice,148.04,71.24,9788.99,411.25
FARM-00841,Soybean,50.23,61.31,3547.25,203.77
FARM-00842,Wheat,142.46,48.72,4013.01,161.17
FARM-00843,Soybean,35.23,57.78,4299.7,244.74
FARM-00844,Cotton,173.66,58.48,7544.84,370.59
FARM-00845,Sugarcane,226.76,118.82,17379.79,682.08
FARM-00846,Rice,167.91,58.69,8980.25,413.4
FARM-00847,Rice,133.36,84.81,9601.79,541.34
FARM-00848,Sugarcane,226.61,107.3,15984.65,554.03
FARM-00849,Rice,157.15,70.69,10142.19,542.03
FARM-00850,Rice,136.35,57.39,10508.44,484.11
FARM-00851,Soybean,38.91,52.4,3944.32,216.55
FARM-00852,Wheat,119.56,68.78,3272.79,274.89
FARM-00853,Rice,156.69,95.51,8530.48,465.03
FARM-00854,Soybean,48.6,48.56,4127.9,154.79
FARM-00855,Wheat,125.95,45.82,3544.87,259.08
FARM-00856,Soybean,55.55,65.38,4140.49,276.02
FARM-00857,Soybean,49.86,47.72,3778.81,161.87
FARM-00858,Rice,152.74,77.91,10896.68,487.01
FARM-00859,Maize,150.18,81.37,4867.99,316.33
FARM-00860,Rice,164.57,86.18,9455.49,462.76
FARM-00861,Sugarcane,249.61,92.97,18115.74,442.71
FARM-00862,Rice,155.67,82.58,9056.88,462.69
FARM-00863,Sugarcane,235.5,107.15,,596.12
FARM-00864,Maize,207.6,95.3,4608.23,458.47
FARM-00865,Wheat,111.9,48.52,4355.74,249.07
FARM-00866,Maize,162.17,75.67,4152.11,190.06
FARM-00867,Soybean,43.79,56.45,4134.07,239.97
FARM-00868,Sugarcane,218.49,99.0,17475.12,599.42
FARM-00869,Cotton,161.61,57.17,8566.0,353.48
FARM-00870,Wheat,107.89,60.1,4431.43,294.84
FARM-00871,Maize,177.54,55.19,5674.86,299.01
FARM-00872,Sugarcane,226.84,78.81,16389.56,450.46
FARM-00873,Sugarcane,198.06,86.22,17362.62,487.12
FARM-00874,Sugarcane,238.12,98.15,18956.99,596.01
FARM-00875,Rice,140.47,77.99,10623.5,407.92
FARM-00876,Maize,471.1349564024995,72.26,5157.96,328.98
FARM-00877,Cotton,164.98,81.78,6762.59,441.07
FARM-00878,Cotton,165.15,59.43,8651.71,246.3
FARM-00879,Sugarcane,210.43,124.06,18912.39,712.58
FARM-00880,Cotton,139.31,72.9,8306.22,296.77
FARM-00881,Sugarcane,231.0,84.51,16529.75,506.7
FARM-00882,Wheat,107.31,61.71,4103.06,315.29
FARM-00883,Sugarcane,203.23,101.17,18457.25,412.89
FARM-00884,Soybean,47.8,52.13,4022.01,174.24
FARM-00885,Cotton,152.98,52.74,6095.5,246.84
FARM-00886,Rice,166.33,101.59,11016.41,608.18
FARM-00887,Sugarcane,245.66,106.16,17567.93,541.65
FARM-00888,Sugarcane,213.11,120.14,18152.06,660.19
FARM-00889,Sugarcane,202.26,102.06,18585.35,655.66
FARM-00890,Cotton,157.99,73.92,7430.36,435.45
FARM-00891,Sugarcane,226.78,128.99,17894.71,711.11
FARM-00892,Soybean,53.95,43.83,4008.88,
FARM-00893,Cotton,138.54,72.07,7683.92,405.25
FARM-00894,Soybean,58.29,56.29,4306.1,258.36
FARM-00895,Sugarcane,244.06,102.87,18006.67,607.09
FARM-00896,Soybean,50.76,53.13,4394.3,171.91
FARM-00897,Wheat,131.42,59.56,3842.51,241.74
FARM-00898,Cotton,161.39,74.38,7453.69,420.26
FARM-00899,Sugarcane,240.68,117.01,18132.11,536.72
FARM-00900,Rice,160.13,111.23,9951.68,510.88
FARM-00901,Cotton,154.9,62.71,7000.94,358.79
FARM-00902,Wheat,119.45,47.51,4459.73,224.59
FARM-00903,Wheat,125.33,51.36,4490.15,162.3
FARM-00904,Cotton,151.61,67.36,7017.36,1275.8571010587495
FARM-00905,Soybean,40.54,48.09,3674.99,
FARM-00906,Maize,186.81,57.73,4399.8,728.3783446506013
FARM-00907,Cotton,171.2,45.61,7643.95,212.4
FARM-00908,Wheat,130.58,40.86,4401.23,179.66
FARM-00909,Rice,154.83,86.76,10807.4,350.74
FARM-00910,Sugarcane,208.21,80.81,18330.56,459.03
FARM-00911,Soybean,47.63,44.22,4263.71,
FARM-00912,Cotton,136.07,91.31,7364.21,395.29
FARM-00913,Rice,149.21,92.34,9226.06,540.24
FARM-00914,Cotton,134.58,53.07,6350.4,262.41
FARM-00915,Maize,184.48,92.55,5018.93,391.7
FARM-00916,Cotton,146.23,75.38,7372.73,507.34
FARM-00917,Rice,137.64,73.15,9890.69,427.57
FARM-00918,Cotton,165.79,69.28,7976.49,357.95
FARM-00919,Sugarcane,203.61,100.34,16314.47,544.26
FARM-00920,Rice,142.37,95.42,10340.78,528.96
FARM-00921,Cotton,147.94,56.96,7732.49,333.9
FARM-00922,Maize,181.07,80.63,4833.32,257.76
FARM-00923,Cotton,147.05,75.64,7338.39,404.75
FARM-00924,Sugarcane,207.01,94.31,18168.33,606.46
FARM-00925,Rice,148.96,95.37,10997.34,409.17
FARM-00926,Rice,164.56,78.83,8926.94,370.38
FARM-00927,Rice,155.32,68.37,10810.4,435.82
FARM-00928,Maize,182.22,61.14,5164.56,326.43
FARM-00929,Wheat,108.07,45.61,3889.68,234.5
FARM-00930,Maize,179.34,109.77,4633.01,312.92
FARM-00931,Sugarcane,198.18,101.15,16792.72,
FARM-00932,Rice,151.7,68.61,9951.6,305.36
FARM-00933,Maize,192.11,68.86,4590.7,324.27
FARM-00934,Cotton,151.6,50.94,7362.69,259.25
FARM-00935,Wheat,122.55,55.15,3988.68,
FARM-00936,Cotton,,62.64,8258.89,353.36
FARM-00937,Sugarcane,232.84,115.91,18133.0,752.95
FARM-00938,Soybean,40.5,54.58,3970.13,249.9
FARM-00939,Cotton,149.99,52.31,7878.96,295.23
FARM-00940,Maize,193.19,65.41,,347.92
FARM-00941,Soybean,40.4,78.65,3376.05,287.7
FARM-00942,Wheat,137.62,46.37,3786.09,219.05
FARM-00943,Cotton,141.83,56.7,7911.6,292.23
FARM-00944,Maize,176.72,76.75,5204.65,324.61
FARM-00945,Soybean,38.66,79.05,4538.55,325.95
FARM-00946,Soybean,49.48,54.56,3588.54,165.96
FARM-00947,Rice,168.37,59.65,10111.93,416.77
FARM-00948,Maize,176.84,56.36,4369.57,271.55
FARM-00949,Rice,147.94,89.5,9477.31,456.01
FARM-00950,Sugarcane,234.84,95.33,18139.51,571.93
FARM-00951,Cotton,155.31,44.46,7199.06,277.66
FARM-00952,Wheat,127.21,36.96,3932.52,163.18
FARM-00953,Wheat,,50.23,4149.53,221.03
FARM-00954,Sugarcane,222.78,105.52,17219.3,550.72
FARM-00955,Maize,183.21,48.28,4231.27,226.49
FARM-00956,Wheat,109.32,44.91,4149.03,229.68
FARM-00957,Cotton,137.62,64.09,7489.04,330.25
FARM-00958,Maize,191.57,50.99,5538.85,181.32
FARM-00959,Soybean,52.2,55.56,,161.0
FARM-00960,Maize,189.27,59.48,5439.08,273.14
FARM-00961,Maize,174.79,83.72,5497.4,232.81
FARM-00962,Soybean,57.68,54.19,4258.16,286.6
FARM-00963,Cotton,138.91,50.25,7781.43,343.63
FARM-00964,Soybean,38.08,73.49,3241.87,311.0
FARM-00965,Maize,178.67,61.59,4311.66,251.37
FARM-00966,Soybean,59.52,79.16,3828.68,328.62
FARM-00967,Soybean,40.41,43.56,3779.83,220.96
FARM-00968,Soybean,32.92,71.99,3747.61,345.95
FARM-00969,Sugarcane,244.55,97.76,18483.84,566.55
FARM-00970,Soybean,39.45,76.35,3850.31,284.25
FARM-00971,Sugarcane,210.21,114.8,19383.82,
FARM-00972,Cotton,148.53,60.53,6724.69,391.34
FARM-00973,Wheat,131.75,50.77,4166.19,236.29
FARM-00974,Sugarcane,243.48,99.95,17488.97,539.02
FARM-00975,Rice,147.0,83.7,10663.28,411.77
FARM-00976,Rice,174.73,64.16,9739.7,308.73
FARM-00977,Maize,200.94,67.16,4799.72,246.74
FARM-00978,Sugarcane,221.43,136.01,15552.6,742.25
FARM-00979,Soybean,41.39,46.79,4704.91,251.55
FARM-00980,Soybean,46.4,48.12,3894.23,245.04
FARM-00981,Cotton,143.0,38.45,7054.79,235.06
FARM-00982,Sugarcane,207.9,124.45,17010.94,715.84
FARM-00983,Soybean,47.95,34.94,4033.53,164.57
FARM-00984,Sugarcane,220.25,112.23,15905.07,
FARM-00985,Cotton,140.96,54.15,8017.56,285.24
FARM-00986,Rice,161.02,71.86,10011.56,326.62
FARM-00987,Wheat,125.47,64.48,4231.41,202.59
FARM-00988,Wheat,138.38,65.72,3975.18,284.32
FARM-00989,Rice,129.8,103.05,28158.17922956686,472.43
FARM-00990,Maize,194.98,68.55,4728.48,342.87
FARM-00991,Cotton,129.47,52.1,7350.47,276.12
FARM-00992,Sugarcane,206.1,107.57,16529.34,657.82
FARM-00993,Wheat,133.64,61.12,4093.09,245.27
FARM-00994,Sugarcane,211.0,118.39,17429.83,516.52
FARM-00995,Rice,144.09,91.53,11644.31,370.52
FARM-00996,Soybean,51.53,49.77,4032.03,252.91
FARM-00997,Soybean,48.0,54.68,4135.88,148.87
FARM-00998,Rice,148.44,117.41,8962.1,674.32
FARM-00999,Cotton,149.83,60.76,7523.04,324.88
FARM-01000,Cotton,152.43,63.92,7917.35,382.8
FARM-01001,Cotton,131.2,74.81,7557.6,517.58
FARM-01002,Sugarcane,211.33,74.74,,439.72
FARM-01003,Cotton,132.26,68.46,7949.08,399.03
FARM-01004,Soybean,38.3,48.46,3052.34,228.23
FARM-01005,Rice,140.99,72.94,10623.1,437.47
FARM-01006,Maize,190.6,75.59,5012.93,357.99
FARM-01007,Soybean,42.52,43.42,4104.04,171.56
FARM-01008,Soybean,43.0,45.88,3950.45,161.61
FARM-01009,Maize,196.59,57.88,4783.32,279.08
FARM-01010,Soybean,39.21,51.52,3922.82,254.24
FARM-01011,Sugarcane,201.98,94.64,17392.06,494.15
FARM-01012,Maize,206.27,87.13,5443.19,332.79
FARM-01013,Wheat,118.98,68.99,3508.43,250.9
FARM-01014,Soybean,39.89,58.57,3227.18,194.52
FARM-01015,Soybean,33.78,76.91,4175.89,289.52
FARM-01016,Sugarcane,225.73,103.52,17551.88,721.61
FARM-01017,Wheat,131.93,62.39,4388.12,307.54
FARM-01018,Maize,165.76,71.15,4986.1,234.62
FARM-01019,Wheat,,57.6,4348.96,319.74
FARM-01020,Sugarcane,190.33,108.32,18697.4,510.52
FARM-01021,Wheat,111.45,47.79,4108.69,224.09
FARM-01022,Cotton,167.23,77.75,7090.91,355.28
FARM-01023,Cotton,132.53,39.43,7347.86,241.05
FARM-01024,Rice,136.04,79.09,10093.54,401.64
FARM-01025,Wheat,123.39,59.74,4431.08,233.99
FARM-01026,Sugarcane,215.61,96.19,19509.76,515.44
FARM-01027,Cotton,160.47,89.1,6272.37,502.58
FARM-01028,Rice,154.87,59.23,10708.34,399.39
FARM-01029,Rice,154.35,82.72,9972.37,449.91
FARM-01030,Cotton,142.31,72.36,8127.52,371.58
FARM-01031,Rice,169.42,74.1,10841.1,356.85
FARM-01032,Wheat,128.4,65.37,3387.53,249.41
FARM-01033,Cotton,145.68,55.07,7703.85,368.96
FARM-01034,Wheat,128.28,56.59,3334.49,306.21
FARM-01035,Maize,187.92,72.52,5653.73,328.06
FARM-01036,Rice,160.19,87.57,9486.49,414.91
FARM-01037,Soybean,53.33,73.11,3887.09,280.42
FARM-01038,Maize,196.66,59.83,4691.67,238.95
FARM-01039,Rice,154.05,86.95,10282.01,391.13
FARM-01040,Maize,189.04,87.45,5331.21,352.27
FARM-01041,Sugarcane,188.99,107.46,17598.94,658.12
FARM-01042,Cotton,148.77,62.32,7276.36,308.65
FARM-01043,Maize,164.41,61.43,4085.37,302.21
FARM-01044,Rice,147.92,84.58,9327.13,440.55
FARM-01045,Wheat,135.71,51.19,4105.93,162.59
FARM-01046,Wheat,114.1,74.67,11430.987948708715,236.7
FARM-01047,Wheat,116.55,54.32,4232.85,265.7
FARM-01048,Soybean,41.91,50.27,3996.87,190.52
FARM-01049,Maize,189.92,66.34,4667.85,351.76
FARM-01050,Soybean,34.41,80.66,4839.1,325.77
FARM-01051,Sugarcane,211.78,88.63,19307.43,461.3
FARM-01052,Sugarcane,228.16,,17764.17,562.2
FARM-01053,Maize,197.06,60.65,5543.11,242.98
FARM-01054,Soybean,41.99,54.86,4412.23,186.96
FARM-01055,Maize,160.02,50.62,4840.99,194.97
FARM-01056,Sugarcane,192.52,90.48,19232.19,527.12
FARM-01057,Rice,133.08,98.0,9225.1,576.46
FARM-01058,Cotton,158.48,60.87,8283.42,241.25
FARM-01059,Wheat,121.74,52.8,3330.28,176.71
FARM-01060,Soybean,44.23,58.55,3724.1,222.52
FARM-01061,Wheat,131.18,46.38,3978.79,237.27
FARM-01062,Wheat,139.45,53.99,4095.66,195.88
FARM-01063,Sugarcane,224.57,88.43,17184.61,603.34
FARM-01064,Maize,190.54,82.22,5224.07,398.37
FARM-01065,Maize,198.59,45.36,4678.62,181.54
FARM-01066,Soybean,39.38,50.25,3383.92,255.92
FARM-01067,Rice,133.62,96.19,9991.19,500.66
FARM-01068,Rice,124.08,78.73,8755.27,388.44
FARM-01069,Rice,129.42,59.4,9769.73,413.64
FARM-01070,Rice,154.53,95.25,10372.6,375.29
FARM-01071,Cotton,139.35,62.1,7730.61,444.07
FARM-01072,Sugarcane,217.16,81.57,15083.51,510.58
FARM-01073,Cotton,141.81,64.51,7189.85,345.95
FARM-01074,Wheat,132.42,67.35,4575.68,290.69
FARM-01075,Sugarcane,240.16,123.36,18315.97,623.74
FARM-01076,Cotton,140.53,73.69,8423.96,330.93
FARM-01077,Wheat,136.79,46.5,4448.42,226.43
FARM-01078,Rice,147.12,86.02,10234.16,433.19
FARM-01079,Wheat,128.03,46.68,4013.79,265.28
FARM-01080,Rice,155.8,67.28,9749.93,
FARM-01081,Soybean,43.33,44.97,3277.85,197.71
FARM-01082,Wheat,122.3,63.76,4918.35,193.76
FARM-01083,Wheat,135.35,66.57,4054.91,192.58
FARM-01084,Sugarcane,240.89,83.5,17539.77,640.46
FARM-01085,Soybean,49.29,40.87,4540.57,213.44
FARM-01086,Rice,143.32,96.0,9314.31,445.97
FARM-01087,Cotton,157.55,82.4,7339.71,434.14
FARM-01088,Maize,184.43,63.54,4552.94,350.3
FARM-01089,Cotton,146.86,94.37,7592.06,440.28
FARM-01090,Cotton,141.17,93.24,7263.28,426.32
FARM-01091,Wheat,123.09,51.35,3982.03,267.57
FARM-01092,Maize,186.76,63.68,5450.19,415.7
FARM-01093,Cotton,164.47,62.13,6877.17,371.98
FARM-01094,Sugarcane,202.49,77.14,17709.51,489.08
FARM-01095,Soybean,58.61,56.19,3846.41,256.36
FARM-01096,Cotton,156.14,65.08,8767.52,382.48
FARM-01097,Rice,150.97,89.09,10541.63,552.4
FARM-01098,Sugarcane,206.53,73.69,18550.87,456.32
FARM-01099,Cotton,154.05,80.98,8434.42,408.15
FARM-01100,Maize,181.16,77.91,5549.46,322.84
FARM-01101,Soybean,50.46,46.75,4005.37,200.99
FARM-01102,Cotton,162.78,54.39,7345.1,1013.3893326658982
FARM-01103,Rice,160.22,79.38,11622.05,442.66
FARM-01104,Sugarcane,213.2,84.32,15862.77,396.41
FARM-01105,Rice,165.1,86.06,9195.34,507.2
FARM-01106,Maize,212.04,56.96,5132.59,246.83
FARM-01107,Rice,142.78,67.75,10667.79,461.15
FARM-01108,Sugarcane,222.11,80.96,17409.04,441.87
FARM-01109,Cotton,135.68,53.06,7864.1,278.45
FARM-01110,Rice,138.64,74.58,8711.78,348.98
FARM-01111,Soybean,46.33,61.16,4819.3,215.18
FARM-01112,Soybean,46.41,54.94,3770.68,227.7
FARM-01113,Maize,192.69,52.87,5080.95,282.56
FARM-01114,Cotton,158.68,63.0,7377.39,359.96
FARM-01115,Wheat,134.11,45.66,3835.85,218.94
FARM-01116,Soybean,38.13,69.78,3790.71,325.26
FARM-01117,Wheat,118.07,59.68,4354.54,197.6
FARM-01118,Soybean,44.86,42.91,3932.35,179.83
FARM-01119,Maize,187.63,88.67,5062.85,380.13
FARM-01120,Wheat,120.92,71.79,3370.62,313.75
FARM-01121,Rice,136.4,62.05,9816.06,345.26
FARM-01122,Soybean,46.06,32.81,4204.75,190.94
FARM-01123,Cotton,166.97,64.96,7689.77,280.23
FARM-01124,Soybean,32.29,55.28,4579.51,222.85
FARM-01125,Maize,194.65,67.56,5141.93,247.39
FARM-01126,Cotton,124.26,248.73519987302046,6499.01,434.12
FARM-01127,Sugarcane,210.69,95.42,18564.72,557.83
FARM-01128,Wheat,132.43,54.24,4598.18,264.07
FARM-01129,Maize,198.02,60.76,5817.07,251.02
FARM-01130,Sugarcane,226.46,86.57,15754.44,564.85
FARM-01131,Rice,153.82,60.19,10484.08,398.85
FARM-01132,Cotton,151.27,65.13,7751.06,423.08
FARM-01133,Rice,143.85,64.65,9187.57,411.27
FARM-01134,Soybean,38.23,44.44,3608.92,
FARM-01135,Sugarcane,241.26,116.87,16638.13,601.07
FARM-01136,Wheat,121.65,72.05,4033.96,313.06
FARM-01137,Soybean,51.19,58.07,3742.21,198.16
FARM-01138,Rice,130.44,53.46,10966.98,412.57
FARM-01139,Wheat,126.4,42.36,3655.78,164.5
FARM-01140,Maize,179.13,72.8,4835.12,343.95
FARM-01141,Soybean,43.55,45.31,3423.04,193.83
FARM-01142,Rice,147.44,84.92,8637.71,500.49
FARM-01143,Wheat,105.32,49.19,4250.95,205.56
FARM-01144,Rice,157.14,74.42,10957.45,450.04
FARM-01145,Maize,156.67,54.24,4807.73,297.49
FARM-01146,Sugarcane,216.69,73.16,17581.7,521.31
FARM-01147,Rice,158.57,83.04,10127.72,422.86
FARM-01148,Rice,153.19,264.79103387492825,8788.64,520.16
FARM-01149,Cotton,149.97,51.75,6328.72,254.2
FARM-01150,Wheat,142.1,28.0,3101.8,123.31
FARM-01151,Wheat,116.56,61.03,4258.54,274.27
FARM-01152,Rice,167.17,85.98,8245.06,469.42
FARM-01153,Soybean,35.85,,4271.63,192.82
FARM-01154,Soybean,45.72,29.78,4226.15,107.14
FARM-01155,Soybean,47.91,,4433.94,105.0
FARM-01156,Sugarcane,200.2,108.56,17955.53,580.19
FARM-01157,Wheat,111.95,72.52,4085.46,312.21
FARM-01158,Wheat,113.59,55.38,4049.79,281.19
FARM-01159,Soybean,42.86,64.96,3105.69,295.85
FARM-01160,Sugarcane,187.5,84.24,18741.35,425.47
FARM-01161,Rice,158.0,74.53,11772.36,406.38
FARM-01162,Wheat,118.77,54.2,3827.57,202.39
FARM-01163,Rice,149.44,76.63,9114.98,378.31
FARM-01164,Cotton,168.28,68.19,7246.39,330.04
FARM-01165,Rice,166.76,65.68,9241.26,418.35
FARM-01166,Cotton,163.26,66.59,7599.05,412.12
FARM-01167,Cotton,138.74,65.8,6394.92,459.36
FARM-01168,Cotton,153.7,45.05,7518.92,197.34
FARM-01169,Sugarcane,225.07,77.17,16145.56,415.02
FARM-01170,Wheat,129.14,86.05,4531.72,337.6
FARM-01171,Maize,194.39,65.36,5227.07,323.5
FARM-01172,Soybean,47.33,40.14,4012.62,176.79
FARM-01173,Cotton,150.5,56.48,6923.3,305.83
FARM-01174,Sugarcane,204.57,156.0,17429.24,690.83
FARM-01175,Soybean,45.84,57.37,4259.23,214.22
FARM-01176,Sugarcane,193.63,122.78,17266.71,565.21
FARM-01177,Soybean,33.91,50.33,3216.16,226.9
FARM-01178,Cotton,144.22,53.3,8136.14,296.37
FARM-01179,Cotton,153.74,74.07,7081.13,339.42
FARM-01180,Cotton,161.04,79.65,7156.3,359.8
FARM-01181,Soybean,52.91,48.96,3533.44,237.69
FARM-01182,Wheat,132.92,61.04,3513.44,213.88
FARM-01183,Wheat,120.35,,4119.18,263.21
FARM-01184,Maize,178.7,108.38,5450.21,355.88
FARM-01185,Maize,192.51,83.04,4973.84,340.55
FARM-01186,Rice,176.15,71.84,8832.88,441.37
FARM-01187,Sugarcane,186.9,86.88,,504.72
FARM-01188,Soybean,38.63,54.98,3136.01,
FARM-01189,Cotton,137.21,64.07,8546.85,311.15
FARM-01190,Sugarcane,214.07,92.35,16112.01,579.25
FARM-01191,Cotton,172.1,64.69,7472.33,418.43
FARM-01192,Cotton,150.51,60.09,8051.56,312.42
FARM-01193,Cotton,166.68,63.09,6386.17,360.64
FARM-01194,Soybean,40.12,42.76,4132.35,192.15
FARM-01195,Cotton,149.82,212.41049645434774,8538.87,375.93
FARM-01196,Maize,211.73,226.6712051879706,4658.89,230.79
FARM-01197,Wheat,125.49,63.32,4325.75,165.53
FARM-01198,Maize,176.73,74.63,4986.42,273.62
FARM-01199,Cotton,148.11,54.7,8174.9,233.11
FARM-01200,Wheat,134.66,56.29,4304.67,223.55
FARM-01201,Soybean,45.91,76.43,3878.0,278.89
FARM-01202,Cotton,128.83,77.09,8402.35,429.4
FARM-01203,Wheat,110.47,47.71,4255.56,
FARM-01204,Maize,192.14,85.87,4820.86,407.25
FARM-01205,Maize,210.7,72.58,4373.04,318.06
FARM-01206,Wheat,127.8,49.5,3699.84,241.57
FARM-01207,Cotton,131.44,70.65,7234.93,402.74
FARM-01208,Soybean,46.72,56.74,4168.66,1011.8372946050191
FARM-01209,Rice,141.37,81.58,9986.97,535.7
FARM-01210,Cotton,415.5587836208324,88.63,7914.78,337.99
FARM-01211,Wheat,116.71,55.05,4165.95,222.58
FARM-01212,Rice,158.58,91.06,11285.45,456.84
FARM-01213,Rice,132.36,74.44,9229.1,509.59
FARM-01214,Cotton,155.73,67.45,7960.94,337.88
FARM-01215,Maize,180.06,92.91,5294.97,376.76
FARM-01216,Rice,141.35,94.16,8606.39,497.3
FARM-01217,Sugarcane,211.56,102.22,17007.18,633.41
FARM-01218,Sugarcane,231.81,80.41,19403.12,458.78
FARM-01219,Cotton,152.99,69.36,7791.34,436.95
FARM-01220,Maize,206.83,86.03,5113.11,401.52
FARM-01221,Cotton,168.85,79.56,7180.29,433.91
FARM-01222,Wheat,123.53,62.62,4349.18,324.51
FARM-01223,Soybean,50.27,79.85,3206.63,309.52
FARM-01224,Soybean,42.82,71.52,4181.17,252.88
FARM-01225,Rice,148.46,79.89,10814.81,470.57
FARM-01226,Sugarcane,236.71,75.43,16381.75,366.25
FARM-01227,Maize,187.0,59.16,4908.91,379.2
FARM-01228,Rice,154.68,83.54,9944.81,427.18
FARM-01229,Wheat,128.25,45.42,3615.32,212.51
FARM-01230,Sugarcane,235.36,111.65,16728.49,608.35
FARM-01231,Soybean,55.11,51.83,4381.63,261.1
FARM-01232,Cotton,166.62,65.41,6734.98,246.92
FARM-01233,Rice,129.39,81.7,9935.42,454.33
FARM-01234,Maize,190.07,58.5,4531.9,229.5
FARM-01235,Sugarcane,,112.83,18736.93,580.06
FARM-01236,Maize,159.22,73.82,5097.27,318.01
FARM-01237,Sugarcane,204.57,78.51,17671.12,479.38
FARM-01238,Cotton,146.67,46.36,7990.34,277.77
FARM-01239,Cotton,122.37,90.96,7332.62,435.76
FARM-01240,Maize,185.47,38.68,5252.48,193.77
FARM-01241,Maize,164.59,63.21,5056.92,355.86
FARM-01242,Sugarcane,203.71,96.53,18379.78,565.42
FARM-01243,Maize,193.03,93.91,4147.08,321.84
FARM-01244,Rice,140.68,85.49,9039.38,416.8
FARM-01245,Rice,161.07,67.14,9889.07,523.86
FARM-01246,Soybean,163.70947989456315,,4177.31,325.04
FARM-01247,Soybean,36.9,55.06,3958.87,286.76
FARM-01248,Maize,185.66,67.13,5044.88,315.81
FARM-01249,Sugarcane,199.14,120.49,18303.33,596.27
FARM-01250,Soybean,52.79,36.28,4458.5,136.83
FARM-01251,Soybean,38.72,62.59,4016.91,227.72
FARM-01252,Rice,147.47,59.74,10641.3,487.52
FARM-01253,Wheat,114.65,58.18,3411.92,225.16
FARM-01254,Wheat,121.86,69.68,3736.18,
FARM-01255,Cotton,154.23,46.36,6834.92,245.26
FARM-01256,Wheat,137.19,67.18,4511.74,
FARM-01257,Wheat,129.11,55.56,3930.8,224.16
FARM-01258,Sugarcane,205.67,89.55,16103.06,563.38
FARM-01259,Rice,158.1,74.02,9338.49,404.5
FARM-01260,Wheat,134.95,65.97,4430.75,205.65
FARM-01261,Maize,200.38,84.34,5097.77,400.98
FARM-01262,Maize,209.18,87.01,4625.63,428.18
FARM-01263,Soybean,43.81,59.27,3466.51,177.76
FARM-01264,Wheat,114.99,60.51,3347.75,174.22
FARM-01265,Cotton,150.66,52.01,8240.06,250.25
FARM-01266,Rice,144.2,89.04,10548.17,443.1
FARM-01267,Sugarcane,192.41,82.92,16792.27,420.48
FARM-01268,Maize,199.61,74.95,5121.47,264.67
FARM-01269,Rice,158.65,,9047.71,451.93
FARM-01270,Rice,145.93,73.32,,358.37
FARM-01271,Soybean,41.64,60.18,3854.04,297.65
FARM-01272,Cotton,150.55,75.25,7231.51,422.74
FARM-01273,Sugarcane,210.59,68.92,,400.32
FARM-01274,Soybean,51.93,34.5,4297.95,136.51
FARM-01275,Soybean,45.5,49.63,3780.86,213.57
FARM-01276,Soybean,39.77,57.15,4260.51,226.82
FARM-01277,Maize,175.0,59.15,4775.58,313.32
FARM-01278,Cotton,134.95,66.05,7919.8,346.29
FARM-01279,Sugarcane,235.3,86.65,18376.68,488.75
FARM-01280,Maize,174.41,49.44,4664.32,199.63
FARM-01281,Maize,174.37,48.51,5170.85,328.32
FARM-01282,Rice,156.54,81.84,10608.34,592.27
FARM-01283,Cotton,134.59,71.28,7495.71,307.06
FARM-01284,Sugarcane,223.58,84.88,16443.01,539.93
FARM-01285,Soybean,53.07,68.89,4282.79,248.21
FARM-01286,Rice,140.52,70.28,11284.11,478.66
FARM-01287,Cotton,133.31,71.94,7960.91,359.76
FARM-01288,Maize,198.89,75.04,5210.74,278.43
FARM-01289,Sugarcane,218.52,112.64,16303.87,536.24
FARM-01290,Cotton,144.05,46.19,7527.46,248.43
FARM-01291,Sugarcane,192.58,91.45,15681.6,468.72
FARM-01292,Maize,175.61,87.59,5083.25,418.31
FARM-01293,Soybean,49.16,44.79,4158.77,237.41
FARM-01294,Cotton,150.66,74.19,7403.01,349.19
FARM-01295,Maize,173.18,75.46,4841.02,270.39
FARM-01296,Wheat,132.38,61.18,4582.15,199.39
FARM-01297,Cotton,137.92,57.92,6202.62,320.62
FARM-01298,Soybean,38.11,59.87,3976.46,306.43
FARM-01299,Cotton,138.59,67.4,8393.82,383.02
FARM-01300,Sugarcane,205.26,133.51,17556.65,685.19
FARM-01301,Rice,152.48,95.86,11267.34,486.32
FARM-01302,Cotton,137.08,60.73,8474.77,317.77
FARM-01303,Sugarcane,191.41,117.01,17006.96,488.17
FARM-01304,Cotton,146.25,69.63,7233.04,364.46
FARM-01305,Soybean,38.76,53.34,4684.82,262.05
FARM-01306,Maize,179.94,49.59,5019.03,263.75
FARM-01307,Maize,187.2,58.32,5465.24,310.88
FARM-01308,Wheat,128.96,38.21,3412.85,187.29
FARM-01309,Wheat,121.39,40.38,4138.84,185.01
FARM-01310,Wheat,127.49,34.58,4521.97,143.17
FARM-01311,Wheat,111.19,46.37,3635.32,218.81
FARM-01312,Sugarcane,202.71,115.08,17771.17,535.96
FARM-01313,Sugarcane,200.23,109.35,16381.12,659.71
FARM-01314,Soybean,50.47,51.03,3423.49,264.44
FARM-01315,Soybean,45.88,64.67,4134.53,240.7
FARM-01316,Rice,148.58,93.77,8960.53,366.06
FARM-01317,Rice,153.71,66.14,10718.6,357.75
FARM-01318,Maize,,91.16,5228.91,303.13
FARM-01319,Sugarcane,208.39,,17401.4,601.41
FARM-01320,Rice,148.73,58.68,9871.56,330.41
FARM-01321,Cotton,150.15,61.69,7728.97,308.76
FARM-01322,Rice,,58.51,9955.4,451.84
FARM-01323,Wheat,107.06,61.44,3617.28,
FARM-01324,Rice,157.76,84.16,10111.69,418.2
FARM-01325,Sugarcane,228.33,87.46,17179.86,537.66
FARM-01326,Maize,196.08,75.44,5250.19,344.71
FARM-01327,Soybean,45.11,51.36,3413.81,258.75
FARM-01328,Rice,148.98,67.87,11352.15,446.29
FARM-01329,Soybean,,70.06,4250.58,256.33
FARM-01330,Maize,168.95,60.81,5186.58,222.93
FARM-01331,Soybean,46.14,65.72,3448.35,241.36
FARM-01332,Wheat,,51.87,3834.87,156.52
FARM-01333,Wheat,123.06,52.48,3559.95,158.55
FARM-01334,Wheat,103.91,50.92,15913.714298525974,232.34
FARM-01335,Sugarcane,232.57,70.88,16920.43,377.28
FARM-01336,Maize,196.67,,4880.68,339.88
FARM-01337,Maize,208.63,79.14,13370.84875829835,409.56
FARM-01338,Maize,174.72,72.69,5096.41,329.97
FARM-01339,Sugarcane,216.9,98.55,17462.35,582.31
FARM-01340,Cotton,161.77,64.51,7161.65,701.9687444713869
FARM-01341,Sugarcane,205.96,89.37,16556.54,676.93
FARM-01342,Wheat,143.77,73.92,,253.04
FARM-01343,Sugarcane,240.08,92.42,18293.77,616.66
FARM-01344,Maize,171.43,68.38,4596.63,417.72
FARM-01345,Sugarcane,200.34,79.45,15514.2,628.33
FARM-01346,Rice,134.33,83.02,9454.92,492.67
FARM-01347,Sugarcane,198.57,105.38,15135.11,577.71
FARM-01348,Sugarcane,223.86,99.44,17877.94,557.63
FARM-01349,Soybean,53.05,71.59,4676.73,
FARM-01350,Cotton,144.58,62.26,7547.86,376.81
FARM-01351,Soybean,42.6,59.66,13182.859086986064,250.19
FARM-01352,Sugarcane,215.64,92.24,16740.26,527.43
FARM-01353,Cotton,150.62,63.17,7931.64,297.29
FARM-01354,Sugarcane,208.68,137.73,17381.13,659.16
FARM-01355,Rice,136.09,92.46,10478.25,513.77
FARM-01356,Rice,169.26,243.56311615350782,9730.81,559.42
FARM-01357,Rice,174.54,70.03,9858.92,397.67
FARM-01358,Sugarcane,203.41,116.39,18619.21,694.0
FARM-01359,Rice,170.63,57.75,9553.74,296.95
FARM-01360,Sugarcane,227.18,90.66,17511.74,529.44
FARM-01361,Sugarcane,227.49,108.11,17214.83,639.24
FARM-01362,Maize,184.51,92.18,5347.11,430.76
FARM-01363,Soybean,50.64,47.22,3326.42,205.79
FARM-01364,Soybean,39.78,43.64,3590.32,268.54
FARM-01365,Soybean,47.87,61.44,3714.98,322.66
FARM-01366,Soybean,52.86,63.16,3640.5,253.04
FARM-01367,Sugarcane,234.95,113.45,16626.97,614.81
FARM-01368,Maize,183.9,83.17,4503.15,307.46
FARM-01369,Wheat,126.26,68.81,13926.11356171805,260.96
FARM-01370,Soybean,49.05,39.91,4229.31,154.59
FARM-01371,Sugarcane,233.19,83.09,16648.32,362.98
FARM-01372,Rice,149.91,89.58,9878.77,563.44
FARM-01373,Soybean,47.2,51.62,4543.07,212.0
FARM-01374,Wheat,111.25,40.36,3486.06,252.12
FARM-01375,Wheat,135.68,54.67,3735.97,240.35
FARM-01376,Rice,149.12,85.81,10233.78,454.23
FARM-01377,Soybean,54.22,61.36,4502.71,206.09
FARM-01378,Sugarcane,191.4,84.38,18267.26,669.69
FARM-01379,Sugarcane,223.14,136.69,16576.34,700.48
FARM-01380,Wheat,128.38,48.29,,182.82
FARM-01381,Rice,139.73,78.68,10628.94,643.72
FARM-01382,Wheat,136.57,28.0,4396.92,105.0
FARM-01383,Soybean,50.38,49.36,4643.45,257.99
FARM-01384,Cotton,143.16,54.23,8683.38,291.92
FARM-01385,Soybean,44.45,65.25,3525.61,250.07
FARM-01386,Sugarcane,209.61,83.96,16218.32,428.67
FARM-01387,Sugarcane,204.51,103.44,17604.91,609.08
FARM-01388,Cotton,169.88,72.2,7579.44,477.96
FARM-01389,Soybean,33.39,236.0790276426346,4562.23,240.41
FARM-01390,Sugarcane,214.61,100.09,17850.79,557.07
FARM-01391,Maize,638.1552943691818,62.22,5262.23,282.87
FARM-01392,Sugarcane,209.42,82.93,17075.92,559.56
FARM-01393,Maize,192.06,89.83,5567.1,395.81
FARM-01394,Rice,146.31,88.84,,520.97
FARM-01395,Soybean,41.06,58.1,4454.59,209.45
FARM-01396,Sugarcane,208.16,84.13,17395.33,450.41
FARM-01397,Soybean,58.42,65.86,3167.24,274.95
FARM-01398,Cotton,143.38,63.79,7411.33,276.63
FARM-01399,Wheat,131.78,57.03,3805.92,207.77
FARM-01400,Maize,210.37,86.12,16473.886182705217,336.77
FARM-01401,Rice,177.14,92.48,9956.33,367.94
FARM-01402,Soybean,54.87,50.63,4533.69,166.49
FARM-01403,Cotton,149.54,64.79,7577.32,510.76
FARM-01404,Maize,158.76,57.48,4472.24,177.91
FARM-01405,Maize,188.84,52.78,5711.58,237.22
FARM-01406,Maize,179.79,62.15,4978.81,328.43
FARM-01407,Sugarcane,216.66,105.52,18344.97,540.03
FARM-01408,Rice,152.96,83.12,10434.22,433.58
FARM-01409,Rice,165.2,,9514.97,357.99
FARM-01410,Soybean,54.52,63.84,3465.48,176.49
FARM-01411,Maize,156.3,47.44,5166.63,264.26
FARM-01412,Maize,207.89,85.32,4577.16,386.42
FARM-01413,Sugarcane,208.45,68.38,17392.29,531.93
FARM-01414,Wheat,117.93,36.68,4377.46,188.49
FARM-01415,Rice,146.75,96.58,8727.07,468.83
FARM-01416,Cotton,156.85,80.93,7885.22,435.22
FARM-01417,Wheat,117.71,68.74,4444.93,321.6
FARM-01418,Wheat,116.86,54.82,3605.28,227.52
FARM-01419,Rice,133.75,46.76,9792.57,318.08
FARM-01420,Soybean,47.54,67.49,3525.29,195.58
FARM-01421,Rice,143.71,71.89,10357.83,379.67
FARM-01422,Cotton,148.64,69.4,6504.13,427.75
FARM-01423,Maize,202.07,63.79,4852.42,246.28
FARM-01424,Cotton,149.16,73.64,7251.51,403.79
FARM-01425,Wheat,127.64,59.2,4018.16,262.01
FARM-01426,Soybean,36.51,56.52,3713.25,235.95
FARM-01427,Maize,192.3,68.31,5008.07,265.3
FARM-01428,Wheat,128.1,51.81,3975.53,197.99
FARM-01429,Cotton,158.49,38.62,7162.36,287.05
FARM-01430,Wheat,115.87,69.46,4729.89,315.17
FARM-01431,Maize,198.16,70.29,5035.4,354.1
FARM-01432,Wheat,147.46,50.9,4765.32,203.2
FARM-01433,Rice,155.01,77.56,10347.08,429.93
FARM-01434,Sugarcane,193.17,91.44,16215.77,471.63
FARM-01435,Wheat,129.6,50.3,10851.7590408521,165.15
FARM-01436,Rice,135.69,78.99,9564.1,507.01
FARM-01437,Soybean,46.97,76.76,3790.33,334.88
FARM-01438,Soybean,47.84,53.81,3393.6,275.37
FARM-01439,Maize,,65.06,5093.7,318.72
FARM-01440,Sugarcane,191.56,140.75,17400.07,878.45
FARM-01441,Cotton,135.26,55.7,8335.83,301.36
FARM-01442,Rice,368.5444425332098,88.23,9483.32,521.18
FARM-01443,Wheat,119.45,54.29,3732.7,220.17
FARM-01444,Maize,165.97,75.82,5689.74,252.95
FARM-01445,Rice,154.2,83.31,9811.04,467.89
FARM-01446,Soybean,42.01,62.83,3707.25,273.21
FARM-01447,Soybean,55.72,69.93,3283.18,211.52
FARM-01448,Rice,150.61,73.16,9110.97,357.65
FARM-01449,Sugarcane,217.47,118.1,18967.1,666.92
FARM-01450,Maize,169.77,88.86,5306.19,379.55
FARM-01451,Sugarcane,232.26,91.31,16954.39,473.93
FARM-01452,Maize,215.66,59.66,4776.34,278.74
FARM-01453,Soybean,46.72,42.14,4820.45,173.0
FARM-01454,Sugarcane,207.42,103.03,19198.12,578.81
FARM-01455,Cotton,147.87,67.65,,272.98
FARM-01456,Rice,144.31,107.51,8209.25,708.68
FARM-01457,Sugarcane,211.92,86.28,19027.14,561.66
FARM-01458,Maize,164.76,48.42,4922.38,344.86
FARM-01459,Soybean,,50.47,4059.28,212.61
FARM-01460,Rice,135.42,60.74,11460.22,319.56
FARM-01461,Maize,184.31,69.64,5101.17,268.83
FARM-01462,Rice,156.56,103.15,10074.36,646.91
FARM-01463,Rice,155.91,79.92,9202.94,405.91
FARM-01464,Maize,175.31,71.97,5180.71,410.82
FARM-01465,Maize,181.98,65.51,5327.45,404.56
FARM-01466,Maize,191.38,51.87,5452.31,255.62
FARM-01467,Wheat,112.93,65.94,3860.61,208.06
FARM-01468,Maize,154.77,53.71,5123.86,251.54
FARM-01469,Rice,129.58,58.39,8638.0,398.88
FARM-01470,Wheat,111.09,70.94,4134.22,294.99
FARM-01471,Rice,129.67,57.42,10347.74,237.75
FARM-01472,Rice,159.74,79.74,9184.39,419.27
FARM-01473,Sugarcane,193.99,98.44,17341.73,421.23
FARM-01474,Sugarcane,202.75,107.36,19097.99,403.75
FARM-01475,Soybean,50.72,,4822.41,146.89
FARM-01476,Rice,154.58,,10463.84,1582.9852331988757
FARM-01477,Maize,196.76,54.72,5128.46,274.17
FARM-01478,Maize,204.38,88.6,5084.82,278.61
FARM-01479,Soybean,40.29,44.1,3887.19,162.68
FARM-01480,Soybean,46.97,63.94,3994.72,203.99
FARM-01481,Rice,529.3365090580825,77.78,10892.47,
FARM-01482,Wheat,114.91,51.37,4292.78,178.9
FARM-01483,Maize,174.71,76.81,5094.62,322.4
FARM-01484,Maize,203.26,78.33,4056.05,327.33
FARM-01485,Maize,182.6,59.02,5354.8,267.15
FARM-01486,Cotton,150.85,44.72,7838.28,224.36
FARM-01487,Rice,138.29,92.95,8720.81,399.16
FARM-01488,Rice,130.15,74.92,10672.96,521.71
FARM-01489,Cotton,137.02,81.78,7497.95,
FARM-01490,Wheat,108.56,61.5,4745.25,258.29
FARM-01491,Maize,,70.02,4859.95,336.07
FARM-01492,Wheat,108.91,40.39,4242.2,263.81
FARM-01493,Cotton,143.46,53.11,7037.49,373.68
FARM-01494,Wheat,129.18,61.01,3427.01,210.47
FARM-01495,Maize,197.25,63.0,5101.15,256.36
FARM-01496,Maize,189.26,61.66,4620.43,278.41
FARM-01497,Soybean,50.54,57.36,4806.13,186.96
FARM-01498,Sugarcane,241.98,87.5,18635.43,374.33
FARM-01499,Cotton,168.39,65.34,,362.07
FARM-01500,Sugarcane,197.44,94.59,17636.73,599.24
FARM-01501,Maize,174.35,58.13,4553.9,338.05
FARM-01502,Sugarcane,202.37,122.37,18176.03,701.74
FARM-01503,Soybean,55.16,67.47,4246.27,362.3
FARM-01504,Wheat,130.0,58.94,3435.57,249.23
FARM-01505,Maize,160.73,62.18,5212.8,233.32
FARM-01506,Wheat,120.4,70.47,4862.87,200.41
FARM-01507,Cotton,140.52,59.4,7707.84,392.21
FARM-01508,Maize,170.61,98.29,4435.07,417.28
FARM-01509,Sugarcane,217.54,110.51,16506.71,595.48
FARM-01510,Soybean,43.58,57.3,4116.7,196.16
FARM-01511,Soybean,48.71,45.53,,272.42
FARM-01512,Maize,172.7,60.12,,236.11
FARM-01513,Wheat,123.1,49.98,4591.74,229.97
FARM-01514,Sugarcane,228.69,96.01,16278.69,575.48
FARM-01515,Sugarcane,234.97,118.93,16034.51,661.82
FARM-01516,Cotton,143.43,75.94,6936.91,341.77
FARM-01517,Maize,175.15,232.25210223407782,5386.69,252.48
FARM-01518,Wheat,107.36,55.83,3528.22,230.47
FARM-01519,Wheat,118.6,71.56,4269.53,210.18
FARM-01520,Sugarcane,221.81,112.7,16073.93,527.32
FARM-01521,Cotton,156.19,56.04,7503.87,267.36
FARM-01522,Cotton,127.9,67.18,6706.83,410.33
FARM-01523,Soybean,54.92,52.33,3902.09,186.4
FARM-01524,Rice,163.99,96.36,10822.85,532.8
FARM-01525,Wheat,124.13,51.67,4294.56,219.54
FARM-01526,Wheat,122.25,52.85,4005.85,188.93
FARM-01527,Rice,139.65,73.77,11000.43,305.15
FARM-01528,Sugarcane,207.81,109.29,18615.76,
FARM-01529,Wheat,123.39,50.49,3897.83,187.17
FARM-01530,Maize,176.29,35.74,5219.67,140.98
FARM-01531,Cotton,155.82,55.44,7714.38,1134.267554741249
FARM-01532,Sugarcane,211.81,76.51,19482.88,421.18
FARM-01533,Wheat,133.02,51.5,4059.74,229.31
FARM-01534,Wheat,138.83,44.92,3508.03,205.64
FARM-01535,Rice,151.65,82.33,11450.09,363.07
FARM-01536,Maize,180.44,67.12,4538.21,351.55
FARM-01537,Wheat,148.81,44.95,3833.87,252.74
FARM-01538,Soybean,39.1,53.47,3545.52,175.9
FARM-01539,Soybean,45.66,48.75,4927.05,275.1
FARM-01540,Rice,125.67,84.87,9187.06,531.83
FARM-01541,Rice,148.34,89.04,9521.37,440.4
FARM-01542,Cotton,161.67,55.43,8045.43,315.36
FARM-01543,Maize,175.23,86.1,5648.0,342.88
FARM-01544,Maize,171.69,74.09,4615.54,318.37
FARM-01545,Maize,163.25,69.14,5257.51,274.29
FARM-01546,Maize,198.79,50.77,4836.28,245.32
FARM-01547,Cotton,153.62,51.59,6490.15,261.52
FARM-01548,Soybean,37.01,62.44,4050.05,232.38
FARM-01549,Wheat,128.64,63.78,4431.91,227.3
FARM-01550,Maize,192.75,58.92,5267.56,294.13
FARM-01551,Cotton,154.7,72.54,6663.36,443.35
FARM-01552,Soybean,41.68,45.82,4357.49,221.86
FARM-01553,Maize,184.22,74.56,5891.52,325.53
FARM-01554,Wheat,115.74,61.04,3229.76,233.74
FARM-01555,Rice,150.53,68.35,8790.73,536.51
FARM-01556,Soybean,40.22,54.84,4668.59,209.34
FARM-01557,Cotton,154.55,62.7,7036.5,1328.8833899927067
FARM-01558,Sugarcane,246.99,84.87,17496.78,431.28
FARM-01559,Wheat,137.7,43.7,3872.91,192.63
FARM-01560,Maize,186.6,82.07,5273.5,330.45
FARM-01561,Rice,154.9,79.18,11560.89,539.39
FARM-01562,Wheat,140.5,57.56,3966.13,202.8
FARM-01563,Soybean,43.9,79.98,3979.11,329.65
FARM-01564,Cotton,143.55,49.6,6563.68,323.9
FARM-01565,Wheat,109.66,43.52,3756.03,227.93
FARM-01566,Maize,171.12,73.54,15605.460906937451,298.97
FARM-01567,Soybean,43.72,73.04,4371.01,204.67
FARM-01568,Maize,166.16,80.49,4751.91,387.5
FARM-01569,Wheat,126.27,64.63,4073.16,162.84
FARM-01570,Cotton,146.53,89.33,7996.59,504.15
FARM-01571,Cotton,149.08,44.27,8183.17,258.76
FARM-01572,Cotton,145.06,63.61,8238.36,348.37
FARM-01573,Rice,145.85,72.6,10234.56,432.03
FARM-01574,Cotton,145.1,64.67,6320.49,328.76
FARM-01575,Soybean,40.93,38.72,4086.44,185.46
FARM-01576,Rice,145.9,74.57,10426.22,551.62
FARM-01577,Wheat,124.24,58.83,3796.55,276.83
FARM-01578,Rice,145.48,78.59,9667.75,382.28
FARM-01579,Rice,134.74,74.82,10218.78,379.1
FARM-01580,Rice,140.82,52.08,10721.84,346.89
FARM-01581,Maize,166.52,241.98860880257294,4507.62,254.17
FARM-01582,Soybean,44.41,52.15,4951.99,223.4
FARM-01583,Soybean,46.72,56.03,4346.06,254.69
FARM-01584,Sugarcane,224.96,104.1,16339.4,621.12
FARM-01585,Sugarcane,221.51,75.23,15576.87,580.19
FARM-01586,Rice,168.81,67.48,11529.65,413.16
FARM-01587,Wheat,126.62,48.01,3878.67,200.89
FARM-01588,Wheat,140.12,57.54,3815.37,172.12
FARM-01589,Soybean,53.65,57.57,3869.77,262.39
FARM-01590,Sugarcane,234.14,,19113.73,479.26
FARM-01591,Sugarcane,214.27,101.31,18290.06,604.08
FARM-01592,Maize,188.06,39.97,4986.88,168.85
FARM-01593,Rice,156.88,93.12,9239.1,444.5
FARM-01594,Sugarcane,211.29,93.66,19448.26,538.96
FARM-01595,Maize,176.8,66.01,5018.59,336.98
FARM-01596,Wheat,132.64,61.85,3482.66,213.6
FARM-01597,Maize,181.35,89.47,4523.79,459.61
FARM-01598,Soybean,44.46,57.78,4489.06,242.72
FARM-01599,Cotton,149.44,62.92,8093.67,336.69
FARM-01600,Soybean,37.02,57.7,3564.25,202.55
FARM-01601,Rice,155.69,87.48,9427.52,368.82
FARM-01602,Sugarcane,229.6,100.29,18802.82,570.59
FARM-01603,Cotton,120.88,54.77,7761.28,356.85
FARM-01604,Cotton,154.53,78.86,7492.72,459.97
FARM-01605,Maize,171.31,68.91,4926.73,268.97
FARM-01606,Sugarcane,206.67,111.09,19194.57,590.91
FARM-01607,Cotton,145.93,77.98,7426.51,411.49
FARM-01608,Maize,198.92,69.35,4762.17,
FARM-01609,Sugarcane,220.24,84.98,18623.98,446.5
FARM-01610,Rice,142.51,88.95,9605.53,575.72
FARM-01611,Soybean,50.48,55.29,4664.86,157.46
FARM-01612,Cotton,139.49,66.66,6385.86,382.83
FARM-01613,Maize,181.31,54.45,4801.67,236.15
FARM-01614,Cotton,160.02,61.71,7104.86,304.68
FARM-01615,Cotton,143.11,41.31,6273.55,306.15
FARM-01616,Soybean,36.71,54.36,3963.88,227.71
FARM-01617,Cotton,128.64,77.67,6396.03,515.05
FARM-01618,Cotton,157.96,57.94,8375.66,388.48
FARM-01619,Maize,166.38,97.02,5323.16,387.06
FARM-01620,Sugarcane,186.07,100.59,18420.7,645.86
FARM-01621,Wheat,125.63,64.53,3203.15,256.66
FARM-01622,Wheat,126.51,55.2,4450.57,244.07
FARM-01623,Maize,185.74,54.76,5788.69,297.99
FARM-01624,Rice,164.93,86.88,11208.47,568.41
FARM-01625,Maize,177.69,74.03,5470.57,266.03
FARM-01626,Wheat,108.74,51.84,4675.88,191.53
FARM-01627,Rice,145.52,61.04,9323.2,365.3
FARM-01628,Soybean,44.69,44.31,3457.4,170.41
FARM-01629,Sugarcane,230.15,94.89,16736.16,607.99
FARM-01630,Sugarcane,219.08,98.15,17551.51,586.07
FARM-01631,Sugarcane,191.51,96.42,18386.71,471.22
FARM-01632,Wheat,111.34,70.03,3540.25,231.6
FARM-01633,Rice,149.69,58.31,10038.19,360.55
FARM-01634,Cotton,122.62,57.65,7616.01,287.03
FARM-01635,Wheat,110.71,76.45,3881.52,231.57
FARM-01636,Rice,159.34,95.43,8805.75,668.66
FARM-01637,Rice,175.83,82.09,9187.79,454.31
FARM-01638,Wheat,122.82,55.21,4661.66,217.92
FARM-01639,Sugarcane,223.26,122.44,19370.61,583.48
FARM-01640,Rice,123.64,,9017.3,331.42
FARM-01641,Cotton,147.59,67.5,7795.75,399.71
FARM-01642,Maize,177.01,63.58,,332.31
FARM-01643,Soybean,47.36,63.26,4094.46,229.4
FARM-01644,Wheat,121.92,30.17,4107.54,140.89
FARM-01645,Rice,149.68,94.3,10292.51,449.41
FARM-01646,Sugarcane,235.06,101.34,,528.43
FARM-01647,Sugarcane,227.06,110.62,17337.37,471.73
FARM-01648,Wheat,119.77,54.03,3722.5,
FARM-01649,Sugarcane,,95.88,17678.27,597.5
FARM-01650,Rice,137.96,74.27,9240.32,561.66
FARM-01651,Soybean,39.0,66.59,3742.76,246.51
FARM-01652,Sugarcane,206.8,74.5,17882.7,512.19
FARM-01653,Soybean,58.15,46.27,3566.01,226.2
FARM-01654,Rice,165.93,84.95,9039.54,456.14
FARM-01655,Wheat,134.07,69.64,4397.1,209.06
FARM-01656,Cotton,130.92,80.12,6913.47,366.68
FARM-01657,Sugarcane,214.82,84.53,15776.31,413.66
FARM-01658,Rice,159.98,75.99,9289.96,361.42
FARM-01659,Cotton,136.76,59.42,7059.1,392.75
FARM-01660,Sugarcane,225.29,75.7,15836.42,398.7
FARM-01661,Soybean,49.51,68.05,3923.8,249.86
FARM-01662,Sugarcane,189.85,121.86,15923.48,622.38
FARM-01663,Soybean,45.5,53.3,4341.43,201.47
FARM-01664,Soybean,37.19,38.83,3975.91,191.06
FARM-01665,Rice,153.91,81.07,9217.79,489.75
FARM-01666,Maize,192.19,75.74,4939.37,291.02
FARM-01667,Cotton,140.62,61.63,7000.39,279.94
FARM-01668,Wheat,129.97,58.07,3822.3,251.69
FARM-01669,Wheat,140.85,39.57,3437.63,223.02
FARM-01670,Sugarcane,238.45,101.86,17342.01,585.92
FARM-01671,Sugarcane,196.76,116.11,18639.41,509.29
FARM-01672,Rice,152.64,54.18,10359.15,348.08
FARM-01673,Maize,173.12,64.87,4988.91,328.24
FARM-01674,Soybean,49.7,52.58,3604.82,220.28
FARM-01675,Sugarcane,246.6,100.77,17495.87,586.55
FARM-01676,Sugarcane,216.97,124.48,16673.1,681.16
FARM-01677,Soybean,40.83,53.08,3294.85,278.91
FARM-01678,Wheat,134.35,60.34,3845.01,275.89
FARM-01679,Maize,186.8,58.96,5192.75,396.03
FARM-01680,Cotton,133.92,63.36,7642.41,247.39
FARM-01681,Cotton,127.55,51.65,7550.32,290.37
FARM-01682,Cotton,143.06,80.6,7740.32,385.32
FARM-01683,Soybean,42.19,33.63,4394.81,160.73
FARM-01684,Rice,152.86,71.43,11567.93,381.58
FARM-01685,Soybean,46.57,48.5,4307.02,278.02
FARM-01686,Maize,187.85,65.87,5192.4,396.05
FARM-01687,Maize,203.96,75.13,4792.95,353.25
FARM-01688,Soybean,52.7,44.81,4526.68,160.95
FARM-01689,Cotton,168.95,61.95,7241.73,490.45
FARM-01690,Maize,162.76,377.13148758513057,5044.73,300.56
FARM-01691,Rice,163.14,79.05,9260.42,420.71
FARM-01692,Cotton,142.25,73.73,8108.61,345.45
FARM-01693,Rice,152.03,68.39,9428.59,487.62
FARM-01694,Wheat,145.29,49.59,3941.88,183.36
FARM-01695,Soybean,48.29,60.38,4495.81,209.47
FARM-01696,Cotton,162.16,61.87,6480.36,306.25
FARM-01697,Cotton,162.42,45.15,6399.9,304.13
FARM-01698,Wheat,128.8,60.71,3851.03,292.2
FARM-01699,Maize,174.52,53.62,4746.33,217.27
FARM-01700,Sugarcane,214.82,114.49,19985.2,787.5
FARM-01701,Maize,160.65,66.29,4584.02,249.63
FARM-01702,Rice,145.65,95.49,10055.69,496.65
FARM-01703,Soybean,40.93,36.17,,182.83
FARM-01704,Wheat,131.04,44.39,3839.15,178.03
FARM-01705,Rice,132.33,83.69,10842.52,410.45
FARM-01706,Maize,186.09,,5437.25,264.25
FARM-01707,Soybean,46.58,53.79,3954.24,259.28
FARM-01708,Sugarcane,229.58,117.66,17037.17,671.04
FARM-01709,Sugarcane,211.72,104.54,16520.47,575.73
FARM-01710,Soybean,55.92,60.74,3820.88,204.23
FARM-01711,Wheat,122.5,67.4,,296.37
FARM-01712,Rice,130.23,84.67,8355.59,390.01
FARM-01713,Soybean,42.58,72.03,4831.88,245.63
FARM-01714,Rice,159.01,75.73,9584.54,563.58
FARM-01715,Rice,133.72,100.28,10300.65,543.92
FARM-01716,Sugarcane,225.67,91.13,15804.54,508.35
FARM-01717,Wheat,124.2,57.14,3561.22,219.06
FARM-01718,Cotton,142.51,85.99,8548.08,422.58
FARM-01719,Maize,200.69,68.27,,199.47
FARM-01720,Soybean,48.58,38.09,3758.72,189.57
FARM-01721,Maize,196.32,67.41,4434.56,261.51
FARM-01722,Sugarcane,223.49,129.9,18196.63,715.11
FARM-01723,Rice,150.38,84.61,26932.08746695345,436.1
FARM-01724,Soybean,46.06,,3936.97,233.44
FARM-01725,Maize,187.09,73.23,4885.72,307.48
FARM-01726,Rice,142.63,83.96,10694.29,520.8
FARM-01727,Rice,166.81,91.48,10394.28,528.88
FARM-01728,Maize,205.49,62.49,4734.08,222.01
FARM-01729,Sugarcane,198.73,81.3,17424.38,467.5
FARM-01730,Cotton,160.31,65.11,7687.01,444.19
FARM-01731,Cotton,172.61,79.5,7862.79,486.28
FARM-01732,Cotton,173.7,52.78,6940.96,345.08
FARM-01733,Rice,150.11,50.16,9844.09,353.57
FARM-01734,Sugarcane,219.64,104.22,15732.53,450.17
FARM-01735,Rice,143.12,100.06,10567.41,425.96
FARM-01736,Cotton,562.9766354006687,87.9,6722.69,519.72
FARM-01737,Cotton,155.28,71.47,6831.86,447.8
FARM-01738,Rice,156.03,83.26,9012.14,483.35
FARM-01739,Cotton,126.94,55.33,8227.22,377.52
FARM-01740,Soybean,56.54,47.1,4257.62,142.95
FARM-01741,Wheat,117.25,50.79,3588.77,194.24
FARM-01742,Sugarcane,239.46,94.81,19344.53,565.34
FARM-01743,Wheat,123.84,47.95,3748.3,156.98
FARM-01744,Maize,185.24,71.05,4557.14,337.86
FARM-01745,Soybean,53.51,73.33,3623.2,328.84
FARM-01746,Sugarcane,193.68,106.08,19136.25,568.56
FARM-01747,Maize,207.02,35.0,4266.26,142.0
FARM-01748,Soybean,41.77,48.19,3826.08,192.83
FARM-01749,Soybean,40.25,33.1,4652.82,186.82
FARM-01750,Soybean,47.01,49.06,4042.74,260.46
FARM-01751,Cotton,153.17,67.65,7369.99,421.67
FARM-01752,Rice,521.18502377478,71.99,11228.96,309.08
FARM-01753,Sugarcane,214.48,104.81,16359.9,541.72
FARM-01754,Cotton,141.73,71.03,8545.2,283.72
FARM-01755,Rice,166.76,57.66,9740.33,438.17
FARM-01756,Soybean,53.73,41.41,3440.57,160.85
FARM-01757,Maize,194.66,53.13,4765.95,268.13
FARM-01758,Rice,160.08,50.55,10511.68,294.3
FARM-01759,Rice,127.45,90.84,8431.07,491.92
FARM-01760,Sugarcane,241.59,93.54,16823.77,517.89
FARM-01761,Rice,139.3,60.42,11043.78,460.4
FARM-01762,Soybean,50.57,48.32,4618.96,144.79
FARM-01763,Sugarcane,221.79,77.54,17251.11,467.18
FARM-01764,Maize,216.52,74.46,5321.82,375.62
FARM-01765,Soybean,41.66,49.86,3554.12,233.22
FARM-01766,Wheat,119.57,56.26,3778.06,243.84
FARM-01767,Maize,208.17,51.51,4575.9,255.23
FARM-01768,Rice,162.32,89.08,9072.97,383.34
FARM-01769,Rice,144.4,104.49,9062.18,525.88
FARM-01770,Cotton,142.96,54.88,7492.7,350.48
FARM-01771,Soybean,40.63,72.52,4148.99,219.85
FARM-01772,Wheat,129.1,68.2,3262.95,292.2
FARM-01773,Cotton,163.07,59.47,8015.37,324.76
FARM-01774,Maize,181.96,66.35,4467.37,292.46
FARM-01775,Rice,170.79,80.76,8861.42,456.15
FARM-01776,Maize,189.85,62.28,4575.45,364.88
FARM-01777,Rice,169.28,63.84,10330.68,383.65
FARM-01778,Maize,166.09,72.89,4879.3,242.29
FARM-01779,Rice,484.3970596489074,84.94,9450.16,466.79
FARM-01780,Maize,159.3,72.17,4868.52,238.35
FARM-01781,Cotton,145.1,83.42,8186.7,385.91
FARM-01782,Cotton,129.12,87.88,7552.17,464.14
FARM-01783,Rice,146.27,88.04,10289.41,490.73
FARM-01784,Sugarcane,204.45,105.77,18461.27,642.13
FARM-01785,Cotton,136.5,69.69,8301.26,298.44
FARM-01786,Wheat,139.87,51.73,4233.83,223.83
FARM-01787,Sugarcane,215.14,110.37,18481.11,548.13
FARM-01788,Wheat,125.77,71.67,4288.28,271.47
FARM-01789,Cotton,151.98,46.4,7139.73,205.88
FARM-01790,Cotton,148.13,75.36,7761.24,423.8
FARM-01791,Maize,167.0,85.73,4465.41,345.8
FARM-01792,Wheat,132.69,56.45,3993.05,211.0
FARM-01793,Soybean,42.48,50.14,4538.51,190.02
FARM-01794,Cotton,150.5,68.22,7868.52,352.88
FARM-01795,Cotton,157.67,65.28,8142.12,309.21
FARM-01796,Soybean,45.16,63.73,3487.07,218.68
FARM-01797,Rice,160.84,101.5,10145.24,516.78
FARM-01798,Maize,177.2,60.23,4821.0,259.24
FARM-01799,Wheat,143.17,45.72,3874.06,216.08
FARM-01800,Rice,128.99,72.16,10586.54,394.46
FARM-01801,Sugarcane,188.45,103.53,18527.63,540.7
FARM-01802,Rice,163.67,87.3,10480.55,446.53
FARM-01803,Soybean,36.74,75.8,4146.4,226.26
FARM-01804,Rice,161.25,79.56,9616.28,500.03
FARM-01805,Wheat,121.75,50.69,3416.27,138.36
FARM-01806,Wheat,,66.32,3028.88,284.52
FARM-01807,Wheat,134.04,47.99,3706.43,238.99
FARM-01808,Maize,204.16,74.85,4540.93,326.1
FARM-01809,Cotton,158.94,55.51,7208.15,242.14
FARM-01810,Wheat,123.75,43.58,3254.28,220.74
FARM-01811,Cotton,145.3,60.22,8682.34,330.75
FARM-01812,Soybean,49.6,53.86,3700.02,257.62
FARM-01813,Wheat,112.26,50.13,3671.18,183.09
FARM-01814,Sugarcane,234.9,92.83,15488.03,556.55
FARM-01815,Rice,160.05,71.89,9310.08,289.15
FARM-01816,Maize,199.68,65.12,5269.67,296.49
FARM-01817,Wheat,117.7,78.46,3156.5,321.93
FARM-01818,Rice,141.19,57.96,10286.87,396.22
FARM-01819,Sugarcane,200.77,91.28,16443.14,589.97
FARM-01820,Maize,204.05,56.6,5549.41,192.54
FARM-01821,Sugarcane,196.52,82.1,16619.04,392.07
FARM-01822,Soybean,37.96,66.23,,240.32
FARM-01823,Wheat,137.45,57.03,3334.41,203.46
FARM-01824,Soybean,48.76,68.34,3574.19,275.94
FARM-01825,Sugarcane,215.3,99.8,17728.27,637.05
FARM-01826,Sugarcane,801.3906297523621,115.88,18385.9,634.86
FARM-01827,Cotton,161.7,50.39,7958.42,219.29
FARM-01828,Sugarcane,220.81,79.39,18441.29,422.05
FARM-01829,Maize,183.24,76.26,4384.55,250.13
FARM-01830,Maize,186.4,67.8,5629.73,384.2
FARM-01831,Cotton,163.47,45.19,7684.1,279.6
FARM-01832,Sugarcane,217.74,117.76,18462.9,606.77
FARM-01833,Soybean,53.26,60.3,4187.65,321.7
FARM-01834,Cotton,147.39,72.77,7262.92,401.1
FARM-01835,Cotton,138.97,69.01,6699.29,383.33
FARM-01836,Maize,194.09,58.6,4354.1,301.64
FARM-01837,Maize,197.87,235.09721498287777,4808.9,344.25
FARM-01838,Cotton,165.33,56.7,7233.85,319.74
FARM-01839,Rice,133.77,99.82,10799.36,379.83
FARM-01840,Rice,162.89,64.71,9917.73,486.84
FARM-01841,Wheat,117.34,50.01,4067.09,
FARM-01842,Rice,171.72,80.47,9158.27,557.76
FARM-01843,Maize,205.07,81.84,5125.0,390.01
FARM-01844,Rice,150.25,66.54,10476.89,401.25
FARM-01845,Sugarcane,218.58,104.13,16047.67,668.12
FARM-01846,Cotton,146.3,54.27,7392.89,276.09
FARM-01847,Wheat,130.25,47.28,4058.58,288.37
FARM-01848,Soybean,30.98,48.92,4100.81,166.6
FARM-01849,Soybean,55.44,43.03,3416.09,174.25
FARM-01850,Soybean,50.18,61.01,4015.89,210.14
FARM-01851,Wheat,120.77,52.9,3627.31,170.86
FARM-01852,Sugarcane,221.66,90.9,16743.28,385.93
FARM-01853,Wheat,129.32,51.18,3270.97,213.21
FARM-01854,Sugarcane,239.36,109.44,18222.64,597.56
FARM-01855,Soybean,39.92,35.42,3580.63,114.92
FARM-01856,Sugarcane,205.31,121.45,16642.79,552.41
FARM-01857,Wheat,130.17,60.14,3670.77,262.74
FARM-01858,Rice,159.85,88.74,9309.43,550.17
FARM-01859,Sugarcane,183.54,86.85,16837.67,424.17
FARM-01860,Maize,173.3,70.76,4775.44,223.61
FARM-01861,Rice,160.16,84.5,11500.02,451.57
FARM-01862,Sugarcane,189.76,130.01,18840.2,819.93
FARM-01863,Cotton,128.45,73.3,7401.66,353.78
FARM-01864,Rice,144.71,75.51,11225.21,393.72
FARM-01865,Maize,190.68,87.42,4755.96,388.4
FARM-01866,Rice,154.25,68.93,9896.59,302.02
FARM-01867,Rice,133.81,55.21,8689.85,289.42
FARM-01868,Sugarcane,204.82,90.99,17993.55,461.03
FARM-01869,Rice,143.1,84.72,8635.84,417.75
FARM-01870,Rice,168.58,66.46,10391.65,418.61
FARM-01871,Cotton,146.58,53.18,6918.34,322.63
FARM-01872,Sugarcane,229.69,95.81,17003.02,480.9
FARM-01873,Soybean,34.01,39.87,3928.41,143.91
FARM-01874,Maize,163.38,67.01,5720.96,270.84
FARM-01875,Sugarcane,202.93,108.31,18165.89,691.34
FARM-01876,Rice,154.22,77.85,11300.32,395.78
FARM-01877,Wheat,126.35,52.85,4234.17,225.02
FARM-01878,Cotton,163.84,74.94,7969.99,413.12
FARM-01879,Sugarcane,188.28,,15705.88,725.04
FARM-01880,Sugarcane,222.6,104.23,18558.82,752.75
FARM-01881,Soybean,34.85,76.89,4638.35,226.28
FARM-01882,Soybean,49.35,48.76,3662.24,
FARM-01883,Sugarcane,208.66,96.91,19388.41,558.33
FARM-01884,Rice,538.8665610002929,79.99,9891.86,554.27
FARM-01885,Maize,191.74,55.94,4633.1,251.78
FARM-01886,Wheat,113.73,43.63,3105.82,175.02
FARM-01887,Wheat,119.48,63.52,4225.33,315.95
FARM-01888,Maize,186.17,81.61,5166.63,343.88
FARM-01889,Maize,182.1,63.97,4709.14,373.87
FARM-01890,Sugarcane,211.1,107.14,16756.96,454.06
FARM-01891,Soybean,55.12,56.95,3786.36,221.89
FARM-01892,Wheat,111.73,55.21,3546.82,234.51
FARM-01893,Sugarcane,216.28,104.16,18504.46,562.42
FARM-01894,Cotton,172.74,78.13,7489.43,352.15
FARM-01895,Sugarcane,230.6,76.58,18345.56,381.36
FARM-01896,Soybean,58.18,42.11,4393.22,181.54
FARM-01897,Sugarcane,217.77,94.61,17079.32,544.64
FARM-01898,Maize,190.84,74.55,5223.87,207.71
FARM-01899,Wheat,123.46,44.39,3907.66,211.24
FARM-01900,Rice,158.48,95.02,11407.02,363.85
FARM-01901,Rice,149.42,64.71,9930.3,395.91
FARM-01902,Cotton,153.86,52.0,7968.93,351.2
FARM-01903,Cotton,175.58,79.28,7093.55,401.41
FARM-01904,Sugarcane,217.51,105.38,18058.6,510.04
FARM-01905,Soybean,48.53,49.22,3960.93,182.88
FARM-01906,Rice,134.93,86.89,10132.58,478.66
FARM-01907,Maize,200.65,78.52,5388.33,255.73
FARM-01908,Maize,176.32,68.68,5253.08,242.85
FARM-01909,Rice,168.87,85.63,10371.09,470.17
FARM-01910,Sugarcane,210.43,105.26,16784.76,647.91
FARM-01911,Soybean,53.11,76.34,3773.84,235.03
FARM-01912,Soybean,36.37,50.04,12805.188895691272,226.14
FARM-01913,Maize,171.76,71.15,5515.46,261.61
FARM-01914,Wheat,116.71,40.86,10298.16448017302,197.64
FARM-01915,Cotton,147.33,58.49,8394.18,260.58
FARM-01916,Rice,148.8,90.71,11209.54,527.2
FARM-01917,Sugarcane,233.58,119.39,15880.38,588.5
FARM-01918,Cotton,148.02,56.91,7183.08,291.19
FARM-01919,Cotton,124.79,87.44,8247.79,491.6
FARM-01920,Wheat,123.6,71.78,4308.09,316.64
FARM-01921,Sugarcane,206.36,95.88,17600.48,428.04
FARM-01922,Soybean,31.62,53.2,3504.03,231.57
FARM-01923,Rice,157.37,68.16,9471.59,474.64
FARM-01924,Wheat,131.01,57.0,4228.57,277.08
FARM-01925,Sugarcane,213.93,106.44,18325.2,612.74
FARM-01926,Wheat,131.28,48.63,4103.98,177.4
FARM-01927,Maize,202.08,58.0,4127.59,358.41
FARM-01928,Maize,211.49,57.56,5190.43,246.6
FARM-01929,Maize,194.69,67.69,5607.15,301.5
FARM-01930,Wheat,129.24,66.25,4386.11,208.65
FARM-01931,Wheat,137.83,59.44,3882.55,243.38
FARM-01932,Soybean,43.43,55.73,4354.92,355.15
FARM-01933,Soybean,33.32,87.54,,272.72
FARM-01934,Cotton,141.99,61.28,7540.89,314.61
FARM-01935,Rice,153.15,84.63,9329.05,533.61
FARM-01936,Rice,128.6,89.74,8664.59,619.94
FARM-01937,Soybean,46.23,60.56,3964.19,276.87
FARM-01938,Wheat,132.4,53.94,3585.9,199.09
FARM-01939,Maize,158.6,69.97,5528.83,383.9
FARM-01940,Sugarcane,228.39,103.76,18616.1,724.24
FARM-01941,Sugarcane,225.13,87.91,16395.22,437.02
FARM-01942,Wheat,131.2,41.85,4463.64,177.22
FARM-01943,Sugarcane,211.97,103.73,15985.44,521.01
FARM-01944,Rice,135.36,87.21,9228.7,406.19
FARM-01945,Maize,158.23,59.37,5882.63,263.79
FARM-01946,Wheat,140.41,51.13,4311.05,205.79
FARM-01947,Cotton,167.14,62.14,6954.05,339.28
FARM-01948,Sugarcane,219.2,93.9,17260.78,424.34
FARM-01949,Rice,145.69,55.62,9953.87,328.11
FARM-01950,Rice,143.77,70.67,8941.17,400.52
FARM-01951,Soybean,32.75,40.25,,190.37
FARM-01952,Sugarcane,242.46,109.07,16372.03,612.24
FARM-01953,Maize,183.99,49.93,5096.85,225.74
FARM-01954,Rice,132.2,71.68,10380.78,528.02
FARM-01955,Cotton,167.32,57.46,7279.33,270.34
FARM-01956,Cotton,168.58,85.84,7625.01,467.8
FARM-01957,Maize,180.15,81.09,5416.87,261.48
FARM-01958,Cotton,152.5,83.63,7440.21,392.84
FARM-01959,Wheat,135.74,68.71,3885.67,218.32
FARM-01960,Sugarcane,197.45,93.2,16814.04,559.94
FARM-01961,Maize,169.82,60.93,4925.07,254.67
FARM-01962,Maize,185.31,55.28,4167.65,284.05
FARM-01963,Maize,187.5,88.55,5421.24,404.71
FARM-01964,Rice,143.29,91.67,9601.83,545.74
FARM-01965,Soybean,55.42,59.55,3574.7,259.8
FARM-01966,Soybean,42.92,46.89,4059.29,210.7
FARM-01967,Sugarcane,224.28,61.21,17242.27,320.62
FARM-01968,Rice,,76.65,10848.03,491.89
FARM-01969,Soybean,55.1,67.08,3471.35,285.62
FARM-01970,Wheat,129.72,45.23,3993.9,226.75
FARM-01971,Cotton,153.71,56.69,21757.75233836312,259.75
FARM-01972,Rice,128.73,58.8,10736.94,258.0
FARM-01973,Soybean,57.91,40.63,4350.12,215.31
FARM-01974,Cotton,133.75,50.39,8101.97,219.47
FARM-01975,Rice,125.14,87.99,9111.48,366.0
FARM-01976,Maize,170.67,77.6,4954.96,402.63
FARM-01977,Rice,140.46,74.3,10164.74,344.8
FARM-01978,Cotton,156.36,81.07,7364.52,399.33
FARM-01979,Sugarcane,209.91,94.12,17228.18,563.8
FARM-01980,Maize,185.37,86.04,5287.65,357.0
FARM-01981,Soybean,54.31,64.91,3751.75,297.5
FARM-01982,Wheat,120.75,53.99,3545.37,252.3
FARM-01983,Soybean,39.86,57.08,3689.44,238.32
FARM-01984,Rice,165.56,84.62,10251.38,468.94
FARM-01985,Cotton,134.58,,7273.69,329.23
FARM-01986,Soybean,43.65,36.03,4182.97,179.17
FARM-01987,Wheat,125.0,60.33,3702.72,214.72
FARM-01988,Sugarcane,239.58,94.45,19133.83,499.83
FARM-01989,Wheat,109.17,48.16,3478.32,269.32
FARM-01990,Rice,144.72,65.42,9350.16,462.54
FARM-01991,Wheat,107.75,57.44,4357.94,231.21
FARM-01992,Sugarcane,235.27,119.23,18141.74,568.86
FARM-01993,Soybean,53.31,58.02,3877.83,201.11
FARM-01994,Cotton,160.76,63.19,6317.6,366.82
FARM-01995,Cotton,139.24,78.07,8834.87,419.36
FARM-01996,Maize,181.49,76.83,4815.16,378.31
FARM-01997,Wheat,133.6,59.38,4004.68,279.13
FARM-01998,Cotton,138.79,79.62,6547.79,350.8
FARM-01999,Rice,142.49,51.65,10040.56,358.25
FARM-02000,Soybean,50.5,48.53,3741.3,236.96
FARM-02001,Wheat,133.55,61.73,4173.65,
FARM-02002,Cotton,143.63,51.85,,346.47
FARM-02003,Wheat,117.85,62.62,4090.48,296.51
FARM-02004,Rice,134.86,97.85,11000.34,446.35
FARM-02005,Sugarcane,192.6,128.04,17636.8,676.47
FARM-02006,Cotton,130.71,57.68,7184.18,269.39
FARM-02007,Maize,179.07,91.58,5025.47,375.07
FARM-02008,Cotton,164.37,59.74,7428.28,330.5
FARM-02009,Maize,203.98,78.26,5718.5,334.22
FARM-02010,Cotton,135.22,70.16,7427.86,
FARM-02011,Wheat,441.9942447456521,59.28,3166.42,175.94
FARM-02012,Cotton,156.95,58.1,8249.06,252.87
FARM-02013,Wheat,109.83,40.59,4150.77,193.84
FARM-02014,Soybean,45.82,68.26,3783.22,308.39
FARM-02015,Sugarcane,243.68,83.84,16553.51,596.52
FARM-02016,Soybean,43.49,66.46,4468.9,
FARM-02017,Maize,185.23,73.2,4341.11,302.61
FARM-02018,Cotton,157.27,54.33,7519.43,372.1
FARM-02019,Wheat,107.07,53.43,4032.01,259.9
FARM-02020,Cotton,147.42,40.35,7903.63,232.42
FARM-02021,Sugarcane,209.23,103.98,18328.65,693.71
FARM-02022,Cotton,129.36,70.43,8095.19,436.89
FARM-02023,Soybean,37.86,42.92,4363.0,234.08
FARM-02024,Maize,190.53,79.87,4961.89,344.4
FARM-02025,Wheat,146.93,56.86,3694.95,301.82
FARM-02026,Soybean,52.59,48.63,3165.75,264.62
FARM-02027,Sugarcane,196.74,250.36492724215032,17163.54,413.72
FARM-02028,Rice,144.51,84.62,9227.92,497.01
FARM-02029,Wheat,405.27535149896016,61.1,3844.74,176.06
FARM-02030,Soybean,42.47,69.44,3995.58,317.46
FARM-02031,Wheat,114.76,47.9,3922.54,165.09
FARM-02032,Sugarcane,224.95,156.0,17594.51,573.37
FARM-02033,Sugarcane,231.19,107.44,15385.79,697.19
FARM-02034,Maize,182.85,70.44,5199.73,376.0
FARM-02035,Sugarcane,231.98,112.13,16741.27,488.39
FARM-02036,Cotton,131.3,53.93,7306.81,338.08
FARM-02037,Soybean,34.13,51.0,3115.79,195.81
FARM-02038,Wheat,133.31,60.12,3497.8,248.94
FARM-02039,Cotton,126.25,71.8,6764.88,364.33
FARM-02040,Rice,140.83,60.81,9772.95,395.38
FARM-02041,Maize,175.31,56.96,4748.37,263.8
FARM-02042,Rice,133.17,96.29,11894.53,497.2
FARM-02043,Rice,137.21,79.68,10008.37,612.55
FARM-02044,Soybean,49.03,60.93,3471.15,225.63
FARM-02045,Soybean,39.49,56.99,4252.15,203.89
FARM-02046,Soybean,55.19,50.51,4471.92,181.33
FARM-02047,Wheat,119.74,52.75,3739.38,310.76
FARM-02048,Wheat,115.37,61.58,4297.3,231.91
FARM-02049,Maize,161.73,91.28,4310.78,360.75
FARM-02050,Cotton,160.13,63.9,6679.36,905.7521828525548
FARM-02051,Cotton,150.99,65.38,7780.3,326.84
FARM-02052,Cotton,,66.19,8128.27,381.24
FARM-02053,Soybean,38.73,53.15,4733.06,182.16
FARM-02054,Wheat,125.77,58.53,3724.62,207.17
FARM-02055,Soybean,48.28,63.57,4681.57,236.55
FARM-02056,Cotton,151.62,46.13,6867.42,
FARM-02057,Wheat,122.93,43.96,3667.37,153.62
FARM-02058,Rice,149.82,52.28,9313.0,344.66
FARM-02059,Rice,162.5,75.69,10810.46,451.96
FARM-02060,Maize,422.5363390847632,72.63,4648.87,277.7
FARM-02061,Cotton,155.94,61.28,8123.85,358.0
FARM-02062,Maize,188.04,63.2,18852.02591466123,206.31
FARM-02063,Soybean,53.91,56.72,4287.13,176.7
FARM-02064,Rice,172.55,73.54,10865.71,411.9
FARM-02065,Maize,185.96,63.83,4667.78,331.85
FARM-02066,Sugarcane,226.76,109.52,17316.15,490.23
FARM-02067,Sugarcane,196.7,110.53,15979.4,490.05
FARM-02068,Wheat,106.85,61.64,3877.69,185.05
FARM-02069,Cotton,125.16,66.19,7814.31,334.5
FARM-02070,Cotton,158.05,80.0,7033.08,344.65
FARM-02071,Wheat,121.59,44.14,4526.1,252.31
FARM-02072,Rice,135.89,55.35,8876.79,386.54
FARM-02073,Maize,170.1,49.27,5197.31,195.88
FARM-02074,Wheat,108.48,,4482.3,237.85
FARM-02075,Maize,193.7,94.11,5162.27,343.56
FARM-02076,Cotton,143.03,78.73,8104.69,471.28
FARM-02077,Sugarcane,226.83,93.73,17436.22,1872.335863721858
FARM-02078,Maize,177.91,48.87,4607.98,220.19
FARM-02079,Maize,202.49,59.37,4636.72,223.9
FARM-02080,Wheat,138.23,53.58,3399.42,176.24
FARM-02081,Cotton,157.34,71.37,7716.06,272.64
FARM-02082,Soybean,49.43,59.06,4078.66,286.02
FARM-02083,Rice,135.86,69.2,11339.82,380.61
FARM-02084,Cotton,147.22,75.88,6719.86,421.47
FARM-02085,Maize,162.79,104.64,4220.98,327.92
FARM-02086,Maize,188.08,65.61,5466.16,380.04
FARM-02087,Rice,151.51,74.39,10298.09,456.9
FARM-02088,Rice,140.33,76.71,8629.03,422.87
FARM-02089,Wheat,128.96,39.23,4256.76,160.92
FARM-02090,Wheat,123.85,56.51,3088.84,180.48
FARM-02091,Rice,133.41,70.66,10057.92,348.57
FARM-02092,Rice,148.86,51.56,11238.45,331.46
FARM-02093,Wheat,112.22,55.44,3935.85,292.15
FARM-02094,Maize,191.62,49.66,4428.31,234.83
FARM-02095,Wheat,130.74,55.58,4783.4,254.53
FARM-02096,Cotton,124.12,44.45,6841.01,316.42
FARM-02097,Wheat,120.4,66.27,3537.75,217.28
FARM-02098,Rice,147.1,88.31,11313.42,450.58
FARM-02099,Wheat,132.68,75.96,3383.7,293.68
FARM-02100,Cotton,159.97,76.59,8606.4,447.66
FARM-02101,Soybean,54.93,73.29,3961.8,324.87
FARM-02102,Maize,196.61,77.43,4994.84,364.07
FARM-02103,Cotton,159.32,74.48,8467.6,318.99
FARM-02104,Wheat,121.33,43.85,3839.92,158.14
FARM-02105,Rice,152.54,101.61,10822.24,504.74
FARM-02106,Wheat,125.02,53.49,4750.26,257.29
FARM-02107,Soybean,48.63,66.88,4156.88,323.99
FARM-02108,Sugarcane,200.75,83.55,18332.08,479.4
FARM-02109,Maize,,63.84,4478.42,308.46
FARM-02110,Wheat,106.15,65.71,4769.05,223.57
FARM-02111,Sugarcane,229.39,93.13,17928.46,493.14
FARM-02112,Sugarcane,216.54,132.85,18170.73,773.31
FARM-02113,Rice,131.0,99.34,10571.07,507.48
FARM-02114,Rice,165.98,78.86,10590.01,443.59
FARM-02115,Soybean,43.98,35.55,4241.76,167.63
FARM-02116,Maize,192.73,61.43,4798.85,335.88
FARM-02117,Soybean,41.43,78.07,4607.02,319.14
FARM-02118,Rice,165.0,94.02,10965.18,602.04
FARM-02119,Rice,133.53,86.92,10140.83,437.99
FARM-02120,Sugarcane,227.59,91.75,17681.4,476.93
FARM-02121,Rice,377.661608190884,82.24,8754.95,500.1
FARM-02122,Cotton,139.82,75.41,6932.11,329.27
FARM-02123,Cotton,147.25,72.72,7758.26,305.41
FARM-02124,Sugarcane,215.25,84.09,15639.97,448.71
FARM-02125,Sugarcane,211.03,87.52,16298.17,496.35
FARM-02126,Rice,129.99,82.64,11517.38,480.46
FARM-02127,Maize,179.67,67.78,4922.35,228.72
FARM-02128,Sugarcane,227.32,69.59,15584.33,362.67
FARM-02129,Cotton,164.95,60.51,7332.53,277.66
FARM-02130,Cotton,162.35,49.82,7612.19,264.02
FARM-02131,Rice,139.09,97.38,9839.13,516.71
FARM-02132,Wheat,131.54,51.64,4034.89,196.89
FARM-02133,Rice,541.0386159895753,76.08,8092.41,454.82
FARM-02134,Cotton,132.62,60.85,7985.77,490.28
FARM-02135,Rice,137.34,64.91,10880.44,413.69
FARM-02136,Soybean,43.69,55.14,3511.62,229.19
FARM-02137,Rice,136.16,75.06,,463.58
FARM-02138,Cotton,153.63,53.75,8187.36,338.51
FARM-02139,Rice,136.47,93.42,9873.65,635.59
FARM-02140,Cotton,174.49,85.63,7969.49,522.18
FARM-02141,Sugarcane,236.84,103.69,18344.13,536.22
FARM-02142,Maize,207.45,80.71,5439.29,378.38
FARM-02143,Cotton,134.16,55.97,7040.12,355.22
FARM-02144,Maize,179.27,55.87,4345.4,309.72
FARM-02145,Rice,146.88,66.32,9458.85,356.97
FARM-02146,Rice,148.09,71.79,11002.16,423.14
FARM-02147,Sugarcane,229.26,97.19,18137.89,413.9
FARM-02148,Maize,172.0,75.96,4420.34,230.61
FARM-02149,Maize,181.15,49.77,5548.67,223.99
FARM-02150,Wheat,120.98,46.9,3968.13,194.36
FARM-02151,Wheat,126.68,60.27,4068.24,327.22
FARM-02152,Sugarcane,193.06,100.84,16162.96,446.31
FARM-02153,Wheat,129.61,62.86,4244.09,192.27
FARM-02154,Sugarcane,230.91,127.73,16719.95,705.34
FARM-02155,Maize,189.16,71.55,5215.75,253.2
FARM-02156,Rice,145.68,84.16,8555.28,310.72
FARM-02157,Maize,182.19,60.87,4826.55,223.49
FARM-02158,Wheat,102.7,58.26,3768.52,176.08
FARM-02159,Cotton,,52.3,,293.14
FARM-02160,Sugarcane,227.2,118.41,18715.95,675.11
FARM-02161,Sugarcane,227.55,95.51,16826.49,623.05
FARM-02162,Soybean,55.53,49.99,4030.82,289.73
FARM-02163,Soybean,168.8129076398232,56.0,3970.43,212.59
FARM-02164,Sugarcane,213.58,94.75,17391.77,468.08
FARM-02165,Soybean,38.98,47.64,4357.55,
FARM-02166,Cotton,161.44,48.94,7917.17,237.21
FARM-02167,Maize,207.32,73.05,5097.96,238.61
FARM-02168,Rice,154.35,76.4,,400.25
FARM-02169,Sugarcane,196.94,104.57,18035.03,594.16
FARM-02170,Maize,182.48,38.12,4929.48,247.05
FARM-02171,Maize,179.84,115.8,4407.02,426.59
FARM-02172,Maize,184.8,70.38,5448.12,301.65
FARM-02173,Rice,161.24,77.88,9727.57,514.16
FARM-02174,Cotton,139.05,85.74,6707.26,425.18
FARM-02175,Maize,211.28,73.11,5326.75,305.52
FARM-02176,Cotton,169.31,37.53,6689.49,193.09
FARM-02177,Maize,203.3,65.07,4673.03,309.5
FARM-02178,Sugarcane,208.35,143.53,,819.39
FARM-02179,Cotton,145.07,83.12,7890.39,514.42
FARM-02180,Soybean,,51.5,4360.16,243.26
FARM-02181,Rice,152.84,61.13,9827.83,348.8
FARM-02182,Wheat,115.11,38.51,3789.15,174.4
FARM-02183,Sugarcane,240.71,103.77,16888.59,526.54
FARM-02184,Rice,126.45,117.72,9875.76,615.53
FARM-02185,Soybean,48.81,50.81,3499.4,201.63
FARM-02186,Maize,198.83,47.91,5034.07,230.57
FARM-02187,Sugarcane,234.92,103.92,15832.28,441.91
FARM-02188,Maize,209.32,77.52,5092.7,279.23
FARM-02189,Soybean,55.58,55.18,4670.43,213.1
FARM-02190,Rice,132.73,82.22,10571.69,612.77
FARM-02191,Maize,177.11,95.01,5429.73,398.68
FARM-02192,Wheat,135.56,72.59,3848.59,278.46
FARM-02193,Cotton,153.21,60.56,7285.65,438.96
FARM-02194,Sugarcane,218.03,93.86,17406.53,331.62
FARM-02195,Maize,194.06,65.82,5659.6,302.27
FARM-02196,Rice,160.44,80.55,9850.77,467.01
FARM-02197,Maize,187.38,67.69,5701.41,194.59
FARM-02198,Soybean,45.97,53.2,3755.23,264.53
FARM-02199,Maize,162.26,56.79,5279.02,244.85
FARM-02200,Wheat,129.63,54.12,4866.06,211.62
FARM-02201,Maize,202.74,92.26,5399.58,379.72
FARM-02202,Maize,195.26,45.5,5669.53,239.59
FARM-02203,Sugarcane,214.7,101.19,17183.52,631.93
FARM-02204,Rice,134.93,66.7,11782.34,314.86
FARM-02205,Cotton,169.49,47.47,7355.03,295.08
FARM-02206,Maize,195.6,56.55,5331.66,261.82
FARM-02207,Maize,183.38,,4278.19,420.25
FARM-02208,Cotton,157.41,35.0,7273.11,175.0
FARM-02209,Maize,179.46,78.61,4638.39,272.37
FARM-02210,Cotton,148.96,70.47,28046.95832790175,367.48
FARM-02211,Wheat,135.42,59.07,4006.93,182.59
FARM-02212,Maize,197.08,57.74,4962.4,315.97
FARM-02213,Sugarcane,192.49,117.27,16218.68,602.98
FARM-02214,Sugarcane,199.67,100.52,17139.47,435.73
FARM-02215,Rice,139.18,80.43,10843.58,441.66
FARM-02216,Maize,151.77,78.6,4516.56,284.95
FARM-02217,Sugarcane,,78.5,16222.45,385.78
FARM-02218,Rice,159.39,97.89,10041.34,348.35
FARM-02219,Wheat,137.07,50.17,4262.48,220.98
FARM-02220,Sugarcane,213.38,89.82,,469.73
FARM-02221,Maize,184.14,70.97,5429.85,
FARM-02222,Cotton,152.99,88.8,8741.36,
FARM-02223,Wheat,118.46,55.29,4278.71,239.3
FARM-02224,Rice,144.76,77.92,10991.68,560.33
FARM-02225,Maize,173.62,71.25,4872.54,303.02
FARM-02226,Wheat,111.41,48.07,4136.02,
FARM-02227,Rice,160.23,73.28,11721.12,577.04
FARM-02228,Cotton,147.09,51.29,7395.1,381.99
FARM-02229,Cotton,134.61,79.37,7369.07,320.51
FARM-02230,Sugarcane,219.45,91.0,19023.37,513.2
FARM-02231,Sugarcane,219.52,93.05,15671.54,570.93
FARM-02232,Wheat,135.98,64.82,3943.44,256.11
FARM-02233,Wheat,140.83,51.91,3936.14,255.28
FARM-02234,Soybean,57.61,62.73,4392.7,162.71
FARM-02235,Sugarcane,188.12,93.99,19313.96,538.46
FARM-02236,Cotton,160.86,67.56,7189.47,389.79
FARM-02237,Soybean,48.05,49.89,3797.36,253.39
FARM-02238,Cotton,140.54,70.26,8405.11,435.04
FARM-02239,Cotton,162.97,55.99,8602.44,321.07
FARM-02240,Cotton,144.18,44.01,7277.28,275.92
FARM-02241,Soybean,35.43,54.52,3638.95,280.31
FARM-02242,Cotton,150.06,61.6,6989.89,328.84
FARM-02243,Maize,161.26,60.35,5132.89,332.59
FARM-02244,Cotton,150.38,78.13,,363.25
FARM-02245,Maize,159.42,70.11,4322.1,272.25
FARM-02246,Wheat,122.25,55.61,3562.32,266.77
FARM-02247,Soybean,53.28,49.53,4000.85,251.12
FARM-02248,Sugarcane,185.86,79.45,19526.49,559.25
FARM-02249,Wheat,116.84,54.82,3500.77,248.7
FARM-02250,Wheat,115.13,71.94,4117.83,253.56
FARM-02251,Sugarcane,247.36,119.25,18167.88,571.29
FARM-02252,Sugarcane,236.32,118.06,15341.34,570.2
FARM-02253,Rice,156.84,130.0,8694.73,520.2
FARM-02254,Cotton,134.82,,7815.42,326.74
FARM-02255,Wheat,105.65,45.25,3589.62,154.23
FARM-02256,Soybean,49.9,63.37,3935.37,242.71
FARM-02257,Sugarcane,201.21,367.2301265049877,18856.63,499.75
FARM-02258,Wheat,112.71,62.87,3994.88,182.27
FARM-02259,Rice,138.72,94.29,9555.58,439.43
FARM-02260,Wheat,108.32,53.24,4706.36,197.41
FARM-02261,Cotton,127.98,79.67,8290.17,375.92
FARM-02262,Wheat,112.66,44.83,4133.7,
FARM-02263,Cotton,127.54,59.81,8031.75,295.39
FARM-02264,Sugarcane,212.51,106.32,17280.67,550.13
FARM-02265,Rice,162.92,108.59,9122.58,446.21
FARM-02266,Maize,,56.12,5328.73,306.98
FARM-02267,Soybean,51.07,64.01,4726.5,228.63
FARM-02268,Sugarcane,222.2,82.96,17439.64,403.66
FARM-02269,Maize,190.61,82.57,5570.91,
FARM-02270,Soybean,47.46,67.9,4374.99,172.41
FARM-02271,Cotton,150.47,75.04,7775.43,395.4
FARM-02272,Sugarcane,229.6,101.69,18193.3,539.95
FARM-02273,Sugarcane,216.05,123.1,17442.09,698.06
FARM-02274,Cotton,134.87,58.17,7490.81,347.3
FARM-02275,Wheat,107.23,57.96,3797.3,230.58
FARM-02276,Cotton,138.74,63.32,8105.38,390.49
FARM-02277,Sugarcane,188.1,83.6,17254.29,692.25
FARM-02278,Sugarcane,225.28,111.07,17035.0,584.47
FARM-02279,Rice,136.61,64.43,10991.47,363.4
FARM-02280,Rice,158.11,117.33,9305.6,521.57
FARM-02281,Rice,140.55,52.04,9266.69,361.99
FARM-02282,Sugarcane,234.89,134.93,18370.41,564.68
FARM-02283,Soybean,48.01,66.24,4014.7,255.72
FARM-02284,Cotton,154.0,59.49,6713.68,355.12
FARM-02285,Rice,158.16,80.37,10658.08,367.32
FARM-02286,Soybean,49.95,57.59,3387.9,182.94
FARM-02287,Sugarcane,222.17,115.77,19097.51,703.18
FARM-02288,Soybean,50.31,55.87,3968.43,156.45
FARM-02289,Cotton,152.18,93.5,7920.02,372.68
FARM-02290,Rice,143.89,91.87,9350.46,501.23
FARM-02291,Cotton,166.79,59.11,8624.3,307.26
FARM-02292,Maize,176.92,77.05,5489.62,339.57
FARM-02293,Maize,198.23,56.07,5119.79,279.7
FARM-02294,Sugarcane,205.26,80.63,16629.53,377.14
FARM-02295,Rice,144.22,70.71,10017.95,458.16
FARM-02296,Rice,144.81,117.15,11187.08,552.87
FARM-02297,Cotton,145.02,53.69,6756.52,296.32
FARM-02298,Sugarcane,229.15,102.82,18772.28,661.36
FARM-02299,Wheat,113.29,52.72,4273.34,242.12
FARM-02300,Maize,189.44,55.53,4318.11,253.28
FARM-02301,Maize,752.1840609109314,64.34,5019.44,354.77
FARM-02302,Cotton,168.39,78.86,6919.66,371.89
FARM-02303,Wheat,139.18,,4295.6,193.32
FARM-02304,Cotton,143.72,54.11,7183.5,296.34
FARM-02305,Maize,192.16,82.74,4257.07,292.64
FARM-02306,Cotton,157.7,78.73,6999.01,465.84
FARM-02307,Maize,185.92,71.66,4818.42,196.75
FARM-02308,Wheat,140.81,40.08,3400.37,191.71
FARM-02309,Cotton,127.68,70.99,7128.35,357.53
FARM-02310,Rice,142.88,,9776.47,528.96
FARM-02311,Rice,175.58,96.07,10801.86,676.98
FARM-02312,Cotton,156.55,57.35,8979.89,313.23
FARM-02313,Sugarcane,222.39,114.78,17097.15,725.73
FARM-02314,Maize,170.47,68.69,4969.78,408.14
FARM-02315,Soybean,52.57,52.17,4291.38,203.81
FARM-02316,Rice,153.01,65.74,10675.88,443.9
FARM-02317,Maize,210.5,83.87,5298.27,267.06
FARM-02318,Sugarcane,196.9,101.6,17601.84,473.33
FARM-02319,Wheat,124.32,57.65,4817.68,261.3
FARM-02320,Maize,163.17,85.11,5243.46,319.91
FARM-02321,Maize,185.66,72.01,4533.0,377.94
FARM-02322,Soybean,46.47,40.97,3980.52,182.3
FARM-02323,Cotton,147.38,55.26,6894.84,306.28
FARM-02324,Maize,206.07,95.49,5203.61,374.18
FARM-02325,Cotton,143.96,62.42,7380.46,245.83
FARM-02326,Maize,161.58,63.34,5013.23,273.41
FARM-02327,Wheat,104.84,55.24,4033.03,237.95
FARM-02328,Sugarcane,198.54,75.01,50242.52253799391,466.09
FARM-02329,Sugarcane,208.92,97.24,16433.87,475.69
FARM-02330,Rice,150.69,88.88,8437.91,597.59
FARM-02331,Maize,192.79,66.87,5441.73,350.53
FARM-02332,Sugarcane,201.23,110.18,16919.23,613.33
FARM-02333,Sugarcane,219.46,107.51,18433.9,445.79
FARM-02334,Cotton,152.73,57.94,8074.49,421.22
FARM-02335,Sugarcane,224.36,109.91,17802.79,539.55
FARM-02336,Wheat,145.57,74.66,4384.98,280.34
FARM-02337,Maize,173.16,71.76,5608.37,297.74
FARM-02338,Sugarcane,231.65,133.25,17483.52,510.87
FARM-02339,Soybean,35.39,51.69,4069.76,200.98
FARM-02340,Wheat,116.71,43.91,13991.09726702518,181.67
FARM-02341,Maize,156.51,76.6,5470.5,258.66
FARM-02342,Wheat,128.36,60.61,4057.16,163.16
FARM-02343,Wheat,112.38,49.03,3934.19,225.45
FARM-02344,Wheat,105.84,45.84,4027.48,255.12
FARM-02345,Maize,203.12,89.66,4910.64,335.44
FARM-02346,Maize,193.14,47.31,4711.97,261.21
FARM-02347,Sugarcane,234.37,120.28,16126.71,529.33
FARM-02348,Wheat,121.29,57.68,,213.32
FARM-02349,Rice,154.29,72.53,9470.62,370.23
FARM-02350,Rice,155.9,84.88,11140.26,430.26
FARM-02351,Maize,180.39,59.43,4847.59,322.79
FARM-02352,Wheat,138.59,63.83,,179.33
FARM-02353,Maize,209.77,59.46,5347.63,256.66
FARM-02354,Maize,194.87,83.8,4591.23,341.15
FARM-02355,Soybean,47.17,43.66,3981.96,233.18
FARM-02356,Maize,200.82,83.25,4463.73,325.02
FARM-02357,Soybean,47.08,28.78,4571.33,147.94
FARM-02358,Cotton,156.27,35.16,7508.87,271.99
FARM-02359,Wheat,145.84,59.03,3882.66,249.85
FARM-02360,Sugarcane,226.7,106.47,16666.04,691.69
FARM-02361,Soybean,36.61,53.39,4385.07,226.31
FARM-02362,Sugarcane,210.1,116.8,19245.4,617.05
FARM-02363,Wheat,127.6,55.45,4607.55,257.92
FARM-02364,Wheat,115.86,49.46,3644.49,197.96
FARM-02365,Sugarcane,217.76,79.72,19026.24,542.7
FARM-02366,Wheat,116.94,52.54,3886.29,227.85
FARM-02367,Maize,185.96,72.28,5281.03,275.66
FARM-02368,Sugarcane,208.24,120.95,19395.02,633.23
FARM-02369,Sugarcane,225.05,113.53,18962.01,440.05
FARM-02370,Rice,166.69,91.62,11123.21,471.07
FARM-02371,Sugarcane,220.08,89.92,16016.95,470.17
FARM-02372,Wheat,,54.1,,
FARM-02373,Wheat,132.19,62.69,3885.34,201.2
FARM-02374,Maize,212.18,48.78,4884.46,249.76
FARM-02375,Wheat,108.15,62.58,3697.65,216.08
FARM-02376,Wheat,127.38,44.83,4186.92,208.03
FARM-02377,Sugarcane,231.2,73.01,18448.35,436.67
FARM-02378,Rice,168.6,59.28,11255.34,432.51
FARM-02379,Wheat,119.31,48.05,4126.39,214.75
FARM-02380,Soybean,33.99,68.28,3811.75,288.77
FARM-02381,Maize,189.75,55.33,4264.9,
FARM-02382,Soybean,43.45,36.3,4340.09,136.55
FARM-02383,Soybean,,54.09,3978.0,243.74
FARM-02384,Cotton,145.1,71.33,7329.59,355.75
FARM-02385,Maize,184.05,67.72,5063.22,279.77
FARM-02386,Sugarcane,202.66,110.32,18551.7,645.61
FARM-02387,Sugarcane,226.71,,17222.85,712.34
FARM-02388,Cotton,128.23,67.53,7127.16,334.32
FARM-02389,Cotton,149.21,52.19,7924.96,226.48
FARM-02390,Sugarcane,221.4,102.52,17471.2,524.95
FARM-02391,Cotton,136.32,56.93,7550.23,280.22
FARM-02392,Wheat,132.11,51.11,3232.1,261.77
FARM-02393,Sugarcane,233.89,148.57,19054.56,836.99
FARM-02394,Maize,197.34,50.35,4315.18,282.09
FARM-02395,Wheat,144.59,52.4,3483.0,201.59
FARM-02396,Cotton,153.56,62.29,7256.34,370.05
FARM-02397,Rice,153.91,81.05,9998.39,427.52
FARM-02398,Sugarcane,198.48,110.83,17719.84,712.53
FARM-02399,Sugarcane,223.89,92.33,18316.13,450.04
FARM-02400,Wheat,132.8,55.68,3887.21,208.41
FARM-02401,Soybean,48.85,48.54,3824.92,272.8
FARM-02402,Rice,171.36,82.96,9920.85,434.04
FARM-02403,Sugarcane,216.25,104.34,16280.29,622.87
FARM-02404,Maize,167.99,89.8,4467.38,427.21
FARM-02405,Cotton,151.19,52.18,8212.97,296.24
FARM-02406,Wheat,123.96,49.6,3609.93,168.79
FARM-02407,Soybean,,59.64,4264.07,247.25
FARM-02408,Rice,137.12,88.21,10906.46,493.57
FARM-02409,Maize,195.97,89.88,4882.99,336.92
FARM-02410,Cotton,151.64,60.43,7841.64,275.2
FARM-02411,Maize,205.89,67.5,5256.08,260.51
FARM-02412,Rice,,80.98,9944.34,506.9
FARM-02413,Wheat,137.48,83.76,3811.41,338.49
FARM-02414,Soybean,39.82,50.43,11756.173687922465,185.98
FARM-02415,Maize,177.48,77.84,4709.51,284.82
FARM-02416,Cotton,147.08,68.47,7224.64,468.75
FARM-02417,Soybean,48.75,47.79,4310.88,163.85
FARM-02418,Wheat,126.41,41.06,4749.22,164.55
FARM-02419,Rice,506.38028571834866,219.893026940355,8840.96,505.67
FARM-02420,Soybean,40.0,60.43,4500.19,278.93
FARM-02421,Wheat,132.13,65.67,4575.43,259.51
FARM-02422,Maize,195.22,78.71,4331.54,273.39
FARM-02423,Rice,152.26,75.02,9558.97,583.07
FARM-02424,Cotton,145.93,35.0,7720.6,206.5
FARM-02425,Maize,161.31,76.44,5020.17,371.68
FARM-02426,Sugarcane,212.02,114.66,18133.52,702.68
FARM-02427,Wheat,124.19,54.49,3598.95,189.74
FARM-02428,Soybean,46.22,91.0,3199.11,335.1
FARM-02429,Wheat,108.81,57.51,3639.87,233.3
FARM-02430,Cotton,138.76,77.86,7252.03,309.22
FARM-02431,Maize,,60.72,4486.13,219.53
FARM-02432,Cotton,138.51,55.33,6915.97,1046.2528840803793
FARM-02433,Rice,160.42,76.14,9483.65,362.73
FARM-02434,Soybean,42.11,57.43,4851.99,272.54
FARM-02435,Soybean,48.19,63.76,3984.84,302.06
FARM-02436,Soybean,44.54,53.46,4442.03,274.76
FARM-02437,Soybean,32.82,66.96,4171.02,301.25
FARM-02438,Wheat,118.94,67.29,4009.54,247.15
FARM-02439,Wheat,111.87,62.9,4082.68,264.67
FARM-02440,Wheat,345.466557729775,63.02,4450.73,242.9
FARM-02441,Maize,171.18,71.07,5343.4,332.01
FARM-02442,Cotton,165.58,74.72,7186.91,337.61
FARM-02443,Maize,164.89,70.83,5195.47,416.22
FARM-02444,Soybean,49.41,64.0,4180.07,311.9
FARM-02445,Cotton,149.03,59.62,7815.08,347.48
FARM-02446,Maize,199.47,71.4,5375.03,331.56
FARM-02447,Rice,135.0,96.32,9322.74,565.26
FARM-02448,Maize,175.13,74.15,5349.64,291.29
FARM-02449,Soybean,43.84,,4142.52,229.16
FARM-02450,Wheat,130.99,36.89,3716.4,178.56
FARM-02451,Sugarcane,227.38,88.41,17917.9,423.26
FARM-02452,Wheat,129.13,40.9,3472.47,206.19
FARM-02453,Soybean,36.55,53.22,3820.23,282.25
FARM-02454,Rice,167.77,54.81,9718.11,308.65
FARM-02455,Wheat,127.23,60.0,3526.12,251.26
FARM-02456,Maize,190.11,69.02,4529.54,
FARM-02457,Maize,190.86,68.95,4928.03,348.33
FARM-02458,Soybean,50.07,49.19,,229.6
FARM-02459,Cotton,148.09,78.72,7553.49,465.62
FARM-02460,Maize,168.14,68.76,4840.26,347.31
FARM-02461,Maize,198.39,80.71,4939.65,289.51
FARM-02462,Wheat,123.55,39.64,4750.9,262.72
FARM-02463,Rice,153.72,70.54,9270.8,412.54
FARM-02464,Maize,185.64,68.24,5057.01,295.18
FARM-02465,Sugarcane,196.79,107.18,16262.86,568.96
FARM-02466,Maize,180.67,83.76,,353.07
FARM-02467,Cotton,137.25,79.76,7420.4,441.47
FARM-02468,Cotton,150.68,66.36,7645.67,467.85
FARM-02469,Wheat,120.19,73.79,3930.72,275.79
FARM-02470,Cotton,128.69,62.41,8368.34,297.49
FARM-02471,Wheat,120.37,55.1,4223.53,211.92
FARM-02472,Cotton,160.73,71.91,7839.37,299.04
FARM-02473,Maize,,62.91,5474.12,313.72
FARM-02474,Wheat,130.48,49.6,3924.58,249.15
FARM-02475,Maize,,70.29,4403.95,326.1
FARM-02476,Sugarcane,204.69,72.1,18870.36,324.96
FARM-02477,Soybean,57.84,47.52,3932.31,167.2
FARM-02478,Soybean,48.69,54.15,3834.35,253.71
FARM-02479,Wheat,126.36,64.69,3623.99,290.32
FARM-02480,Soybean,35.22,47.42,4097.5,221.41
FARM-02481,Rice,166.39,66.12,,444.35
FARM-02482,Rice,163.38,87.86,9907.66,462.15
FARM-02483,Rice,143.89,93.27,10264.6,477.82
FARM-02484,Sugarcane,249.11,156.0,15871.36,649.39
FARM-02485,Cotton,144.38,64.74,7729.88,299.07
FARM-02486,Rice,161.83,79.34,10597.92,554.9
FARM-02487,Cotton,138.84,71.86,7775.03,433.19
FARM-02488,Maize,213.71,62.41,4782.8,312.07
FARM-02489,Rice,150.44,75.95,10722.69,379.13
FARM-02490,Wheat,135.0,76.63,3865.8,242.42
FARM-02491,Sugarcane,235.75,109.11,15626.64,569.16
FARM-02492,Soybean,36.77,47.98,4008.04,163.57
FARM-02493,Cotton,156.16,66.45,7368.62,436.65
FARM-02494,Soybean,48.52,59.6,4181.84,323.48
FARM-02495,Rice,160.03,89.18,10350.75,439.21
FARM-02496,Wheat,127.98,58.77,3874.82,212.41
FARM-02497,Cotton,136.45,58.39,7479.56,368.79
FARM-02498,Sugarcane,202.24,94.87,16990.5,469.34
FARM-02499,Rice,143.47,85.76,10255.68,328.67
FARM-02500,Maize,192.01,71.99,4561.27,341.48
FARM-02501,Sugarcane,208.05,102.99,18949.18,554.65
FARM-02502,Rice,148.74,94.52,11153.01,560.35
FARM-02503,Wheat,117.56,40.19,4009.25,198.67
FARM-02504,Rice,150.9,78.06,10046.73,379.46
FARM-02505,Sugarcane,229.38,138.38,17764.89,670.24
FARM-02506,Wheat,124.48,45.98,4422.49,235.29
FARM-02507,Wheat,112.89,61.73,3821.31,259.12
FARM-02508,Rice,143.92,54.16,9243.25,403.69
FARM-02509,Sugarcane,217.3,124.51,18237.71,790.49
FARM-02510,Soybean,45.98,38.38,3385.0,151.92
FARM-02511,Wheat,127.13,41.92,3683.19,187.72
FARM-02512,Rice,125.64,68.79,10583.96,402.26
FARM-02513,Soybean,41.88,63.36,4145.92,257.51
FARM-02514,Sugarcane,213.17,140.32,15562.6,814.56
FARM-02515,Wheat,146.68,66.11,10959.748670121293,203.89
FARM-02516,Soybean,41.98,,4933.87,133.11
FARM-02517,Soybean,40.82,44.75,4042.52,224.97
FARM-02518,Soybean,42.85,52.8,3645.46,187.58
FARM-02519,Sugarcane,211.42,139.17,16753.18,716.59
FARM-02520,Sugarcane,218.17,92.57,17578.82,406.2
FARM-02521,Wheat,119.87,52.85,4228.06,215.29
FARM-02522,Maize,197.99,67.21,4912.94,228.17
FARM-02523,Sugarcane,243.96,94.96,18340.39,655.58
FARM-02524,Maize,204.81,54.94,4982.01,250.64
FARM-02525,Maize,182.3,46.64,4385.09,202.8
FARM-02526,Sugarcane,217.15,104.75,16559.11,692.04
FARM-02527,Sugarcane,220.03,100.27,18341.94,563.14
FARM-02528,Soybean,42.13,51.77,3633.57,255.28
FARM-02529,Maize,168.76,76.43,5065.12,270.6
FARM-02530,Soybean,35.86,53.98,,283.66
FARM-02531,Maize,168.65,81.44,5332.99,287.48
FARM-02532,Maize,177.4,63.43,4825.06,277.68
FARM-02533,Sugarcane,239.2,98.63,16891.76,679.02
FARM-02534,Sugarcane,220.7,99.91,17284.11,429.68
FARM-02535,Rice,147.05,77.29,11164.16,498.3
FARM-02536,Wheat,121.69,58.79,4431.34,241.37
FARM-02537,Wheat,129.63,49.36,4102.04,166.09
FARM-02538,Soybean,40.37,61.08,4002.55,263.6
FARM-02539,Soybean,38.5,79.21,4361.1,293.67
FARM-02540,Wheat,134.16,57.29,4069.79,189.34
FARM-02541,Soybean,40.03,54.92,3634.95,215.54
FARM-02542,Sugarcane,221.18,113.14,17006.21,571.5
FARM-02543,Sugarcane,236.32,106.34,18421.92,588.22
FARM-02544,Wheat,109.43,55.2,4082.85,273.55
FARM-02545,Sugarcane,222.65,79.66,17847.87,407.87
FARM-02546,Maize,180.87,66.52,5524.73,299.21
FARM-02547,Soybean,43.68,,3405.65,147.44
FARM-02548,Cotton,156.5,62.57,22819.311670654617,296.51
FARM-02549,Sugarcane,229.22,81.2,16132.07,443.74
FARM-02550,Rice,157.46,73.99,10908.2,466.3
FARM-02551,Maize,179.68,61.85,5278.69,222.65
FARM-02552,Cotton,125.38,79.94,24137.158113651854,453.28
FARM-02553,Cotton,151.22,76.55,8627.91,501.52
FARM-02554,Wheat,,51.35,3952.18,275.32
FARM-02555,Rice,149.7,89.11,9995.86,495.16
FARM-02556,Sugarcane,199.81,,17101.42,527.42
FARM-02557,Cotton,149.33,68.14,8139.72,353.79
FARM-02558,Wheat,134.2,43.77,4570.89,193.83
FARM-02559,Soybean,55.28,46.49,4194.67,174.97
FARM-02560,Soybean,50.4,54.28,3254.69,273.01
FARM-02561,Wheat,120.82,55.22,3318.33,174.43
FARM-02562,Cotton,167.3,58.58,7506.0,463.31
FARM-02563,Cotton,152.71,66.67,7962.95,350.08
FARM-02564,Sugarcane,202.95,108.13,17016.53,657.13
FARM-02565,Sugarcane,221.51,87.72,18719.94,464.68
FARM-02566,Rice,142.64,69.56,9167.36,412.85
FARM-02567,Maize,193.32,60.13,5733.05,309.57
FARM-02568,Cotton,134.25,81.36,7446.65,413.02
FARM-02569,Maize,178.87,78.33,4265.99,337.88
FARM-02570,Maize,218.34,100.83,4614.24,444.3
FARM-02571,Wheat,119.67,47.05,4076.86,158.93
FARM-02572,Soybean,35.0,43.18,4588.16,193.55
FARM-02573,Soybean,48.4,69.18,4535.73,311.38
FARM-02574,Soybean,39.03,59.5,4129.22,328.32
FARM-02575,Sugarcane,231.45,87.99,18600.05,585.81
FARM-02576,Soybean,43.19,48.34,3913.01,186.34
FARM-02577,Sugarcane,233.23,66.5,17595.21,328.74
FARM-02578,Soybean,54.65,66.65,3962.37,183.16
FARM-02579,Wheat,135.44,56.02,,253.46
FARM-02580,Wheat,129.11,51.09,4520.24,262.78
FARM-02581,Sugarcane,220.95,86.77,16184.26,489.01
FARM-02582,Sugarcane,190.21,95.43,17617.75,552.8
FARM-02583,Sugarcane,235.28,127.8,19286.54,625.84
FARM-02584,Sugarcane,210.34,94.0,16576.91,476.41
FARM-02585,Cotton,132.06,43.92,8095.81,234.89
FARM-02586,Maize,611.0649102227374,58.31,4351.44,400.86
FARM-02587,Soybean,46.1,75.67,4088.7,247.73
FARM-02588,Rice,141.32,119.35,10743.82,687.05
FARM-02589,Sugarcane,227.83,92.45,16041.05,621.61
FARM-02590,Wheat,127.7,48.93,4446.0,261.91
FARM-02591,Cotton,141.07,52.49,7855.1,244.28
FARM-02592,Wheat,137.93,53.97,4176.18,288.24
FARM-02593,Wheat,119.04,50.14,4444.64,160.64
FARM-02594,Rice,152.08,103.46,8872.64,406.12
FARM-02595,Rice,149.76,90.41,10425.52,423.54
FARM-02596,Rice,160.22,106.29,8641.37,462.93
FARM-02597,Rice,154.63,97.84,9764.31,541.71
FARM-02598,Wheat,132.4,39.8,4716.68,162.78
FARM-02599,Wheat,123.32,53.89,3550.79,175.57
FARM-02600,Rice,160.11,98.74,10070.44,523.31
FARM-02601,Sugarcane,214.95,100.9,17599.84,696.79
FARM-02602,Rice,136.46,81.89,9163.22,571.11
FARM-02603,Cotton,150.13,58.19,6578.74,454.48
FARM-02604,Maize,186.54,78.95,5398.86,373.25
FARM-02605,Sugarcane,222.56,118.28,19311.86,736.1
FARM-02606,Sugarcane,234.47,92.83,17618.7,514.9
FARM-02607,Sugarcane,214.34,87.4,17677.18,536.97
FARM-02608,Wheat,128.96,46.15,3212.22,195.2
FARM-02609,Maize,175.82,92.16,4683.18,321.92
FARM-02610,Cotton,169.93,65.46,8121.45,407.16
FARM-02611,Wheat,128.82,42.56,3976.95,236.1
FARM-02612,Soybean,56.75,59.41,3317.68,263.76
FARM-02613,Maize,206.83,83.74,4953.91,407.33
FARM-02614,Cotton,156.11,71.64,6528.32,411.97
FARM-02615,Cotton,162.48,54.14,7718.78,348.69
FARM-02616,Maize,168.98,64.38,5115.62,223.7
FARM-02617,Soybean,38.29,49.12,3411.41,251.67
FARM-02618,Maize,202.04,57.13,4761.53,289.89
FARM-02619,Rice,135.86,69.44,10086.01,410.45
FARM-02620,Rice,142.99,66.36,10091.18,495.11
FARM-02621,Rice,125.85,83.48,10142.76,431.03
FARM-02622,Maize,211.9,90.93,4992.72,363.72
FARM-02623,Maize,207.55,249.75093286079763,5011.58,328.54
FARM-02624,Sugarcane,229.89,86.24,65323.44036306888,401.22
FARM-02625,Rice,145.51,80.95,10875.97,383.8
FARM-02626,Cotton,142.13,47.38,6935.5,267.94
FARM-02627,Cotton,132.67,51.29,8157.14,227.14
FARM-02628,Maize,210.93,92.42,5506.88,347.99
FARM-02629,Cotton,123.6,60.58,7389.0,337.99
FARM-02630,Cotton,159.38,54.84,7481.94,355.68
FARM-02631,Soybean,49.43,50.81,3548.03,212.69
FARM-02632,Soybean,46.85,57.41,3870.49,197.87
FARM-02633,Soybean,44.17,62.24,3746.8,249.79
FARM-02634,Sugarcane,222.09,87.08,15635.2,589.56
FARM-02635,Rice,159.42,,8296.87,329.64
FARM-02636,Maize,192.6,48.53,5525.05,174.45
FARM-02637,Soybean,41.36,49.93,4957.43,224.42
FARM-02638,Maize,194.88,70.4,4541.58,325.37
FARM-02639,Cotton,438.59667540443644,72.59,6949.48,449.08
FARM-02640,Wheat,142.72,56.06,4321.4,225.47
FARM-02641,Maize,209.72,94.59,5379.32,418.85
FARM-02642,Sugarcane,225.07,99.45,17577.5,528.51
FARM-02643,Sugarcane,228.5,101.98,15491.91,536.63
FARM-02644,Wheat,114.67,50.1,3998.32,202.95
FARM-02645,Sugarcane,,92.01,16351.18,480.64
FARM-02646,Sugarcane,206.61,86.03,17965.36,389.32
FARM-02647,Rice,158.14,84.74,9108.52,372.0
FARM-02648,Sugarcane,216.52,87.85,15783.24,453.99
FARM-02649,Soybean,,60.3,4220.55,239.77
FARM-02650,Soybean,53.2,53.8,3273.13,247.41
FARM-02651,Cotton,159.21,83.03,7215.9,403.92
FARM-02652,Wheat,113.67,47.46,3845.85,200.6
FARM-02653,Maize,170.76,94.09,4838.28,319.84
FARM-02654,Sugarcane,220.98,67.53,16538.3,409.53
FARM-02655,Soybean,,42.94,4616.22,180.51
FARM-02656,Wheat,141.63,59.32,4460.24,300.56
FARM-02657,Maize,183.99,52.15,5319.95,278.3
FARM-02658,Sugarcane,233.72,72.53,17482.8,380.03
FARM-02659,Maize,185.59,59.94,5954.59,260.67
FARM-02660,Cotton,140.82,43.17,7100.63,245.73
FARM-02661,Soybean,44.53,59.64,4110.52,156.79
FARM-02662,Cotton,149.85,53.05,6344.14,268.17
FARM-02663,Wheat,139.71,40.42,4968.04,163.2
FARM-02664,Sugarcane,221.88,105.57,18404.44,614.54
FARM-02665,Soybean,47.32,64.47,4319.41,224.88
FARM-02666,Maize,170.59,60.0,5277.69,261.92
FARM-02667,Cotton,164.23,95.86,8525.21,500.27
FARM-02668,Cotton,156.05,84.42,7501.85,378.03
FARM-02669,Maize,184.19,96.23,4748.79,381.16
FARM-02670,Sugarcane,232.66,109.86,16556.99,598.18
FARM-02671,Sugarcane,216.05,91.79,17578.94,637.82
FARM-02672,Soybean,55.07,72.64,4550.45,351.65
FARM-02673,Rice,159.26,69.95,11209.32,483.31
FARM-02674,Maize,162.66,77.58,4315.24,247.37
FARM-02675,Rice,135.55,74.03,11006.74,441.76
FARM-02676,Wheat,133.15,62.69,4038.59,238.76
FARM-02677,Soybean,32.4,62.84,4062.95,263.51
FARM-02678,Cotton,141.61,64.15,6909.26,339.71
FARM-02679,Cotton,161.86,69.2,7526.35,396.22
FARM-02680,Sugarcane,232.15,112.09,,597.72
FARM-02681,Maize,,55.09,5027.78,243.08
FARM-02682,Sugarcane,194.52,81.73,19505.56,616.23
FARM-02683,Cotton,146.67,70.74,7091.29,464.46
FARM-02684,Wheat,122.81,42.76,3694.99,191.84
FARM-02685,Soybean,46.02,60.99,3937.04,215.12
FARM-02686,Maize,203.61,65.62,5722.08,230.19
FARM-02687,Wheat,119.57,66.81,3971.64,249.86
FARM-02688,Sugarcane,224.82,80.53,16255.25,489.02
FARM-02689,Wheat,125.74,71.39,4183.43,214.7
FARM-02690,Soybean,37.56,41.57,3350.64,127.4
FARM-02691,Maize,206.38,62.13,4830.89,278.73
FARM-02692,Cotton,146.24,82.07,6332.06,424.06
FARM-02693,Sugarcane,216.85,111.51,17377.04,578.2
FARM-02694,Maize,168.67,78.61,4642.25,263.59
FARM-02695,Maize,196.93,71.13,5929.82,267.28
FARM-02696,Maize,187.14,85.6,5274.71,222.73
FARM-02697,Wheat,116.48,56.89,3752.37,331.34
FARM-02698,Wheat,137.95,63.73,4772.03,292.55
FARM-02699,Sugarcane,199.88,87.06,18097.45,536.89
FARM-02700,Cotton,144.83,65.65,7144.9,412.29
FARM-02701,Soybean,34.05,40.19,3776.01,176.04
FARM-02702,Soybean,40.93,43.98,3437.26,263.34
FARM-02703,Rice,155.37,87.34,11081.36,440.0
FARM-02704,Cotton,139.99,64.61,8491.7,357.48
FARM-02705,Rice,156.09,98.21,10944.08,491.89
FARM-02706,Rice,159.59,104.36,10856.72,511.26
FARM-02707,Wheat,115.57,48.91,3700.47,247.51
FARM-02708,Sugarcane,210.54,144.6,17459.72,793.26
FARM-02709,Cotton,137.01,59.37,7152.52,256.65
FARM-02710,Cotton,150.85,69.01,7988.26,358.69
FARM-02711,Maize,174.04,79.9,5215.18,326.6
FARM-02712,Sugarcane,196.41,106.7,18264.95,651.75
FARM-02713,Rice,,77.79,11586.57,366.27
FARM-02714,Wheat,116.35,59.28,3104.11,
FARM-02715,Maize,199.5,75.73,5742.93,235.97
FARM-02716,Cotton,172.23,82.15,7294.47,483.9
FARM-02717,Wheat,129.63,75.4,3854.11,248.15
FARM-02718,Rice,157.46,67.01,10465.85,374.76
FARM-02719,Wheat,134.21,58.93,3920.82,277.58
FARM-02720,Wheat,123.58,43.43,4853.27,174.84
FARM-02721,Soybean,36.81,64.19,4437.71,281.41
FARM-02722,Maize,206.89,51.75,4774.3,331.77
FARM-02723,Maize,180.42,41.25,4624.01,253.73
FARM-02724,Cotton,149.17,55.18,7800.82,330.61
FARM-02725,Wheat,126.78,67.51,3083.61,258.6
FARM-02726,Soybean,50.16,53.54,3760.9,259.11
FARM-02727,Rice,,87.66,9830.1,534.74
FARM-02728,Rice,143.03,67.14,11075.02,420.41
FARM-02729,Wheat,120.83,59.88,4690.26,248.78
FARM-02730,Sugarcane,200.71,97.5,16242.29,537.28
FARM-02731,Sugarcane,236.95,98.57,17059.57,577.75
FARM-02732,Wheat,120.38,37.02,3842.04,204.65
FARM-02733,Maize,184.06,73.85,4314.86,343.7
FARM-02734,Sugarcane,232.07,113.42,17858.02,653.95
FARM-02735,Sugarcane,232.71,104.6,18681.09,644.7
FARM-02736,Rice,149.72,52.37,10903.79,266.15
FARM-02737,Wheat,119.37,51.71,4144.65,195.27
FARM-02738,Maize,184.42,61.78,4602.99,310.31
FARM-02739,Maize,184.89,66.84,4760.27,319.13
FARM-02740,Rice,139.09,88.27,9993.17,585.94
FARM-02741,Soybean,48.13,45.9,4059.79,207.86
FARM-02742,Soybean,46.08,51.27,4497.53,235.93
FARM-02743,Maize,205.24,52.54,5485.8,237.9
FARM-02744,Maize,189.35,,5120.17,271.15
FARM-02745,Wheat,139.23,52.47,3616.51,189.96
FARM-02746,Sugarcane,199.81,83.07,19159.89,482.82
FARM-02747,Sugarcane,206.47,99.77,16842.19,685.18
FARM-02748,Sugarcane,237.19,118.75,17048.01,639.06
FARM-02749,Sugarcane,223.39,112.98,19204.02,662.96
FARM-02750,Sugarcane,227.65,105.63,18160.69,649.13
FARM-02751,Cotton,145.21,72.23,7094.85,301.4
FARM-02752,Soybean,33.52,65.72,4482.75,238.68
FARM-02753,Maize,194.02,79.71,5536.14,253.99
FARM-02754,Wheat,138.58,50.83,4361.36,247.73
FARM-02755,Sugarcane,208.15,121.19,18169.28,632.11
FARM-02756,Maize,156.85,78.8,5472.59,274.0
FARM-02757,Wheat,140.66,44.48,3635.04,162.31
FARM-02758,Rice,169.27,86.27,10592.39,396.32
FARM-02759,Sugarcane,214.27,110.0,17109.37,579.37
FARM-02760,Sugarcane,183.19,60.18,18596.57,428.49
FARM-02761,Sugarcane,215.55,100.08,18069.47,533.36
FARM-02762,Cotton,137.62,61.24,8150.5,255.08
FARM-02763,Sugarcane,207.07,91.15,16174.01,544.16
FARM-02764,Wheat,116.62,60.07,3232.98,204.41
FARM-02765,Soybean,35.49,57.84,3389.51,283.44
FARM-02766,Soybean,,58.91,4115.27,281.85
FARM-02767,Maize,185.54,80.66,5172.12,298.36
FARM-02768,Soybean,41.26,44.03,3874.23,241.12
FARM-02769,Sugarcane,230.25,114.31,18267.34,695.48
FARM-02770,Rice,162.39,115.69,8567.48,620.57
FARM-02771,Rice,159.83,68.95,8704.63,451.7
FARM-02772,Maize,162.07,,5023.63,304.04
FARM-02773,Wheat,135.38,65.71,3962.1,284.75
FARM-02774,Cotton,163.25,67.77,7931.72,
FARM-02775,Sugarcane,214.07,92.11,18205.21,601.42
FARM-02776,Soybean,37.7,64.06,3696.11,261.1
FARM-02777,Rice,510.4067490986857,97.36,10071.06,
FARM-02778,Sugarcane,203.79,69.77,16881.88,425.24
FARM-02779,Soybean,55.08,53.31,3554.68,295.54
FARM-02780,Wheat,110.98,56.87,3569.78,215.88
FARM-02781,Soybean,50.53,72.28,4269.46,300.87
FARM-02782,Sugarcane,225.91,113.77,19530.92,504.11
FARM-02783,Rice,165.33,81.54,10615.58,416.99
FARM-02784,Wheat,128.6,60.73,3835.56,173.93
FARM-02785,Sugarcane,233.84,103.63,17735.88,589.99
FARM-02786,Wheat,114.75,33.0,3258.47,109.19
FARM-02787,Maize,173.11,79.25,4546.61,366.64
FARM-02788,Cotton,126.31,64.25,8310.99,442.37
FARM-02789,Cotton,143.32,62.91,7246.43,302.44
FARM-02790,Soybean,56.99,43.21,4683.09,214.4
FARM-02791,Sugarcane,216.2,114.95,17339.98,618.57
FARM-02792,Cotton,164.33,58.2,7301.15,286.69
FARM-02793,Cotton,135.67,66.13,6861.23,417.48
FARM-02794,Sugarcane,242.75,122.99,18361.18,639.58
FARM-02795,Sugarcane,230.79,89.88,16568.89,603.02
FARM-02796,Soybean,51.05,60.35,3731.99,227.43
FARM-02797,Sugarcane,239.42,102.44,19484.32,468.12
FARM-02798,Cotton,166.46,92.03,6673.31,508.64
FARM-02799,Rice,128.96,70.91,9374.04,343.08
FARM-02800,Wheat,102.0,54.98,4385.8,
FARM-02801,Wheat,115.17,48.67,3917.33,256.34
FARM-02802,Sugarcane,205.74,101.0,17351.8,515.53
FARM-02803,Wheat,129.57,57.08,3994.84,301.04
FARM-02804,Soybean,43.43,56.13,3899.25,232.86
FARM-02805,Soybean,42.2,49.39,3933.93,259.32
FARM-02806,Rice,140.84,71.67,11189.37,426.81
FARM-02807,Maize,196.41,93.66,4909.0,392.67
FARM-02808,Sugarcane,218.95,105.82,17662.81,577.79
FARM-02809,Wheat,128.7,68.86,4201.21,265.14
FARM-02810,Sugarcane,231.72,135.39,17653.86,760.08
FARM-02811,Cotton,143.71,79.57,7639.6,461.31
FARM-02812,Wheat,126.9,38.91,3702.59,185.77
FARM-02813,Cotton,149.43,62.25,7154.94,316.24
FARM-02814,Cotton,168.38,47.06,8026.62,306.16
FARM-02815,Sugarcane,219.29,102.52,17551.01,563.84
FARM-02816,Rice,164.44,77.61,11267.52,623.16
FARM-02817,Sugarcane,207.08,103.73,18480.23,510.41
FARM-02818,Wheat,138.38,36.66,3976.73,153.0
FARM-02819,Maize,160.45,85.11,4363.25,279.55
FARM-02820,Sugarcane,193.77,119.13,17239.66,682.48
FARM-02821,Soybean,49.18,42.97,,203.76
FARM-02822,Wheat,120.22,48.25,4295.88,219.78
FARM-02823,Cotton,151.03,66.45,7411.25,367.84
FARM-02824,Rice,150.49,61.39,9780.87,332.63
FARM-02825,Sugarcane,237.54,79.94,16364.23,516.14
FARM-02826,Soybean,42.79,61.78,4556.65,925.8952370606462
FARM-02827,Maize,173.38,60.67,5253.28,321.79
FARM-02828,Wheat,119.65,53.66,4573.68,199.42
FARM-02829,Cotton,140.09,70.88,7159.95,434.33
FARM-02830,Wheat,124.44,36.86,3725.89,144.04
FARM-02831,Sugarcane,214.46,119.84,15567.28,706.48
FARM-02832,Cotton,142.27,83.53,8035.78,482.14
FARM-02833,Maize,205.82,57.49,5300.33,241.28
FARM-02834,Wheat,109.55,47.08,3250.57,176.91
FARM-02835,Maize,157.55,67.52,14069.848560434657,264.54
FARM-02836,Rice,162.56,72.65,11558.15,453.59
FARM-02837,Wheat,121.49,63.23,4005.67,242.33
FARM-02838,Rice,163.58,71.73,11796.51,552.95
FARM-02839,Maize,199.38,64.21,5517.65,336.27
FARM-02840,Wheat,132.23,50.89,3990.79,211.65
FARM-02841,Rice,152.15,70.26,10656.62,362.32
FARM-02842,Cotton,167.3,86.02,7559.86,485.57
FARM-02843,Maize,182.12,61.42,5450.97,275.63
FARM-02844,Cotton,162.67,52.21,8370.44,260.02
FARM-02845,Wheat,115.62,54.64,4065.63,209.77
FARM-02846,Rice,168.39,71.17,10033.19,456.05
FARM-02847,Rice,166.04,96.62,9324.2,531.25
FARM-02848,Cotton,143.41,90.83,7115.9,428.91
FARM-02849,Soybean,47.3,43.19,3783.87,202.33
FARM-02850,Soybean,48.78,53.98,4803.78,241.36
FARM-02851,Maize,184.88,54.41,5403.77,249.05
FARM-02852,Soybean,52.79,67.76,4486.64,293.94
FARM-02853,Sugarcane,188.68,83.45,18131.52,475.53
FARM-02854,Maize,183.93,47.3,5267.99,198.12
FARM-02855,Sugarcane,218.93,86.6,18353.98,532.44
FARM-02856,Maize,186.53,47.12,4852.12,239.35
FARM-02857,Rice,152.84,67.48,9787.05,325.43
FARM-02858,Wheat,119.13,54.03,4099.52,301.2
FARM-02859,Sugarcane,222.22,108.78,18805.54,557.61
FARM-02860,Sugarcane,240.42,79.01,18546.5,518.57
FARM-02861,Maize,182.24,71.78,4522.81,330.64
FARM-02862,Cotton,129.09,57.61,7591.57,334.49
FARM-02863,Maize,175.44,68.42,4490.78,266.38
FARM-02864,Wheat,128.57,62.09,3896.13,
FARM-02865,Rice,161.07,67.68,9963.19,330.96
FARM-02866,Soybean,45.54,,3858.78,275.67
FARM-02867,Maize,185.51,59.6,5884.54,237.11
FARM-02868,Rice,130.86,78.43,10961.16,452.93
FARM-02869,Sugarcane,210.1,74.39,15754.92,466.25
FARM-02870,Rice,148.93,81.41,9926.49,529.52
FARM-02871,Soybean,50.56,53.98,4130.99,
FARM-02872,Sugarcane,208.72,106.97,16880.19,682.14
FARM-02873,Wheat,123.87,60.59,4743.38,283.98
FARM-02874,Soybean,45.16,56.6,3276.01,275.45
FARM-02875,Cotton,161.07,61.63,7832.48,
FARM-02876,Wheat,136.95,56.07,4480.85,210.34
FARM-02877,Sugarcane,216.29,102.54,17474.32,513.46
FARM-02878,Cotton,153.38,56.59,8005.65,289.37
FARM-02879,Rice,,71.62,9138.21,441.21
FARM-02880,Wheat,131.18,50.42,3460.05,245.11
FARM-02881,Soybean,44.54,56.13,3822.06,176.96
FARM-02882,Cotton,144.93,77.81,7989.18,351.75
FARM-02883,Rice,143.86,91.82,10678.66,489.97
FARM-02884,Soybean,50.57,59.66,4278.18,207.42
FARM-02885,Sugarcane,218.66,104.18,17355.69,651.81
FARM-02886,Sugarcane,213.45,63.72,19441.98,428.17
FARM-02887,Soybean,51.22,53.8,4319.54,219.03
FARM-02888,Cotton,159.83,65.02,7546.68,312.52
FARM-02889,Wheat,125.25,50.52,3857.57,221.63
FARM-02890,Cotton,159.37,74.28,8562.38,440.12
FARM-02891,Rice,167.21,118.78,10394.94,630.84
FARM-02892,Wheat,128.02,40.1,3999.58,167.2
FARM-02893,Sugarcane,199.49,120.11,17494.86,676.48
FARM-02894,Wheat,128.28,60.82,4137.71,259.88
FARM-02895,Maize,167.05,66.61,4449.76,287.36
FARM-02896,Cotton,139.68,82.61,7021.98,414.84
FARM-02897,Sugarcane,210.26,119.94,17402.22,790.06
FARM-02898,Rice,143.39,91.75,10413.63,374.56
FARM-02899,Sugarcane,,115.49,18979.12,471.76
FARM-02900,Sugarcane,216.67,102.02,18526.24,495.6
FARM-02901,Maize,218.48,79.99,4592.99,303.37
FARM-02902,Cotton,155.24,95.92,8272.75,546.69
FARM-02903,Sugarcane,214.81,82.99,16817.53,445.95
FARM-02904,Rice,129.54,114.82,11240.9,612.43
FARM-02905,Wheat,135.08,59.66,3870.22,192.55
FARM-02906,Wheat,135.15,58.36,3684.26,306.69
FARM-02907,Cotton,153.43,81.01,6289.28,355.16
FARM-02908,Maize,188.54,86.24,5454.71,329.46
FARM-02909,Sugarcane,228.04,123.66,17753.19,621.66
FARM-02910,Maize,157.52,64.1,4388.96,245.94
FARM-02911,Sugarcane,205.06,87.17,17782.55,523.34
FARM-02912,Soybean,39.69,67.09,3910.16,225.64
FARM-02913,Maize,181.07,,4638.88,
FARM-02914,Maize,182.44,73.5,5299.39,401.96
FARM-02915,Cotton,143.69,70.52,7754.27,314.7
FARM-02916,Cotton,151.52,86.45,6917.11,471.34
FARM-02917,Sugarcane,233.21,93.41,15514.96,541.28
FARM-02918,Wheat,121.4,,,234.8
FARM-02919,Rice,143.06,88.95,11179.0,414.81
FARM-02920,Rice,161.66,95.77,9625.3,507.27
FARM-02921,Cotton,160.24,80.08,7209.12,477.72
FARM-02922,Soybean,44.52,52.01,3286.76,189.67
FARM-02923,Wheat,124.73,59.1,4028.22,275.41
FARM-02924,Wheat,114.72,46.36,4098.65,182.2
FARM-02925,Cotton,147.25,53.35,7421.35,302.7
FARM-02926,Maize,177.15,90.85,4352.08,290.61
FARM-02927,Rice,138.36,79.02,9312.23,441.21
FARM-02928,Maize,196.56,67.12,4361.89,264.76
FARM-02929,Wheat,128.62,66.29,3870.07,294.58
FARM-02930,Cotton,153.49,59.8,8516.04,291.49
FARM-02931,Rice,161.7,,11219.61,420.19
FARM-02932,Soybean,47.77,36.63,4635.4,168.91
FARM-02933,Soybean,48.36,33.26,3677.39,177.15
FARM-02934,Sugarcane,215.07,120.88,16526.36,475.6
FARM-02935,Sugarcane,196.06,111.41,69632.561167327,585.57
FARM-02936,Cotton,162.31,61.47,7774.29,426.92
FARM-02937,Cotton,145.51,78.66,7950.46,447.07
FARM-02938,Maize,198.94,50.22,4928.86,270.51
FARM-02939,Rice,129.64,84.51,9758.05,433.75
FARM-02940,Cotton,156.32,63.57,7389.88,333.62
FARM-02941,Wheat,134.89,56.74,4580.8,246.64
FARM-02942,Cotton,136.48,82.0,6401.19,449.42
FARM-02943,Wheat,114.84,64.62,3396.35,172.42
FARM-02944,Sugarcane,228.83,133.41,15965.9,680.36
FARM-02945,Wheat,124.74,38.92,4478.17,171.74
FARM-02946,Sugarcane,196.43,91.36,16564.65,592.99
FARM-02947,Maize,211.25,56.13,4593.21,262.94
FARM-02948,Rice,150.44,97.75,10539.77,478.28
FARM-02949,Rice,158.23,78.5,10379.76,524.96
FARM-02950,Sugarcane,218.13,103.85,16187.69,524.85
FARM-02951,Rice,149.72,92.86,10696.05,534.22
FARM-02952,Sugarcane,206.07,118.13,18473.8,661.72
FARM-02953,Maize,173.81,59.41,5423.82,308.74
FARM-02954,Soybean,45.13,73.91,4569.37,248.66
FARM-02955,Wheat,130.06,66.57,3567.6,183.37
FARM-02956,Sugarcane,228.06,68.81,17686.12,471.36
FARM-02957,Cotton,477.67053797770257,60.23,7208.42,418.61
FARM-02958,Maize,158.07,62.1,4898.59,229.89
FARM-02959,Cotton,492.6900407374379,57.32,7285.69,360.75
FARM-02960,Wheat,141.31,49.66,4063.89,195.56
FARM-02961,Maize,187.65,84.29,5842.22,289.1
FARM-02962,Cotton,170.08,70.55,7909.45,335.29
FARM-02963,Wheat,125.35,61.41,3579.55,220.14
FARM-02964,Soybean,51.19,46.38,4168.71,160.03
FARM-02965,Rice,149.07,89.76,9023.29,487.05
FARM-02966,Rice,154.42,103.38,9739.68,586.61
FARM-02967,Maize,163.13,87.24,4749.68,328.82
FARM-02968,Rice,164.97,65.07,8378.0,327.73
FARM-02969,Soybean,38.37,58.01,4012.47,291.27
FARM-02970,Cotton,125.04,90.31,6184.53,466.99
FARM-02971,Rice,146.42,98.43,10103.14,555.83
FARM-02972,Soybean,47.16,67.77,3863.67,275.21
FARM-02973,Wheat,105.44,53.18,4237.41,180.17
FARM-02974,Cotton,164.41,51.57,7033.44,302.74
FARM-02975,Cotton,141.45,64.85,7622.25,301.29
FARM-02976,Sugarcane,227.77,119.89,,614.51
FARM-02977,Soybean,36.18,55.98,3343.42,196.23
FARM-02978,Wheat,127.86,64.74,4575.25,244.57
FARM-02979,Maize,182.77,62.39,5001.7,387.79
FARM-02980,Rice,164.44,68.76,10529.8,336.18
FARM-02981,Cotton,128.94,64.71,7628.91,424.05
FARM-02982,Rice,137.16,77.64,10900.83,256.95
FARM-02983,Cotton,135.87,66.1,7490.76,384.54
FARM-02984,Soybean,32.96,60.66,4118.54,275.6
FARM-02985,Wheat,139.04,64.99,3577.58,250.4
FARM-02986,Maize,200.58,69.24,4571.93,339.54
FARM-02987,Sugarcane,204.55,83.8,17419.82,378.15
FARM-02988,Cotton,175.44,54.33,6933.1,271.91
FARM-02989,Soybean,46.84,84.3,4164.87,307.26
FARM-02990,Rice,155.71,65.49,8734.95,503.05
FARM-02991,Maize,193.65,62.76,4659.66,253.23
FARM-02992,Soybean,45.66,45.63,3764.79,219.41
FARM-02993,Sugarcane,217.44,107.08,17535.45,722.77
FARM-02994,Wheat,132.44,60.27,3722.73,228.7
FARM-02995,Cotton,159.75,58.35,8023.14,269.53
FARM-02996,Maize,191.98,65.54,4782.46,264.11
FARM-02997,Maize,193.41,75.55,4597.88,304.72
FARM-02998,Cotton,157.85,61.19,8064.49,383.26
FARM-02999,Rice,150.72,106.03,9899.57,1519.3351944374726
FARM-03000,Rice,143.08,88.76,10312.42,596.45
FARM-03001,Maize,195.59,89.33,5875.1,370.64
FARM-03002,Soybean,33.91,53.28,3418.92,219.87
FARM-03003,Sugarcane,197.15,81.12,18311.52,553.24
FARM-03004,Maize,204.04,79.32,5246.67,283.49
FARM-03005,Soybean,45.25,50.99,3949.81,254.1
FARM-03006,Soybean,43.5,53.42,4000.63,208.1
FARM-03007,Cotton,155.16,61.73,7911.6,408.49
FARM-03008,Soybean,44.29,48.57,3239.4,220.6
FARM-03009,Sugarcane,221.27,128.31,17970.48,760.66
FARM-03010,Sugarcane,244.7,106.16,18211.57,599.35
FARM-03011,Cotton,129.75,63.28,7383.08,347.92
FARM-03012,Rice,137.97,265.72437551071636,9819.74,324.17
FARM-03013,Maize,204.37,66.89,,347.05
FARM-03014,Sugarcane,214.85,111.59,17098.1,648.98
FARM-03015,Cotton,147.5,47.24,7614.04,277.42
FARM-03016,Cotton,141.63,79.5,7654.28,
FARM-03017,Wheat,108.97,188.98499346243827,3870.67,257.2
FARM-03018,Cotton,167.69,90.22,6733.82,423.81
FARM-03019,Cotton,170.72,62.81,7522.38,353.95
FARM-03020,Soybean,46.76,57.23,3847.1,305.42
FARM-03021,Soybean,44.46,50.27,3435.43,219.67
FARM-03022,Cotton,148.68,74.49,6696.38,472.76
FARM-03023,Rice,168.05,88.95,11234.08,603.48
FARM-03024,Cotton,167.54,65.15,7147.66,345.99
FARM-03025,Soybean,41.0,65.82,4208.22,282.32
FARM-03026,Soybean,34.19,52.43,4820.68,197.94
FARM-03027,Cotton,155.15,69.85,7854.79,294.77
FARM-03028,Rice,161.92,59.37,9739.43,253.14
FARM-03029,Soybean,42.54,63.39,3596.53,254.55
FARM-03030,Soybean,48.05,69.92,4113.47,282.0
FARM-03031,Cotton,151.13,88.88,6879.51,1491.3493021136048
FARM-03032,Soybean,46.61,54.21,3576.61,230.26
FARM-03033,Sugarcane,207.14,67.1,15464.17,458.32
FARM-03034,Soybean,48.8,41.34,3563.5,213.32
FARM-03035,Wheat,143.32,54.61,3940.19,240.31
FARM-03036,Sugarcane,195.22,106.55,17847.09,646.46
FARM-03037,Sugarcane,198.39,119.05,17803.13,637.5
FARM-03038,Sugarcane,203.02,125.14,15865.07,608.07
FARM-03039,Wheat,105.69,127.36030285171289,4303.4,171.8
FARM-03040,Wheat,113.59,52.22,4506.1,208.32
FARM-03041,Rice,168.07,60.89,10160.13,309.84
FARM-03042,Maize,185.82,84.86,5166.08,395.12
FARM-03043,Soybean,49.96,57.76,3540.38,170.91
FARM-03044,Maize,179.75,60.08,5404.48,259.1
FARM-03045,Rice,158.17,255.74277182949038,9874.41,403.35
FARM-03046,Sugarcane,227.8,101.25,17524.66,2650.3389806815094
FARM-03047,Cotton,150.72,60.46,7283.49,377.61
FARM-03048,Maize,186.6,58.97,4749.77,335.53
FARM-03049,Maize,191.27,68.52,4391.61,313.45
FARM-03050,Soybean,47.52,59.36,3337.52,198.87
FARM-03051,Rice,153.27,68.72,10234.75,482.27
FARM-03052,Wheat,135.67,54.65,4455.3,229.96
FARM-03053,Wheat,147.34,60.77,3876.52,307.54
FARM-03054,Cotton,171.13,68.58,7441.08,368.09
FARM-03055,Sugarcane,211.86,107.02,17360.76,575.93
FARM-03056,Rice,151.3,63.86,9696.27,407.04
FARM-03057,Soybean,40.73,72.6,4563.99,268.82
FARM-03058,Rice,134.42,74.92,9997.28,312.01
FARM-03059,Rice,147.1,62.91,10970.14,448.66
FARM-03060,Sugarcane,206.38,119.34,17881.01,518.78
FARM-03061,Wheat,117.65,55.71,4221.37,244.84
FARM-03062,Sugarcane,226.62,98.81,17149.31,623.04
FARM-03063,Wheat,107.79,50.86,4863.07,205.26
FARM-03064,Sugarcane,225.24,117.22,17145.01,659.44
FARM-03065,Cotton,152.55,61.65,7900.53,353.59
FARM-03066,Sugarcane,192.72,93.29,17425.55,619.19
FARM-03067,Maize,207.99,62.84,,291.97
FARM-03068,Maize,163.3,67.32,5010.99,293.95
FARM-03069,Cotton,136.07,65.92,7029.78,430.02
FARM-03070,Wheat,125.22,45.23,4520.35,125.03
FARM-03071,Maize,170.68,59.26,4326.35,317.47
FARM-03072,Soybean,42.1,49.26,4220.26,188.25
FARM-03073,Cotton,127.09,55.12,6109.22,378.07
FARM-03074,Maize,184.73,56.37,4914.74,247.03
FARM-03075,Soybean,47.1,61.49,3811.68,288.39
FARM-03076,Rice,171.43,76.66,10010.58,430.39
FARM-03077,Wheat,129.25,56.57,3368.37,210.23
FARM-03078,Cotton,164.84,50.88,7104.21,269.1
FARM-03079,Rice,172.63,247.2062006067878,10649.0,371.85
FARM-03080,Soybean,45.94,32.71,4052.26,106.05
FARM-03081,Soybean,45.37,51.95,4012.63,268.46
FARM-03082,Maize,184.6,67.56,5090.23,332.22
FARM-03083,Cotton,140.67,76.76,8234.43,292.12
FARM-03084,Maize,182.12,61.05,,273.23
FARM-03085,Rice,155.62,,9003.22,390.34
FARM-03086,Wheat,103.42,36.69,4353.47,202.1
FARM-03087,Wheat,121.26,32.17,4010.07,128.4
FARM-03088,Soybean,42.87,53.87,4824.89,213.57
FARM-03089,Rice,130.95,82.57,10052.82,540.21
FARM-03090,Maize,188.81,65.04,5018.45,274.83
FARM-03091,Maize,171.97,59.51,5364.64,330.83
FARM-03092,Rice,156.1,87.35,10306.63,497.31
FARM-03093,Maize,,109.31,4838.42,385.31
FARM-03094,Sugarcane,208.39,84.95,18773.52,437.48
FARM-03095,Cotton,153.59,87.38,8092.93,443.08
FARM-03096,Soybean,47.35,42.96,4365.71,123.32
FARM-03097,Soybean,56.77,194.58738213118534,3573.13,240.12
FARM-03098,Wheat,127.7,67.14,4164.4,195.55
FARM-03099,Wheat,129.34,62.83,4375.03,258.87
FARM-03100,Soybean,35.01,47.94,3717.76,187.32
FARM-03101,Wheat,111.63,49.05,3505.85,190.61
FARM-03102,Rice,152.72,97.62,10310.03,563.65
FARM-03103,Rice,171.44,76.51,10225.89,387.97
FARM-03104,Maize,183.42,83.23,4539.81,360.47
FARM-03105,Rice,128.06,85.96,10297.32,384.28
FARM-03106,Maize,177.41,66.33,4317.82,297.43
FARM-03107,Wheat,127.15,54.64,3950.56,243.08
FARM-03108,Soybean,43.18,70.11,3745.07,171.19
FARM-03109,Maize,204.18,48.05,4422.71,328.25
FARM-03110,Rice,160.38,83.5,9597.89,433.29
FARM-03111,Maize,193.32,63.66,4463.0,200.26
FARM-03112,Cotton,173.78,89.61,6766.05,427.49
FARM-03113,Sugarcane,209.81,83.08,19000.02,568.09
FARM-03114,Sugarcane,204.18,109.63,18322.58,648.13
FARM-03115,Cotton,146.66,57.69,8042.55,246.96
FARM-03116,Wheat,116.11,58.06,4070.95,184.83
FARM-03117,Wheat,124.51,61.55,4009.8,293.79
FARM-03118,Maize,174.04,55.47,4893.31,254.97
FARM-03119,Maize,163.03,57.44,4632.4,293.46
FARM-03120,Wheat,125.32,46.55,4146.97,207.98
FARM-03121,Maize,159.04,72.18,4868.41,313.01
FARM-03122,Rice,163.54,106.23,11029.12,500.09
FARM-03123,Maize,212.06,67.5,5215.72,341.7
FARM-03124,Wheat,128.06,45.44,4891.28,218.83
FARM-03125,Sugarcane,200.83,86.45,18607.77,475.86
FARM-03126,Soybean,45.29,61.11,3905.11,205.41
FARM-03127,Wheat,112.27,33.0,3697.69,176.21
FARM-03128,Wheat,126.39,48.98,3639.41,181.56
FARM-03129,Wheat,130.81,60.86,4026.65,208.47
FARM-03130,Sugarcane,208.08,88.67,18446.45,449.03
FARM-03131,Rice,174.03,108.79,11163.1,462.18
FARM-03132,Rice,147.14,79.32,10011.04,517.54
FARM-03133,Sugarcane,191.53,74.47,17190.49,537.32
FARM-03134,Cotton,150.67,62.37,8356.87,333.96
FARM-03135,Maize,177.21,74.21,5006.84,393.77
FARM-03136,Soybean,54.15,65.65,4919.61,265.09
FARM-03137,Rice,167.91,54.95,10724.29,436.64
FARM-03138,Maize,166.5,58.55,5445.01,291.14
FARM-03139,Cotton,143.02,70.79,7688.04,385.34
FARM-03140,Wheat,117.42,67.5,3964.04,196.43
FARM-03141,Maize,185.13,244.81082291020977,4379.01,438.56
FARM-03142,Sugarcane,246.19,94.51,17723.92,616.5
FARM-03143,Maize,163.87,77.52,5472.96,302.07
FARM-03144,Maize,172.11,81.62,4846.2,367.57
FARM-03145,Cotton,159.48,78.32,7301.75,421.46
FARM-03146,Cotton,152.2,68.61,6422.82,467.05
FARM-03147,Rice,149.01,103.52,10583.45,620.8
FARM-03148,Soybean,52.66,58.38,3807.61,299.2
FARM-03149,Wheat,112.08,37.43,3907.29,168.19
FARM-03150,Cotton,162.99,63.59,8078.84,362.67
FARM-03151,Cotton,134.21,76.63,7746.01,476.55
FARM-03152,Rice,156.97,76.51,9009.06,
FARM-03153,Soybean,49.9,50.65,3934.81,171.09
FARM-03154,Maize,660.2956145731728,77.3,4497.86,238.19
FARM-03155,Sugarcane,192.66,86.7,16497.98,375.2
FARM-03156,Cotton,161.35,52.42,7086.09,251.24
FARM-03157,Soybean,55.93,64.64,3498.93,156.41
FARM-03158,Sugarcane,193.7,,18133.69,568.34
FARM-03159,Maize,171.5,73.02,4460.97,368.29
FARM-03160,Wheat,106.78,66.01,3183.45,245.55
FARM-03161,Rice,151.64,67.19,9422.77,352.51
FARM-03162,Rice,144.68,75.33,9805.24,436.0
FARM-03163,Soybean,36.13,54.91,4171.4,174.29
FARM-03164,Wheat,120.61,64.91,4496.08,226.45
FARM-03165,Rice,152.96,77.93,10133.22,412.29
FARM-03166,Rice,144.7,79.4,10117.45,496.72
FARM-03167,Sugarcane,215.35,111.36,18577.23,784.04
FARM-03168,Rice,155.82,88.39,9796.34,507.94
FARM-03169,Rice,128.5,90.54,9283.18,460.06
FARM-03170,Wheat,134.98,58.72,3721.83,201.68
FARM-03171,Rice,132.56,83.8,10786.92,649.21
FARM-03172,Sugarcane,218.91,104.86,17741.14,681.66
FARM-03173,Soybean,41.58,70.41,3468.02,276.18
FARM-03174,Sugarcane,210.89,99.82,18282.94,488.65
FARM-03175,Maize,201.52,72.28,4922.03,299.12
FARM-03176,Wheat,480.11495837066605,54.36,3951.32,182.12
FARM-03177,Soybean,52.71,44.2,3501.15,219.13
FARM-03178,Sugarcane,215.36,98.89,16383.54,688.94
FARM-03179,Sugarcane,202.99,,18142.78,358.5
FARM-03180,Soybean,51.89,197.33413503493767,3981.73,236.31
FARM-03181,Wheat,143.09,53.98,4535.9,202.88
FARM-03182,Rice,149.46,86.7,8774.69,481.32
FARM-03183,Cotton,159.24,78.43,7810.97,475.82
FARM-03184,Rice,159.75,80.66,9086.01,478.03
FARM-03185,Rice,147.99,125.09,9928.07,496.87
FARM-03186,Maize,205.93,69.83,,287.04
FARM-03187,Sugarcane,238.74,94.11,16209.93,563.97
FARM-03188,Soybean,40.47,60.77,3993.73,308.53
FARM-03189,Soybean,33.04,49.72,3284.48,160.51
FARM-03190,Cotton,149.43,64.44,6625.38,389.97
FARM-03191,Rice,149.47,93.14,10107.2,536.89
FARM-03192,Soybean,40.21,204.48803548602294,4286.85,250.12
FARM-03193,Rice,143.53,109.94,11363.09,538.96
FARM-03194,Sugarcane,206.79,94.41,18553.45,664.63
FARM-03195,Soybean,35.13,55.66,4478.4,235.98
FARM-03196,Soybean,43.04,59.39,4130.75,194.47
FARM-03197,Maize,156.61,85.39,5392.47,280.9
FARM-03198,Soybean,45.01,78.72,3631.31,250.37
FARM-03199,Cotton,154.46,64.12,7719.27,374.04
FARM-03200,Sugarcane,232.88,83.65,15700.57,1321.5539307069023
FARM-03201,Soybean,40.25,47.96,3929.26,195.13
FARM-03202,Maize,205.16,90.03,4692.95,272.09
FARM-03203,Sugarcane,214.25,91.2,18360.3,
FARM-03204,Maize,192.44,56.78,4998.84,358.7
FARM-03205,Soybean,41.57,61.86,4308.33,190.05
FARM-03206,Rice,149.37,92.96,11772.72,624.67
FARM-03207,Rice,164.07,55.7,10000.42,326.68
FARM-03208,Wheat,134.1,51.7,3796.45,174.79
FARM-03209,Rice,159.33,69.78,8880.05,511.93
FARM-03210,Soybean,47.69,61.91,3674.25,246.84
FARM-03211,Sugarcane,192.33,119.25,16881.68,613.9
FARM-03212,Cotton,167.46,42.16,7508.8,281.03
FARM-03213,Cotton,128.38,72.85,7666.28,333.59
FARM-03214,Cotton,130.93,88.26,7837.47,403.92
FARM-03215,Wheat,139.8,46.17,4035.43,184.48
FARM-03216,Sugarcane,233.57,86.95,18284.61,486.96
FARM-03217,Maize,172.19,80.93,4912.36,270.7
FARM-03218,Cotton,156.0,83.25,7426.8,402.77
FARM-03219,Wheat,134.96,49.85,3971.65,201.65
FARM-03220,Maize,175.96,59.6,5409.66,309.04
FARM-03221,Cotton,165.17,45.98,7150.58,322.1
FARM-03222,Cotton,151.14,73.4,8351.23,430.41
FARM-03223,Sugarcane,194.81,93.47,17729.03,505.92
FARM-03224,Maize,177.35,76.68,5425.29,282.52
FARM-03225,Cotton,137.96,69.47,6790.98,378.6
FARM-03226,Cotton,156.09,70.12,7959.82,346.82
FARM-03227,Wheat,137.77,53.58,3297.14,291.21
FARM-03228,Soybean,39.28,45.35,3533.13,181.79
FARM-03229,Soybean,57.99,53.16,3345.53,171.31
FARM-03230,Wheat,118.39,41.57,,154.29
FARM-03231,Maize,185.68,64.45,5467.03,272.82
FARM-03232,Cotton,144.49,51.94,7336.37,232.21
FARM-03233,Soybean,39.84,55.67,3863.14,217.39
FARM-03234,Cotton,143.94,53.7,7343.81,
FARM-03235,Cotton,154.33,54.13,7097.2,239.53
FARM-03236,Wheat,113.38,60.37,4174.24,226.48
FARM-03237,Rice,157.52,107.03,11133.31,619.66
FARM-03238,Maize,212.28,73.59,4602.01,379.04
FARM-03239,Maize,202.38,85.69,4733.05,358.03
FARM-03240,Soybean,45.4,54.87,4418.77,169.23
FARM-03241,Cotton,130.51,76.8,6583.37,359.07
FARM-03242,Wheat,121.85,127.55597734070982,3266.04,173.27
FARM-03243,Soybean,54.25,79.2,3743.42,332.48
FARM-03244,Rice,124.74,84.34,8507.14,550.03
FARM-03245,Sugarcane,215.26,120.63,17527.79,650.22
FARM-03246,Rice,150.96,80.77,9585.81,421.0
FARM-03247,Rice,125.01,64.4,8461.11,345.69
FARM-03248,Wheat,116.2,46.11,3714.25,153.01
FARM-03249,Maize,194.57,71.21,5641.97,280.93
FARM-03250,Rice,569.5274460130723,55.0,9886.13,379.78
FARM-03251,Rice,162.13,76.88,10948.58,442.36
FARM-03252,Sugarcane,209.13,95.54,17795.13,582.25
FARM-03253,Wheat,134.83,49.26,3884.74,172.04
FARM-03254,Rice,140.36,69.12,10810.47,514.94
FARM-03255,Sugarcane,213.53,92.43,18304.82,442.42
FARM-03256,Sugarcane,225.59,112.05,16056.22,709.76
FARM-03257,Cotton,158.95,69.94,,390.52
FARM-03258,Soybean,48.27,47.51,3163.54,189.95
FARM-03259,Rice,144.97,91.42,10147.8,482.33
FARM-03260,Rice,165.77,60.68,10730.19,456.6
FARM-03261,Wheat,140.76,46.84,4184.27,264.23
FARM-03262,Maize,181.44,97.09,5586.21,316.39
FARM-03263,Cotton,128.29,71.87,7997.94,422.84
FARM-03264,Rice,132.0,99.24,38853.93115367281,479.92
FARM-03265,Sugarcane,227.5,95.05,16683.27,554.54
FARM-03266,Cotton,149.49,85.65,6683.95,395.4
FARM-03267,Cotton,140.5,59.08,6863.21,454.23
FARM-03268,Soybean,42.25,45.67,4316.85,253.15
FARM-03269,Cotton,143.36,58.83,7032.77,285.1
FARM-03270,Cotton,155.84,76.12,6600.87,481.42
FARM-03271,Sugarcane,229.35,102.45,17545.06,550.62
FARM-03272,Maize,169.91,,4449.9,302.04
FARM-03273,Wheat,124.81,58.16,4645.91,280.29
FARM-03274,Maize,191.55,54.59,5003.23,373.34
FARM-03275,Cotton,128.21,44.57,7744.43,200.27
FARM-03276,Rice,158.34,73.62,10598.78,316.58
FARM-03277,Cotton,164.77,65.93,7466.66,322.79
FARM-03278,Wheat,107.62,62.63,3498.88,269.02
FARM-03279,Cotton,124.8,77.74,8336.8,444.1
FARM-03280,Rice,157.28,78.19,11216.91,515.06
FARM-03281,Sugarcane,238.08,109.02,,596.42
FARM-03282,Sugarcane,206.69,103.92,,538.18
FARM-03283,Maize,187.17,51.2,4284.25,211.37
FARM-03284,Sugarcane,208.28,107.39,16037.36,432.08
FARM-03285,Soybean,41.11,61.66,4234.42,268.81
FARM-03286,Soybean,42.54,60.51,4330.49,191.29
FARM-03287,Maize,154.39,75.01,4808.55,294.46
FARM-03288,Cotton,142.96,80.72,8825.7,498.91
FARM-03289,Wheat,129.56,50.65,4232.1,197.82
FARM-03290,Wheat,122.68,70.56,4305.72,236.02
FARM-03291,Sugarcane,209.97,102.84,18506.97,447.51
FARM-03292,Rice,163.34,57.66,9549.9,364.6
FARM-03293,Rice,146.58,78.49,9388.31,479.09
FARM-03294,Wheat,141.67,63.56,4871.7,234.6
FARM-03295,Maize,197.82,81.8,4593.34,311.43
FARM-03296,Maize,178.68,51.78,4652.87,
FARM-03297,Wheat,119.44,53.97,4008.76,187.35
FARM-03298,Maize,174.73,50.6,4904.88,262.27
FARM-03299,Maize,177.62,46.03,5493.79,202.65
FARM-03300,Maize,200.08,47.01,5016.71,270.84
FARM-03301,Wheat,119.11,140.44209985828533,4840.88,192.56
FARM-03302,Wheat,130.51,48.71,4245.85,210.7
FARM-03303,Rice,134.63,65.99,10538.83,416.92
FARM-03304,Cotton,167.68,71.46,6252.1,361.41
FARM-03305,Maize,199.32,46.36,4764.79,227.84
FARM-03306,Cotton,140.11,75.62,8394.68,450.8
FARM-03307,Sugarcane,226.76,122.13,18643.11,619.93
FARM-03308,Cotton,140.41,99.28,8101.48,468.78
FARM-03309,Cotton,163.84,73.3,7672.25,481.48
FARM-03310,Rice,159.15,66.96,8067.42,405.28
FARM-03311,Rice,159.28,57.35,9058.51,253.58
FARM-03312,Maize,162.45,64.09,5192.66,
FARM-03313,Sugarcane,234.1,108.81,18019.63,541.47
FARM-03314,Soybean,47.01,57.64,3246.45,167.13
FARM-03315,Cotton,139.42,60.36,8095.54,348.39
FARM-03316,Wheat,126.46,62.86,3459.58,243.68
FARM-03317,Cotton,140.91,73.82,7097.15,307.94
FARM-03318,Soybean,51.92,56.41,4389.14,293.96
FARM-03319,Soybean,48.1,55.08,3733.28,220.85
FARM-03320,Wheat,,57.57,4113.4,266.15
FARM-03321,Wheat,129.37,63.21,4057.36,264.09
FARM-03322,Cotton,144.17,65.89,7980.34,435.32
FARM-03323,Wheat,148.72,52.5,4216.54,164.69
FARM-03324,Sugarcane,194.98,110.42,17698.99,577.93
FARM-03325,Sugarcane,,71.13,17967.19,359.9
FARM-03326,Cotton,142.79,52.78,6374.61,330.05
FARM-03327,Wheat,,60.97,3474.02,209.07
FARM-03328,Cotton,167.76,,8123.33,256.85
FARM-03329,Wheat,119.88,69.23,4335.55,292.09
FARM-03330,Rice,,86.34,9580.42,483.94
FARM-03331,Wheat,115.96,57.36,4211.09,282.22
FARM-03332,Soybean,38.61,57.41,4394.78,220.93
FARM-03333,Rice,143.42,59.97,10016.45,400.93
FARM-03334,Maize,204.04,54.2,4691.5,271.84
FARM-03335,Cotton,133.39,60.98,8082.87,274.85
FARM-03336,Wheat,125.4,36.97,4203.82,145.37
FARM-03337,Cotton,158.94,73.44,7987.15,329.88
FARM-03338,Cotton,143.75,67.89,8028.11,319.83
FARM-03339,Maize,182.2,87.4,4803.15,306.98
FARM-03340,Soybean,41.59,62.87,4540.3,239.66
FARM-03341,Sugarcane,237.5,108.32,17436.98,478.31
FARM-03342,Sugarcane,216.01,95.75,16695.57,572.9
FARM-03343,Wheat,119.75,60.27,,238.85
FARM-03344,Rice,147.38,82.77,10671.15,654.23
FARM-03345,Sugarcane,211.59,235.47455208353372,16665.32,360.19
FARM-03346,Cotton,142.29,59.84,7817.58,400.46
FARM-03347,Rice,160.94,77.84,9277.06,441.25
FARM-03348,Maize,168.28,70.81,5088.74,268.17
FARM-03349,Wheat,122.78,49.17,4073.22,227.77
FARM-03350,Rice,122.04,70.08,9637.19,515.95
FARM-03351,Wheat,128.92,62.0,3834.5,241.94
FARM-03352,Rice,151.73,93.64,9387.81,377.91
FARM-03353,Wheat,123.23,58.35,4208.67,267.17
FARM-03354,Wheat,102.16,53.2,3440.52,209.04
FARM-03355,Cotton,140.85,76.16,7463.21,418.13
FARM-03356,Cotton,148.69,55.59,8036.0,270.49
FARM-03357,Maize,189.13,64.09,5714.22,259.04
FARM-03358,Cotton,146.31,67.46,7633.19,333.98
FARM-03359,Maize,198.28,95.08,4686.9,380.7
FARM-03360,Rice,134.36,103.41,10454.4,606.42
FARM-03361,Soybean,46.21,55.16,3539.0,264.56
FARM-03362,Sugarcane,222.17,80.42,18028.96,446.77
FARM-03363,Wheat,113.95,54.38,3592.8,273.04
FARM-03364,Soybean,47.86,53.43,3863.43,254.42
FARM-03365,Cotton,159.75,51.69,6334.76,277.93
FARM-03366,Soybean,50.98,41.4,3792.77,250.1
FARM-03367,Maize,192.28,86.04,5046.84,298.33
FARM-03368,Cotton,148.06,67.55,7071.79,368.57
FARM-03369,Cotton,155.07,60.72,7442.03,381.9
FARM-03370,Wheat,119.19,51.93,3628.92,232.32
FARM-03371,Sugarcane,230.48,107.33,18314.44,473.72
FARM-03372,Cotton,157.32,75.96,7756.81,415.82
FARM-03373,Sugarcane,219.47,110.38,18147.74,515.67
FARM-03374,Sugarcane,229.14,80.34,18299.09,613.18
FARM-03375,Cotton,151.75,67.53,7573.94,415.36
FARM-03376,Maize,208.81,54.66,4102.57,291.99
FARM-03377,Sugarcane,222.33,104.56,15481.6,682.6
FARM-03378,Soybean,44.74,64.77,3669.81,246.21
FARM-03379,Soybean,37.76,69.32,3199.46,251.23
FARM-03380,Rice,141.82,61.22,9337.43,331.24
FARM-03381,Wheat,128.05,51.33,4425.82,205.58
FARM-03382,Rice,133.04,,11722.71,679.84
FARM-03383,Soybean,52.92,60.82,4061.01,230.59
FARM-03384,Cotton,162.98,45.42,7343.02,277.75
FARM-03385,Maize,180.64,84.79,5352.0,301.7
FARM-03386,Maize,179.18,73.74,5053.01,303.03
FARM-03387,Soybean,35.35,47.48,4026.08,234.48
FARM-03388,Cotton,173.97,68.66,7276.51,303.41
FARM-03389,Maize,,51.76,4929.07,269.38
FARM-03390,Soybean,56.41,58.4,3464.24,1079.4969857209232
FARM-03391,Wheat,145.14,45.69,3968.96,252.29
FARM-03392,Sugarcane,221.18,70.09,18468.44,369.97
FARM-03393,Sugarcane,,105.17,17791.45,492.98
FARM-03394,Rice,126.69,82.24,9938.98,522.94
FARM-03395,Wheat,138.58,52.3,4581.28,295.79
FARM-03396,Maize,162.5,63.1,5792.41,300.39
FARM-03397,Wheat,123.93,47.39,3488.25,222.55
FARM-03398,Sugarcane,213.11,74.01,16524.27,409.9
FARM-03399,Cotton,,54.63,6874.27,271.45
FARM-03400,Wheat,134.89,47.77,,205.86
FARM-03401,Maize,193.22,102.87,4980.72,268.37
FARM-03402,Rice,152.86,99.01,10720.1,527.06
FARM-03403,Wheat,124.58,60.28,3807.91,234.52
FARM-03404,Soybean,46.23,56.46,3992.88,252.22
FARM-03405,Soybean,44.96,53.54,4432.4,188.16
FARM-03406,Sugarcane,229.32,87.47,18275.29,390.65
FARM-03407,Wheat,127.79,55.65,4180.24,221.12
FARM-03408,Maize,165.42,65.85,5007.07,204.09
FARM-03409,Soybean,37.29,46.1,3601.64,211.66
FARM-03410,Sugarcane,229.55,125.56,16463.77,825.43
FARM-03411,Wheat,114.52,48.06,4145.73,180.66
FARM-03412,Sugarcane,201.9,97.4,19056.73,587.23
FARM-03413,Maize,174.5,59.79,5000.18,261.7
FARM-03414,Soybean,43.89,50.58,3774.49,185.12
FARM-03415,Cotton,,46.49,7309.35,336.25
FARM-03416,Rice,145.72,58.21,8192.22,237.62
FARM-03417,Maize,173.45,61.22,4725.27,
FARM-03418,Maize,152.72,63.54,4825.5,177.25
FARM-03419,Soybean,43.18,38.62,3799.55,199.14
FARM-03420,Sugarcane,247.15,91.37,47872.47621644696,647.68
FARM-03421,Maize,198.31,68.73,4688.04,337.0
FARM-03422,Wheat,113.94,58.79,4078.06,241.55
FARM-03423,Wheat,108.33,48.79,4524.2,218.26
FARM-03424,Maize,184.6,64.48,4597.31,346.28
FARM-03425,Maize,184.78,,4830.31,311.61
FARM-03426,Soybean,119.06366626965905,52.2,4687.89,161.68
FARM-03427,Sugarcane,212.67,75.44,18432.62,431.99
FARM-03428,Wheat,126.26,43.92,4049.15,161.3
FARM-03429,Sugarcane,221.05,80.41,17641.24,442.92
FARM-03430,Soybean,49.88,54.49,3183.25,229.9
FARM-03431,Soybean,54.45,45.04,4208.08,214.1
FARM-03432,Cotton,133.79,56.26,7955.68,307.88
FARM-03433,Maize,189.85,88.63,4553.88,371.53
FARM-03434,Rice,146.05,56.86,11654.13,299.91
FARM-03435,Cotton,137.75,47.68,7204.17,267.45
FARM-03436,Sugarcane,214.41,91.82,17266.69,486.39
FARM-03437,Wheat,134.61,57.98,3408.91,275.82
FARM-03438,Soybean,49.46,70.12,4588.95,234.05
FARM-03439,Wheat,108.45,60.24,4256.41,271.92
FARM-03440,Rice,129.9,70.66,34718.66032756048,368.87
FARM-03441,Soybean,41.34,53.13,3272.89,242.95
FARM-03442,Soybean,51.71,52.92,4152.52,190.79
FARM-03443,Cotton,143.94,51.62,7014.84,348.39
FARM-03444,Soybean,54.6,76.28,3397.06,274.97
FARM-03445,Soybean,41.13,,4087.27,254.09
FARM-03446,Rice,,69.59,9736.05,493.38
FARM-03447,Maize,163.47,83.79,5248.45,398.57
FARM-03448,Wheat,127.35,46.53,3293.74,
FARM-03449,Sugarcane,217.94,86.41,15393.01,441.69
FARM-03450,Soybean,33.49,46.47,4395.77,175.72
FARM-03451,Cotton,148.34,68.98,8484.34,344.39
FARM-03452,Soybean,48.15,55.27,3652.98,270.54
FARM-03453,Maize,198.37,63.29,4442.61,257.67
FARM-03454,Wheat,117.72,41.33,3903.07,189.21
FARM-03455,Wheat,124.7,,4134.95,231.14
FARM-03456,Maize,196.53,65.45,5521.73,232.05
FARM-03457,Rice,172.74,98.68,11744.0,421.43
FARM-03458,Maize,180.24,92.97,4878.15,335.71
FARM-03459,Wheat,114.36,52.27,3933.48,217.33
FARM-03460,Soybean,43.69,58.4,3455.89,151.15
FARM-03461,Sugarcane,187.45,125.19,17417.07,597.27
FARM-03462,Maize,658.1994037078205,68.9,4802.98,323.74
FARM-03463,Cotton,173.02,78.69,7746.3,423.94
FARM-03464,Sugarcane,247.44,,17449.94,598.41
FARM-03465,Maize,169.97,93.25,5088.29,439.41
FARM-03466,Maize,214.44,46.34,5388.36,265.28
FARM-03467,Rice,152.26,97.85,10645.82,486.51
FARM-03468,Wheat,122.7,47.64,3364.29,200.67
FARM-03469,Rice,148.83,97.25,10621.86,541.13
FARM-03470,Wheat,114.77,44.0,3739.66,183.64
FARM-03471,Soybean,34.96,81.51,4174.17,304.13
FARM-03472,Rice,140.64,65.26,9858.0,370.11
FARM-03473,Maize,,53.34,5256.51,273.37
FARM-03474,Rice,170.14,77.71,9209.33,373.2
FARM-03475,Rice,138.96,52.27,10126.44,288.48
FARM-03476,Maize,215.03,66.81,4675.94,270.02
FARM-03477,Sugarcane,216.32,123.63,15840.63,558.68
FARM-03478,Maize,207.7,56.64,4941.46,250.55
FARM-03479,Maize,192.12,54.92,4776.16,220.61
FARM-03480,Wheat,122.01,56.49,4135.15,200.1
FARM-03481,Rice,169.02,81.95,9308.72,481.3
FARM-03482,Soybean,56.19,69.07,3797.94,232.98
FARM-03483,Rice,154.32,77.23,9184.78,372.53
FARM-03484,Cotton,127.73,66.59,7320.35,357.15
FARM-03485,Maize,162.25,35.0,4989.35,182.34
FARM-03486,Cotton,139.04,62.97,7494.91,365.13
FARM-03487,Maize,171.75,73.33,4297.43,299.29
FARM-03488,Rice,138.38,78.28,10682.14,484.44
FARM-03489,Cotton,450.88219989274774,73.75,6433.01,478.15
FARM-03490,Maize,,88.98,5723.69,417.28
FARM-03491,Soybean,46.47,63.8,4436.86,292.42
FARM-03492,Cotton,159.1,61.66,6635.68,320.78
FARM-03493,Sugarcane,219.38,117.32,19284.87,535.39
FARM-03494,Soybean,45.59,55.89,4194.25,267.56
FARM-03495,Cotton,158.6,55.26,6970.7,332.38
FARM-03496,Soybean,33.97,56.88,4513.32,
FARM-03497,Soybean,38.19,44.84,3857.42,142.41
FARM-03498,Maize,201.69,56.29,4797.98,235.54
FARM-03499,Cotton,173.49,69.99,7960.19,390.86
FARM-03500,Rice,163.87,75.52,9934.22,344.2
FARM-03501,Maize,168.45,76.46,16761.351929515647,283.61
FARM-03502,Cotton,157.08,91.45,7780.86,386.43
FARM-03503,Sugarcane,211.93,94.75,18629.88,470.94
FARM-03504,Cotton,170.7,63.28,8150.22,445.44
FARM-03505,Cotton,177.98,73.39,7887.34,372.24
FARM-03506,Cotton,151.7,48.12,6834.8,304.35
FARM-03507,Cotton,155.32,67.45,8660.21,418.46
FARM-03508,Rice,144.86,85.69,9380.84,420.93
FARM-03509,Soybean,36.73,50.08,4346.27,198.62
FARM-03510,Sugarcane,200.62,83.71,17059.6,385.68
FARM-03511,Soybean,42.81,47.42,4550.76,134.92
FARM-03512,Wheat,137.54,49.1,4086.75,159.81
FARM-03513,Sugarcane,196.19,,18338.35,515.81
FARM-03514,Sugarcane,199.79,96.55,17552.8,503.19
FARM-03515,Maize,201.28,85.71,5418.78,398.17
FARM-03516,Soybean,43.25,61.75,3973.47,261.69
FARM-03517,Maize,187.25,51.35,4427.92,199.13
FARM-03518,Soybean,37.67,54.42,4007.47,239.69
FARM-03519,Wheat,113.92,49.22,3836.83,210.87
FARM-03520,Rice,140.15,,9937.02,396.38
FARM-03521,Wheat,126.3,42.69,4463.99,234.43
FARM-03522,Maize,171.46,68.86,4353.61,287.11
FARM-03523,Soybean,40.12,55.43,3827.49,201.39
FARM-03524,Sugarcane,194.2,88.02,16795.79,443.65
FARM-03525,Maize,163.75,71.42,5136.9,188.57
FARM-03526,Rice,148.6,68.71,9444.17,472.43
FARM-03527,Rice,145.89,53.01,10059.67,296.52
FARM-03528,Rice,136.63,81.93,11031.81,424.28
FARM-03529,Sugarcane,238.69,79.1,18602.04,443.88
FARM-03530,Maize,168.49,83.22,4626.09,289.13
FARM-03531,Sugarcane,242.79,94.94,18546.58,497.86
FARM-03532,Sugarcane,213.86,74.38,16565.12,341.66
FARM-03533,Maize,214.89,77.03,4731.84,268.56
FARM-03534,Maize,213.39,73.06,5337.44,332.19
FARM-03535,Sugarcane,193.65,85.62,17291.1,508.35
FARM-03536,Rice,141.39,67.59,9165.21,417.44
FARM-03537,Sugarcane,209.51,91.71,16436.57,529.05
FARM-03538,Soybean,55.17,51.95,3764.76,274.96
FARM-03539,Wheat,135.84,45.16,3947.3,155.13
FARM-03540,Wheat,137.82,50.88,4395.19,204.48
FARM-03541,Rice,166.29,74.09,9480.9,405.39
FARM-03542,Soybean,31.18,61.04,4315.11,187.38
FARM-03543,Wheat,121.4,43.56,4077.36,
FARM-03544,Rice,166.47,61.33,9659.26,290.96
FARM-03545,Cotton,159.44,76.05,7494.32,378.86
FARM-03546,Soybean,48.74,51.28,3950.87,194.59
FARM-03547,Rice,147.89,68.95,9471.41,436.58
FARM-03548,Rice,148.08,70.06,10985.74,524.4
FARM-03549,Rice,135.36,63.76,9586.82,398.6
FARM-03550,Maize,200.0,53.75,5062.6,187.61
FARM-03551,Sugarcane,245.33,126.3,17699.53,603.32
FARM-03552,Wheat,118.12,48.29,3494.06,152.49
FARM-03553,Maize,205.94,85.4,5290.07,311.34
FARM-03554,Sugarcane,204.16,123.68,17513.81,800.86
FARM-03555,Cotton,138.72,70.58,8356.25,400.68
FARM-03556,Rice,399.9255945216323,86.14,10149.25,538.38
FARM-03557,Cotton,140.82,62.79,8036.12,422.23
FARM-03558,Maize,196.22,77.39,5229.97,326.82
FARM-03559,Cotton,146.62,65.17,8262.61,382.01
FARM-03560,Sugarcane,186.23,105.02,17341.91,719.06
FARM-03561,Soybean,38.61,49.29,3769.62,239.75
FARM-03562,Rice,153.15,98.98,9143.3,430.46
FARM-03563,Wheat,124.76,47.61,3236.94,174.81
FARM-03564,Soybean,50.53,66.9,3978.59,181.51
FARM-03565,Cotton,153.29,68.26,7379.82,302.29
FARM-03566,Maize,189.73,81.22,4102.93,359.69
FARM-03567,Cotton,146.68,64.6,7523.98,387.79
FARM-03568,Cotton,148.53,,7036.65,376.55
FARM-03569,Maize,179.74,67.36,5288.78,322.38
FARM-03570,Soybean,42.5,58.1,4511.6,275.31
FARM-03571,Maize,171.83,57.76,5023.0,361.64
FARM-03572,Soybean,53.14,60.07,4050.39,239.75
FARM-03573,Maize,173.5,79.11,5208.13,331.02
FARM-03574,Cotton,126.96,67.89,8160.93,346.37
FARM-03575,Rice,152.84,81.22,10281.66,380.43
FARM-03576,Wheat,119.19,57.35,4449.76,164.87
FARM-03577,Cotton,153.03,62.45,7848.66,357.05
FARM-03578,Soybean,45.37,45.62,3562.48,131.95
FARM-03579,Cotton,153.72,62.42,6250.88,360.37
FARM-03580,Maize,177.02,69.0,5014.13,319.47
FARM-03581,Cotton,169.32,71.7,7410.21,355.43
FARM-03582,Wheat,115.98,62.35,3792.71,251.12
FARM-03583,Wheat,489.6798300432011,72.58,3470.62,236.65
FARM-03584,Cotton,148.08,74.13,8482.59,431.37
FARM-03585,Rice,139.06,45.21,11559.42,243.51
FARM-03586,Wheat,138.86,51.11,3496.31,660.7675027298317
FARM-03587,Soybean,41.57,47.55,3901.48,170.61
FARM-03588,Rice,147.45,83.7,10045.01,518.47
FARM-03589,Sugarcane,214.93,135.85,15510.07,736.8
FARM-03590,Rice,147.47,64.27,10179.61,507.36
FARM-03591,Cotton,160.2,63.8,7356.19,317.96
FARM-03592,Rice,150.63,86.37,10739.49,498.84
FARM-03593,Cotton,151.78,78.67,7388.53,
FARM-03594,Soybean,42.62,50.68,4524.8,216.66
FARM-03595,Sugarcane,228.86,96.61,17253.52,595.97
FARM-03596,Soybean,49.21,49.52,4179.78,199.13
FARM-03597,Rice,162.87,77.0,8868.5,395.68
FARM-03598,Cotton,173.91,66.04,7547.51,
FARM-03599,Soybean,47.87,50.17,4011.53,163.62
FARM-03600,Maize,187.05,57.18,5338.24,380.35
FARM-03601,Rice,157.64,102.14,10627.9,497.64
FARM-03602,Soybean,38.05,58.12,3845.1,199.95
FARM-03603,Soybean,39.7,63.43,4035.6,250.6
FARM-03604,Rice,133.01,67.17,9157.12,364.51
FARM-03605,Wheat,134.87,52.93,3235.22,181.23
FARM-03606,Soybean,42.23,60.4,3236.37,304.77
FARM-03607,Sugarcane,225.85,81.04,16308.45,463.49
FARM-03608,Soybean,46.94,49.69,4256.0,280.59
FARM-03609,Maize,175.39,64.22,5134.6,307.74
FARM-03610,Sugarcane,226.7,93.86,18046.19,512.07
FARM-03611,Maize,176.79,73.81,4974.5,378.86
FARM-03612,Soybean,45.26,49.53,4208.65,233.03
FARM-03613,Cotton,143.69,57.79,7665.71,394.28
FARM-03614,Rice,149.08,57.91,11903.2,390.94
FARM-03615,Soybean,38.85,69.93,3953.37,230.3
FARM-03616,Rice,151.76,68.19,10284.66,447.74
FARM-03617,Maize,185.65,57.08,5005.55,343.54
FARM-03618,Maize,195.46,66.33,4850.04,313.69
FARM-03619,Sugarcane,215.03,123.24,16358.81,513.35
FARM-03620,Cotton,175.32,66.8,7505.02,380.97
FARM-03621,Cotton,150.12,56.54,7776.68,346.77
FARM-03622,Rice,129.35,73.41,11118.6,488.85
FARM-03623,Sugarcane,202.19,82.4,16646.02,616.38
FARM-03624,Soybean,45.13,34.11,4240.3,111.82
FARM-03625,Rice,160.99,51.71,10928.22,352.23
FARM-03626,Maize,187.94,75.89,5470.47,396.73
FARM-03627,Soybean,46.75,46.13,4120.69,195.75
FARM-03628,Sugarcane,194.91,90.8,15585.4,485.83
FARM-03629,Sugarcane,209.14,108.83,17405.1,673.41
FARM-03630,Sugarcane,207.35,131.98,17076.29,633.42
FARM-03631,Sugarcane,212.63,97.96,17438.18,490.65
FARM-03632,Sugarcane,201.51,84.15,16395.77,413.88
FARM-03633,Maize,198.03,101.24,4861.97,384.64
FARM-03634,Rice,153.37,84.93,9700.82,442.56
FARM-03635,Rice,152.78,65.99,8969.55,447.61
FARM-03636,Cotton,148.13,53.7,8121.44,270.66
FARM-03637,Cotton,143.66,65.25,6752.63,297.51
FARM-03638,Maize,209.55,49.65,4392.68,237.65
FARM-03639,Rice,160.04,58.65,9051.97,373.6
FARM-03640,Maize,185.27,64.74,4786.91,
FARM-03641,Cotton,156.47,62.13,7934.92,359.34
FARM-03642,Cotton,141.1,49.13,,225.54
FARM-03643,Maize,178.27,42.18,4462.17,253.05
FARM-03644,Soybean,50.47,45.31,4222.74,181.53
FARM-03645,Soybean,46.79,52.6,3363.59,296.38
FARM-03646,Wheat,107.65,58.36,3850.38,260.88
FARM-03647,Wheat,120.93,54.19,4487.16,189.9
FARM-03648,Wheat,130.34,54.2,3808.75,226.44
FARM-03649,Soybean,46.04,67.69,4000.6,326.47
FARM-03650,Cotton,177.77,78.69,6732.63,371.58
FARM-03651,Soybean,37.87,57.32,3516.5,180.07
FARM-03652,Cotton,147.56,59.11,7516.32,295.49
FARM-03653,Wheat,107.68,56.18,4245.29,285.93
FARM-03654,Sugarcane,201.59,107.97,18375.19,501.36
FARM-03655,Wheat,110.36,55.9,3936.31,210.85
FARM-03656,Cotton,143.34,55.18,7336.37,310.37
FARM-03657,Sugarcane,221.99,92.28,17545.43,611.8
FARM-03658,Rice,150.57,88.19,8829.37,556.9
FARM-03659,Wheat,125.6,52.0,4001.81,180.49
FARM-03660,Maize,198.14,76.49,5789.89,294.36
FARM-03661,Wheat,119.7,52.67,3889.94,217.6
FARM-03662,Rice,136.73,74.88,9678.21,362.75
FARM-03663,Maize,167.75,80.16,5699.08,447.25
FARM-03664,Cotton,147.84,81.67,7379.94,392.42
FARM-03665,Rice,147.87,81.08,10927.54,380.56
FARM-03666,Sugarcane,205.34,104.94,17072.38,521.32
FARM-03667,Rice,152.44,55.82,10334.33,241.51
FARM-03668,Soybean,53.83,50.77,4155.86,290.43
FARM-03669,Cotton,136.27,54.8,8015.81,256.52
FARM-03670,Rice,141.46,71.52,9435.14,417.32
FARM-03671,Maize,187.63,80.92,4666.1,270.25
FARM-03672,Cotton,163.08,69.73,8046.32,356.97
FARM-03673,Cotton,149.62,62.6,8583.58,1184.156803579846
FARM-03674,Maize,182.5,81.22,5481.61,469.2
FARM-03675,Cotton,140.68,81.32,7217.51,428.43
FARM-03676,Maize,181.8,68.22,4915.22,265.74
FARM-03677,Maize,,312.19140330462,5329.66,304.4
FARM-03678,Soybean,39.82,68.68,3986.1,298.22
FARM-03679,Maize,184.57,101.52,5566.1,422.39
FARM-03680,Rice,149.04,113.92,10170.74,650.85
FARM-03681,Wheat,110.99,47.98,17797.99035208294,209.49
FARM-03682,Wheat,118.29,45.37,4156.15,191.31
FARM-03683,Soybean,43.51,49.82,3828.21,188.1
FARM-03684,Maize,197.3,69.56,4921.39,226.03
FARM-03685,Cotton,140.14,66.74,7800.45,431.32
FARM-03686,Soybean,45.6,55.1,4032.2,195.7
FARM-03687,Rice,134.2,71.8,9358.66,473.18
FARM-03688,Maize,206.86,74.65,4977.88,427.0
FARM-03689,Maize,179.04,72.88,4178.56,257.67
FARM-03690,Soybean,44.36,32.22,3991.89,125.8
FARM-03691,Sugarcane,203.82,91.89,17812.74,557.07
FARM-03692,Wheat,117.17,74.21,3931.4,281.32
FARM-03693,Rice,134.44,71.09,10572.29,425.12
FARM-03694,Cotton,158.35,38.15,8484.76,194.34
FARM-03695,Soybean,47.91,62.11,4813.5,292.93
FARM-03696,Soybean,41.7,48.41,3542.56,180.03
FARM-03697,Cotton,146.74,80.28,7783.07,463.21
FARM-03698,Wheat,125.03,54.48,4157.61,236.75
FARM-03699,Soybean,51.23,53.5,3898.96,202.59
FARM-03700,Sugarcane,208.84,71.98,16198.3,472.09
FARM-03701,Maize,160.77,76.29,4688.27,353.95
FARM-03702,Maize,172.38,71.65,4397.9,358.45
FARM-03703,Soybean,48.42,59.83,3218.66,214.78
FARM-03704,Maize,169.95,44.11,5484.48,205.44
FARM-03705,Rice,127.5,54.24,8769.72,331.92
FARM-03706,Cotton,171.74,63.47,7776.61,344.77
FARM-03707,Soybean,44.59,34.04,,192.23
FARM-03708,Wheat,135.92,48.31,4876.58,
FARM-03709,Soybean,50.06,52.46,4263.72,233.25
FARM-03710,Cotton,165.24,64.57,7337.47,301.08
FARM-03711,Rice,128.07,96.98,9965.58,398.25
FARM-03712,Rice,147.36,57.81,9187.79,228.35
FARM-03713,Cotton,156.98,65.18,8010.87,414.62
FARM-03714,Soybean,44.86,62.41,4018.15,288.67
FARM-03715,Soybean,44.66,47.82,3791.27,191.77
FARM-03716,Rice,142.18,77.99,10255.8,384.86
FARM-03717,Wheat,142.15,57.12,3478.44,223.58
FARM-03718,Wheat,131.61,50.13,4257.36,157.52
FARM-03719,Maize,,70.89,5176.34,314.3
FARM-03720,Cotton,126.42,80.65,7324.19,350.98
FARM-03721,Wheat,126.94,46.13,3432.08,191.32
FARM-03722,Wheat,104.39,58.09,4517.36,269.45
FARM-03723,Wheat,120.94,68.99,3497.0,331.71
FARM-03724,Soybean,41.48,55.58,4544.48,227.64
FARM-03725,Cotton,149.25,61.02,6886.49,427.39
FARM-03726,Cotton,160.62,75.89,7775.26,314.04
FARM-03727,Rice,148.22,68.64,9782.66,384.91
FARM-03728,Soybean,39.11,58.27,3691.22,197.62
FARM-03729,Maize,183.99,85.02,4961.8,319.54
FARM-03730,Rice,169.22,86.61,9807.37,477.21
FARM-03731,Soybean,49.49,58.94,4061.04,205.36
FARM-03732,Cotton,142.33,69.5,7620.53,370.87
FARM-03733,Wheat,114.59,68.9,4060.63,258.98
FARM-03734,Wheat,130.06,60.22,3639.49,248.6
FARM-03735,Soybean,38.95,,4411.16,182.31
FARM-03736,Cotton,151.2,70.18,6772.57,413.21
FARM-03737,Maize,173.21,80.08,5084.0,364.99
FARM-03738,Rice,158.43,87.52,10910.86,534.61
FARM-03739,Rice,174.0,100.55,9344.41,696.49
FARM-03740,Wheat,127.4,71.89,4078.43,286.25
FARM-03741,Wheat,105.34,50.9,4442.74,219.18
FARM-03742,Wheat,147.6,58.43,4687.65,231.27
FARM-03743,Cotton,170.8,64.42,7082.64,257.05
FARM-03744,Rice,151.25,118.67,9777.87,569.4
FARM-03745,Maize,199.89,51.46,4404.25,260.47
FARM-03746,Rice,161.07,87.59,8884.48,548.26
FARM-03747,Maize,173.78,83.35,4820.81,371.19
FARM-03748,Maize,211.89,68.8,4658.29,324.72
FARM-03749,Wheat,132.52,43.21,4401.19,153.24
FARM-03750,Soybean,45.31,44.74,3747.17,224.8
FARM-03751,Soybean,41.25,61.33,4318.52,291.76
FARM-03752,Soybean,39.13,73.43,3775.25,285.96
FARM-03753,Soybean,40.86,44.32,4085.64,131.67
FARM-03754,Sugarcane,204.28,102.56,17886.14,610.15
FARM-03755,Maize,190.5,80.35,5186.12,235.01
FARM-03756,Wheat,114.35,60.01,4798.87,240.44
FARM-03757,Sugarcane,190.42,81.46,16378.09,412.76
FARM-03758,Cotton,161.31,56.07,8668.65,251.59
FARM-03759,Sugarcane,,127.61,17533.88,657.62
FARM-03760,Wheat,128.31,65.07,4381.05,308.81
FARM-03761,Sugarcane,232.57,100.27,17897.23,682.31
FARM-03762,Rice,163.6,89.99,8600.76,552.3
FARM-03763,Maize,185.65,70.88,5351.68,351.56
FARM-03764,Wheat,114.39,45.75,3672.96,247.06
FARM-03765,Soybean,47.48,60.92,3713.37,243.35
FARM-03766,Cotton,133.72,62.66,8482.83,234.0
FARM-03767,Soybean,47.15,,3473.25,154.08
FARM-03768,Rice,165.91,79.35,10271.74,423.94
FARM-03769,Rice,162.98,58.89,9698.97,319.73
FARM-03770,Soybean,39.23,52.99,4094.78,205.96
FARM-03771,Rice,156.62,86.83,10314.34,547.11
FARM-03772,Soybean,45.21,37.39,4159.37,240.09
FARM-03773,Cotton,151.58,53.82,7440.46,289.32
FARM-03774,Soybean,44.32,58.62,3417.11,222.39
FARM-03775,Wheat,126.79,51.23,4104.08,274.64
FARM-03776,Soybean,49.11,41.58,4732.82,180.43
FARM-03777,Soybean,42.22,67.31,4479.11,334.98
FARM-03778,Soybean,45.02,33.49,4074.08,175.85
FARM-03779,Sugarcane,216.94,103.24,17431.78,563.67
FARM-03780,Sugarcane,188.02,110.69,16783.68,675.17
FARM-03781,Sugarcane,,89.82,17611.89,385.39
FARM-03782,Maize,178.81,69.17,5312.52,264.08
FARM-03783,Soybean,36.56,57.18,4381.46,250.5
FARM-03784,Maize,181.33,78.54,5557.18,356.66
FARM-03785,Sugarcane,244.46,107.34,16697.39,494.36
FARM-03786,Wheat,108.19,56.4,4058.37,228.01
FARM-03787,Wheat,120.73,43.02,3317.32,159.25
FARM-03788,Maize,171.05,64.93,4851.2,217.71
FARM-03789,Wheat,120.51,44.97,4316.55,223.21
FARM-03790,Maize,198.88,72.47,5377.19,327.54
FARM-03791,Sugarcane,236.75,103.73,18835.38,577.44
FARM-03792,Sugarcane,236.4,85.17,17443.39,548.73
FARM-03793,Soybean,45.44,58.26,4149.6,216.03
FARM-03794,Rice,160.32,57.78,9838.99,
FARM-03795,Sugarcane,213.02,106.97,19585.91,625.18
FARM-03796,Sugarcane,219.42,105.74,16592.36,672.44
FARM-03797,Wheat,120.15,45.83,3950.03,183.47
FARM-03798,Maize,176.91,66.63,4617.67,283.13
FARM-03799,Wheat,125.64,61.25,4128.19,156.14
FARM-03800,Sugarcane,185.98,102.68,18805.27,387.48
FARM-03801,Rice,128.21,87.97,9159.31,380.34
FARM-03802,Sugarcane,222.61,72.57,16423.35,326.83
FARM-03803,Cotton,150.82,44.65,8242.3,246.7
FARM-03804,Cotton,160.06,65.05,7268.18,356.08
FARM-03805,Sugarcane,215.24,130.36,17044.98,607.46
FARM-03806,Sugarcane,213.21,130.26,17741.31,766.68
FARM-03807,Sugarcane,210.69,119.1,17213.23,626.98
FARM-03808,Rice,137.26,69.45,10754.82,592.07
FARM-03809,Maize,183.98,66.29,5375.16,293.07
FARM-03810,Wheat,126.27,55.75,3895.23,207.41
FARM-03811,Soybean,43.82,54.29,3930.37,282.27
FARM-03812,Cotton,134.8,71.25,6014.58,371.79
FARM-03813,Maize,210.75,98.86,4803.47,336.65
FARM-03814,Sugarcane,240.87,74.68,17306.04,601.01
FARM-03815,Maize,180.65,75.04,5461.35,316.94
FARM-03816,Sugarcane,197.3,73.68,18753.0,430.01
FARM-03817,Cotton,136.88,71.64,6912.91,
FARM-03818,Wheat,126.94,47.73,10925.969877808258,146.47
FARM-03819,Rice,148.73,78.82,10139.78,401.64
FARM-03820,Soybean,41.67,49.19,4042.71,161.86
FARM-03821,Cotton,160.56,59.37,7579.96,377.77
FARM-03822,Rice,163.64,108.31,11249.39,542.44
FARM-03823,Soybean,55.84,62.55,3631.32,344.86
FARM-03824,Soybean,52.05,59.66,3803.01,168.93
FARM-03825,Cotton,146.72,59.95,7454.17,398.04
FARM-03826,Sugarcane,228.47,56.0,17122.82,286.21
FARM-03827,Cotton,127.08,47.64,7438.51,269.31
FARM-03828,Cotton,169.5,50.65,,246.76
FARM-03829,Soybean,35.95,66.51,3669.22,312.67
FARM-03830,Soybean,42.9,53.1,4069.71,195.37
FARM-03831,Wheat,112.66,44.44,3301.43,164.47
FARM-03832,Rice,153.12,57.03,9795.28,279.8
FARM-03833,Maize,197.65,53.81,4667.46,244.29
FARM-03834,Rice,,80.82,10369.02,390.11
FARM-03835,Rice,132.3,77.61,11903.24,520.73
FARM-03836,Sugarcane,205.32,109.63,17642.52,631.74
FARM-03837,Cotton,131.8,54.61,7845.76,306.32
FARM-03838,Rice,152.04,108.8,9950.51,590.34
FARM-03839,Rice,150.94,69.96,8664.95,423.82
FARM-03840,Soybean,50.54,50.93,4511.41,241.63
FARM-03841,Wheat,113.33,,4020.26,248.22
FARM-03842,Soybean,55.73,58.45,3618.78,243.36
FARM-03843,Cotton,169.15,66.14,7866.15,337.19
FARM-03844,Rice,165.25,113.93,9512.74,498.2
FARM-03845,Wheat,134.58,63.01,4462.06,649.7314022196637
FARM-03846,Rice,162.23,72.47,9791.68,532.69
FARM-03847,Soybean,39.68,59.78,,253.84
FARM-03848,Soybean,40.37,51.26,4717.91,230.16
FARM-03849,Cotton,,63.39,7814.06,267.84
FARM-03850,Wheat,145.39,53.1,3789.16,188.81
FARM-03851,Soybean,42.63,46.44,3982.48,193.78
FARM-03852,Wheat,143.74,44.64,3954.42,175.7
FARM-03853,Wheat,113.12,59.21,3985.44,277.11
FARM-03854,Rice,157.78,73.4,9317.32,439.25
FARM-03855,Wheat,110.3,63.24,4137.67,221.02
FARM-03856,Maize,206.47,71.35,5438.12,285.97
FARM-03857,Soybean,51.22,55.06,4036.15,187.88
FARM-03858,Sugarcane,214.83,94.99,17056.19,495.17
FARM-03859,Maize,200.17,80.18,4796.61,281.68
FARM-03860,Soybean,47.64,60.22,4099.94,212.51
FARM-03861,Rice,135.73,93.45,8899.36,648.32
FARM-03862,Sugarcane,192.26,102.31,17667.13,492.59
FARM-03863,Wheat,103.61,44.26,3158.34,187.54
FARM-03864,Maize,196.55,54.06,5584.01,225.67
FARM-03865,Cotton,174.82,88.84,8075.37,401.63
FARM-03866,Cotton,,59.76,7069.22,312.9
FARM-03867,Rice,147.13,71.2,,380.14
FARM-03868,Soybean,43.25,58.49,4219.02,220.08
FARM-03869,Cotton,144.47,46.48,7057.56,268.2
FARM-03870,Maize,182.59,59.05,4423.91,328.58
FARM-03871,Wheat,144.04,47.18,3266.57,220.5
FARM-03872,Soybean,36.22,45.48,3563.06,193.61
FARM-03873,Sugarcane,188.15,119.34,16870.78,545.06
FARM-03874,Cotton,139.81,60.26,6350.75,406.58
FARM-03875,Cotton,164.98,50.44,7963.56,271.78
FARM-03876,Cotton,142.16,60.42,6929.57,336.07
FARM-03877,Rice,157.08,93.86,10260.72,554.44
FARM-03878,Wheat,124.06,73.23,4445.49,250.76
FARM-03879,Cotton,133.25,94.23,8182.8,425.75
FARM-03880,Soybean,46.15,33.5,4681.85,144.61
FARM-03881,Maize,192.71,66.04,5845.23,244.41
FARM-03882,Sugarcane,225.24,82.43,15487.78,451.7
FARM-03883,Sugarcane,218.91,119.94,16262.31,602.79
FARM-03884,Sugarcane,196.6,127.08,15465.18,593.32
FARM-03885,Soybean,37.31,68.62,3536.46,254.93
FARM-03886,Cotton,148.57,,7569.33,232.01
FARM-03887,Rice,132.56,108.15,8566.36,556.52
FARM-03888,Wheat,132.77,57.11,3513.18,281.12
FARM-03889,Maize,182.39,69.61,4947.33,293.43
FARM-03890,Cotton,152.4,91.59,7835.38,501.45
FARM-03891,Sugarcane,191.63,75.08,17822.57,372.29
FARM-03892,Cotton,130.35,43.6,7043.0,266.06
FARM-03893,Sugarcane,224.06,87.09,17436.81,513.51
FARM-03894,Rice,141.36,53.13,9720.43,241.88
FARM-03895,Soybean,32.07,66.08,3525.08,916.5111765635048
FARM-03896,Cotton,141.04,,7558.98,
FARM-03897,Soybean,33.57,50.9,3843.68,213.23
FARM-03898,Cotton,142.79,63.9,6601.62,1222.7189815166269
FARM-03899,Maize,180.24,69.41,5149.59,201.78
FARM-03900,Soybean,48.61,60.54,3887.04,938.9712137002516
FARM-03901,Sugarcane,227.53,86.02,16818.81,468.04
FARM-03902,Cotton,164.29,76.0,,445.01
FARM-03903,Wheat,,58.85,4212.72,250.89
FARM-03904,Rice,163.75,74.75,9340.71,589.75
FARM-03905,Soybean,51.41,37.69,3869.17,183.14
FARM-03906,Cotton,147.74,52.46,8714.3,351.21
FARM-03907,Maize,154.56,59.57,4496.87,264.55
FARM-03908,Rice,128.16,82.56,10308.26,634.28
FARM-03909,Sugarcane,206.85,97.06,17313.23,410.84
FARM-03910,Maize,196.55,70.81,4573.0,361.49
FARM-03911,Maize,685.9439993250475,92.55,5165.34,376.56
FARM-03912,Sugarcane,200.0,94.32,16404.07,616.52
FARM-03913,Cotton,155.56,42.9,,232.57
FARM-03914,Sugarcane,185.18,95.43,17574.52,621.63
FARM-03915,Cotton,171.77,47.79,,
FARM-03916,Maize,185.77,74.9,5102.25,332.03
FARM-03917,Soybean,39.56,64.26,4509.92,255.04
FARM-03918,Sugarcane,241.75,107.4,18272.87,518.69
FARM-03919,Maize,174.41,77.86,,373.0
FARM-03920,Soybean,40.72,67.25,4010.06,281.92
FARM-03921,Wheat,122.7,61.92,3202.7,178.28
FARM-03922,Soybean,48.66,57.49,3771.36,209.24
FARM-03923,Sugarcane,208.63,100.05,16833.31,532.78
FARM-03924,Cotton,149.36,68.51,7636.07,324.82
FARM-03925,Rice,163.93,82.19,8746.41,460.7
FARM-03926,Wheat,124.04,64.69,4106.94,259.56
FARM-03927,Wheat,115.52,51.04,4164.83,262.88
FARM-03928,Maize,159.38,61.16,4226.5,234.31
FARM-03929,Soybean,48.41,34.71,4789.02,193.14
FARM-03930,Wheat,137.54,52.7,4599.44,
FARM-03931,Maize,187.22,74.42,4923.9,337.47
FARM-03932,Maize,195.87,84.73,,297.36
FARM-03933,Cotton,141.45,40.01,6355.76,220.69
FARM-03934,Cotton,148.96,77.66,7997.68,392.25
FARM-03935,Wheat,115.5,48.23,4234.2,196.22
FARM-03936,Soybean,35.85,61.25,4566.15,257.47
FARM-03937,Sugarcane,206.03,90.0,16952.26,575.47
FARM-03938,Cotton,174.63,79.03,7990.59,437.4
FARM-03939,Rice,152.14,80.57,9272.86,471.33
FARM-03940,Cotton,140.5,55.56,19693.221916652197,296.03
FARM-03941,Soybean,46.06,74.92,4804.75,
FARM-03942,Soybean,50.19,53.7,3232.27,200.72
FARM-03943,Cotton,143.98,87.66,7181.08,
FARM-03944,Cotton,161.59,54.69,8099.15,358.05
FARM-03945,Wheat,298.79581820952006,46.88,3909.57,236.85
FARM-03946,Cotton,141.79,65.08,7927.92,
FARM-03947,Maize,161.24,73.05,5343.27,234.7
FARM-03948,Maize,177.09,181.1146588003234,5356.0,320.21
FARM-03949,Rice,159.59,85.69,10657.24,519.21
FARM-03950,Sugarcane,204.46,89.58,18066.68,527.03
FARM-03951,Maize,209.16,,5072.35,239.29
FARM-03952,Maize,208.83,75.97,4428.57,437.24
FARM-03953,Sugarcane,189.52,56.0,17578.33,340.49
FARM-03954,Cotton,127.83,62.5,7833.19,337.19
FARM-03955,Sugarcane,216.33,79.51,17484.0,356.72
FARM-03956,Maize,198.8,57.04,5064.98,279.92
FARM-03957,Cotton,146.6,63.5,8229.0,319.74
FARM-03958,Rice,160.27,88.02,9816.31,397.48
FARM-03959,Soybean,45.46,59.01,3907.85,309.59
FARM-03960,Cotton,163.48,67.59,8768.28,354.91
FARM-03961,Wheat,127.68,46.86,3879.44,247.76
FARM-03962,Sugarcane,215.55,89.89,17465.21,532.63
FARM-03963,Wheat,107.14,41.53,4389.55,141.78
FARM-03964,Cotton,152.97,60.2,7990.14,357.6
FARM-03965,Rice,163.76,42.0,9884.55,256.45
FARM-03966,Wheat,118.17,53.09,4327.54,207.03
FARM-03967,Sugarcane,218.88,103.04,19179.54,398.31
FARM-03968,Sugarcane,238.01,92.3,17511.87,539.67
FARM-03969,Wheat,134.78,48.87,4250.67,169.34
FARM-03970,Rice,121.49,84.99,11423.91,504.17
FARM-03971,Sugarcane,232.97,83.62,18320.01,463.3
FARM-03972,Wheat,127.42,58.33,4609.64,216.86
FARM-03973,Maize,,65.44,4436.67,292.5
FARM-03974,Wheat,139.45,64.29,4104.11,189.67
FARM-03975,Sugarcane,228.57,109.2,17006.67,700.79
FARM-03976,Maize,178.05,81.84,4602.4,302.57
FARM-03977,Wheat,138.5,38.37,4596.08,150.03
FARM-03978,Wheat,121.46,36.38,3952.14,137.44
FARM-03979,Sugarcane,224.59,97.0,16059.32,535.64
FARM-03980,Cotton,134.32,72.43,8320.91,380.96
FARM-03981,Sugarcane,228.22,72.5,17386.83,366.81
FARM-03982,Cotton,158.12,46.94,7474.83,298.68
FARM-03983,Soybean,47.63,,4836.8,239.7
FARM-03984,Rice,176.55,45.1,10888.96,320.71
FARM-03985,Sugarcane,237.95,89.8,18746.36,503.05
FARM-03986,Soybean,48.05,56.47,3642.36,181.76
FARM-03987,Sugarcane,214.9,84.31,19383.27,499.15
FARM-03988,Maize,196.63,60.02,5225.63,359.29
FARM-03989,Cotton,154.18,55.87,7458.85,291.99
FARM-03990,Wheat,125.8,53.79,3186.68,232.98
FARM-03991,Soybean,47.04,56.15,3546.77,188.85
FARM-03992,Soybean,31.48,52.25,3927.4,211.03
FARM-03993,Soybean,55.93,44.91,4738.73,194.55
FARM-03994,Cotton,142.13,64.88,7939.9,329.64
FARM-03995,Wheat,133.62,54.05,4695.04,166.95
FARM-03996,Wheat,123.13,48.11,3930.14,217.69
FARM-03997,Cotton,160.85,65.04,7068.56,377.08
FARM-03998,Cotton,158.57,58.18,6698.96,354.26
FARM-03999,Sugarcane,195.16,106.94,18319.2,635.9
FARM-04000,Rice,163.63,62.1,9375.09,464.94
FARM-04001,Cotton,151.89,74.7,7993.12,443.1
FARM-04002,Wheat,126.4,71.2,3826.69,218.23
FARM-04003,Maize,199.65,67.62,4950.6,334.02
FARM-04004,Sugarcane,228.95,107.16,18384.84,621.47
FARM-04005,Rice,127.3,88.73,10743.72,399.7
FARM-04006,Wheat,137.71,60.13,4549.09,265.29
FARM-04007,Soybean,37.44,46.23,3616.77,207.43
FARM-04008,Sugarcane,775.3404085291197,83.7,17686.36,473.62
FARM-04009,Sugarcane,236.15,92.79,16480.24,534.68
FARM-04010,Sugarcane,225.24,56.0,18514.34,305.34
FARM-04011,Sugarcane,200.33,92.32,17246.66,575.5
FARM-04012,Maize,177.07,69.34,4827.78,328.44
FARM-04013,Soybean,41.13,63.47,4230.6,278.49
FARM-04014,Cotton,175.71,70.0,6937.43,254.87
FARM-04015,Sugarcane,215.12,70.45,16346.64,390.21
FARM-04016,Rice,168.36,83.6,9958.4,430.74
FARM-04017,Rice,177.91,95.65,10614.26,582.98
FARM-04018,Wheat,135.22,44.36,4098.58,190.74
FARM-04019,Sugarcane,223.15,94.9,17393.76,472.75
FARM-04020,Rice,152.78,84.77,10195.46,451.72
FARM-04021,Wheat,127.58,45.72,3665.0,235.5
FARM-04022,Sugarcane,227.45,119.39,16584.61,502.93
FARM-04023,Cotton,170.58,66.13,6771.46,307.13
FARM-04024,Sugarcane,214.31,80.79,18696.12,523.29
FARM-04025,Wheat,139.55,56.24,4527.78,231.13
FARM-04026,Soybean,51.78,72.3,4556.24,250.04
FARM-04027,Sugarcane,194.52,108.15,17842.63,619.52
FARM-04028,Sugarcane,201.41,109.4,60216.33307388324,481.98
FARM-04029,Sugarcane,245.64,92.63,17391.96,567.52
FARM-04030,Cotton,165.11,65.41,7434.16,328.42
FARM-04031,Soybean,45.71,48.41,3799.88,272.87
FARM-04032,Soybean,51.4,64.28,3968.08,280.1
FARM-04033,Soybean,36.65,45.3,3703.07,244.27
FARM-04034,Soybean,44.96,64.81,3827.68,240.67
FARM-04035,Maize,204.96,60.23,4995.55,271.1
FARM-04036,Cotton,138.34,49.27,7147.2,281.72
FARM-04037,Rice,488.1811178187577,69.35,9404.79,345.25
FARM-04038,Cotton,156.44,83.6,8884.25,379.11
FARM-04039,Sugarcane,235.07,80.66,17302.02,449.41
FARM-04040,Rice,146.12,84.39,9415.44,428.05
FARM-04041,Soybean,53.3,77.76,3926.56,254.08
FARM-04042,Wheat,126.43,54.6,3865.51,186.04
FARM-04043,Rice,171.04,86.08,10832.42,482.32
FARM-04044,Maize,178.76,81.89,5157.48,375.6
FARM-04045,Maize,187.7,58.63,4656.83,276.25
FARM-04046,Cotton,153.44,71.26,7092.25,343.56
FARM-04047,Wheat,127.2,62.62,4407.52,239.15
FARM-04048,Wheat,121.51,37.05,3956.39,128.2
FARM-04049,Maize,175.0,77.9,5302.95,804.7929240947796
FARM-04050,Cotton,159.5,76.97,8190.15,443.21
FARM-04051,Cotton,154.77,67.54,6726.86,294.58
FARM-04052,Cotton,153.51,58.43,8450.26,229.51
FARM-04053,Sugarcane,219.59,79.13,18776.31,536.25
FARM-04054,Soybean,,71.17,4112.47,339.36
FARM-04055,Soybean,47.17,66.32,4897.15,309.31
FARM-04056,Cotton,161.0,61.42,7604.63,432.39
FARM-04057,Cotton,159.37,62.99,7651.01,408.99
FARM-04058,Cotton,173.49,58.49,7711.04,338.1
FARM-04059,Soybean,39.43,40.6,4405.1,177.27
FARM-04060,Soybean,49.76,52.55,3898.15,198.61
FARM-04061,Maize,186.12,60.75,4707.46,321.1
FARM-04062,Sugarcane,199.4,114.66,18212.67,599.77
FARM-04063,Sugarcane,687.8321936457219,93.03,18671.81,485.33
FARM-04064,Maize,194.04,97.95,4918.62,269.07
FARM-04065,Wheat,116.83,185.42796122811205,12674.276370395268,301.85
FARM-04066,Cotton,135.44,64.86,7803.38,385.05
FARM-04067,Wheat,133.62,49.6,4186.96,192.34
FARM-04068,Wheat,119.13,54.07,3625.29,284.97
FARM-04069,Wheat,123.53,58.38,3939.81,305.43
FARM-04070,Wheat,112.66,50.3,4161.63,307.4
FARM-04071,Wheat,136.1,47.13,4643.49,191.46
FARM-04072,Soybean,50.55,67.94,4581.57,273.43
FARM-04073,Wheat,105.42,56.66,3864.97,228.74
FARM-04074,Cotton,132.62,57.32,7164.25,285.6
FARM-04075,Rice,138.47,77.42,10319.69,458.74
FARM-04076,Sugarcane,214.86,93.71,17055.4,489.9
FARM-04077,Maize,171.76,76.92,4764.36,290.94
FARM-04078,Rice,142.08,82.19,9249.4,518.08
FARM-04079,Cotton,,62.27,6764.6,372.23
FARM-04080,Soybean,41.14,70.31,3811.56,287.41
FARM-04081,Maize,188.1,65.69,4587.67,306.84
FARM-04082,Soybean,47.02,52.23,3985.23,190.67
FARM-04083,Soybean,49.43,52.08,3561.45,202.82
FARM-04084,Maize,197.33,85.54,4961.78,332.51
FARM-04085,Sugarcane,215.17,88.13,18571.54,529.78
FARM-04086,Cotton,159.99,66.78,8684.17,398.77
FARM-04087,Soybean,42.05,52.12,4587.86,249.86
FARM-04088,Soybean,46.28,46.37,3882.01,169.43
FARM-04089,Soybean,35.17,67.45,3303.01,208.93
FARM-04090,Wheat,118.77,43.59,4237.66,207.79
FARM-04091,Sugarcane,217.26,88.45,16277.97,477.69
FARM-04092,Rice,133.08,94.18,8973.24,476.85
FARM-04093,Soybean,51.15,65.0,4674.36,295.35
FARM-04094,Maize,189.07,78.77,4187.48,384.36
FARM-04095,Maize,183.7,59.43,5571.84,246.75
FARM-04096,Maize,184.96,77.56,4899.24,226.06
FARM-04097,Sugarcane,225.56,108.79,19135.17,636.1
FARM-04098,Wheat,125.92,57.91,3957.59,228.33
FARM-04099,Cotton,150.56,285.1452642293325,7022.95,375.59
FARM-04100,Wheat,115.74,52.22,4432.85,156.47
FARM-04101,Sugarcane,210.87,,17883.85,441.18
FARM-04102,Sugarcane,221.24,92.59,17083.05,377.1
FARM-04103,Soybean,47.1,67.86,3861.11,206.51
FARM-04104,Rice,145.6,112.72,9799.99,537.71
FARM-04105,Sugarcane,214.1,81.72,17713.47,358.9
FARM-04106,Rice,149.6,94.89,9681.28,484.58
FARM-04107,Cotton,154.74,46.92,6872.41,325.09
FARM-04108,Rice,160.45,76.78,9552.6,313.06
FARM-04109,Soybean,39.15,62.41,3417.91,250.25
FARM-04110,Cotton,129.46,74.85,7242.26,323.65
FARM-04111,Sugarcane,236.67,74.2,16742.05,505.39
FARM-04112,Rice,142.61,74.87,11466.13,286.24
FARM-04113,Rice,159.13,88.03,11072.59,604.33
FARM-04114,Wheat,120.07,52.25,3483.3,272.38
FARM-04115,Maize,521.6413106430036,56.19,4206.41,281.89
FARM-04116,Maize,187.68,,4646.85,319.52
FARM-04117,Maize,177.01,64.57,5014.58,264.79
FARM-04118,Sugarcane,212.87,84.59,17107.83,578.08
FARM-04119,Rice,156.77,77.81,10339.92,495.69
FARM-04120,Maize,216.73,59.6,5010.84,260.09
FARM-04121,Soybean,41.87,43.18,3767.55,204.19
FARM-04122,Soybean,47.23,59.78,4775.61,232.87
FARM-04123,Soybean,50.59,54.76,4562.81,195.02
FARM-04124,Rice,168.52,100.03,10210.46,388.1
FARM-04125,Wheat,117.93,61.91,4005.94,216.95
FARM-04126,Wheat,121.95,42.41,4327.11,183.82
FARM-04127,Maize,200.38,57.75,5220.03,330.96
FARM-04128,Maize,157.61,77.66,5388.17,370.09
FARM-04129,Soybean,41.89,40.99,4120.74,216.07
FARM-04130,Wheat,145.03,46.75,4002.14,173.14
FARM-04131,Soybean,39.88,59.94,,198.61
FARM-04132,Maize,186.09,58.04,4554.01,339.94
FARM-04133,Rice,147.97,95.51,9827.03,516.29
FARM-04134,Maize,185.19,72.63,5146.13,335.21
FARM-04135,Soybean,,48.3,10873.182050965179,158.29
FARM-04136,Soybean,38.75,48.55,3881.45,180.93
FARM-04137,Sugarcane,218.17,129.81,18500.34,487.53
FARM-04138,Rice,156.69,74.67,10574.71,286.2
FARM-04139,Wheat,131.97,75.86,3730.21,312.56
FARM-04140,Maize,151.59,40.16,4939.75,237.62
FARM-04141,Soybean,55.79,52.27,3633.35,207.1
FARM-04142,Rice,131.37,61.66,10350.72,352.11
FARM-04143,Cotton,150.71,89.1,7079.8,426.99
FARM-04144,Sugarcane,192.98,95.08,18447.78,627.84
FARM-04145,Cotton,141.44,94.83,8025.68,342.25
FARM-04146,Sugarcane,225.63,95.41,19677.79,494.56
FARM-04147,Maize,194.97,76.7,5155.95,309.79
FARM-04148,Wheat,110.08,66.92,3226.73,320.44
FARM-04149,Cotton,165.25,90.8,6131.61,462.23
FARM-04150,Rice,152.99,102.14,9983.56,469.43
FARM-04151,Wheat,126.6,51.94,3522.78,201.43
FARM-04152,Soybean,46.36,63.47,,336.23
FARM-04153,Cotton,171.37,60.25,6837.34,275.76
FARM-04154,Rice,137.92,70.93,9358.47,470.81
FARM-04155,Wheat,128.48,245.073332672839,4506.81,247.36
FARM-04156,Sugarcane,196.2,93.36,17046.39,537.39
FARM-04157,Sugarcane,210.77,100.62,16438.01,557.72
FARM-04158,Wheat,122.87,64.91,3815.41,191.88
FARM-04159,Wheat,126.17,46.45,,211.82
FARM-04160,Soybean,36.37,49.7,4488.35,211.21
FARM-04161,Sugarcane,207.76,88.08,16599.64,444.87
FARM-04162,Wheat,113.48,52.47,4512.49,250.93
FARM-04163,Cotton,161.32,62.69,8441.1,310.49
FARM-04164,Soybean,57.01,55.42,3901.23,237.32
FARM-04165,Sugarcane,215.85,65.77,17878.43,417.93
FARM-04166,Sugarcane,226.59,89.28,18308.18,514.08
FARM-04167,Soybean,39.51,65.9,4229.47,295.99
FARM-04168,Sugarcane,225.47,75.03,18784.32,343.15
FARM-04169,Rice,164.96,91.93,10298.76,492.49
FARM-04170,Sugarcane,221.75,94.51,18773.95,524.55
FARM-04171,Soybean,51.53,57.88,3632.7,234.52
FARM-04172,Soybean,49.56,,4524.32,271.87
FARM-04173,Maize,197.32,54.94,4857.08,257.65
FARM-04174,Wheat,139.58,54.85,4325.52,177.86
FARM-04175,Cotton,159.14,67.31,8096.53,404.94
FARM-04176,Cotton,156.39,71.4,7780.77,356.44
FARM-04177,Cotton,145.58,,6143.05,420.94
FARM-04178,Rice,144.79,98.02,9436.37,517.12
FARM-04179,Cotton,163.67,88.45,7172.27,510.84
FARM-04180,Cotton,161.12,71.16,6931.53,305.39
FARM-04181,Cotton,125.43,65.52,6941.9,394.88
FARM-04182,Sugarcane,225.8,74.21,19018.93,395.4
FARM-04183,Soybean,48.02,48.82,4438.88,201.01
FARM-04184,Maize,188.48,66.0,4678.43,358.68
FARM-04185,Soybean,40.63,68.15,3667.73,274.33
FARM-04186,Wheat,126.57,71.25,3657.24,174.95
FARM-04187,Sugarcane,211.25,137.69,53730.40460349657,724.58
FARM-04188,Wheat,126.27,74.87,3702.4,210.9
FARM-04189,Wheat,131.32,40.58,3989.84,169.53
FARM-04190,Wheat,115.41,56.03,3754.4,162.0
FARM-04191,Rice,133.64,84.03,10333.11,466.62
FARM-04192,Wheat,115.44,53.7,3506.71,207.5
FARM-04193,Cotton,150.67,75.51,7789.88,279.89
FARM-04194,Rice,170.99,71.17,10612.46,384.91
FARM-04195,Maize,193.41,65.0,5607.85,262.79
FARM-04196,Cotton,159.59,64.89,8483.87,341.98
FARM-04197,Cotton,172.58,68.63,7183.0,487.93
FARM-04198,Cotton,136.73,70.9,8131.79,469.09
FARM-04199,Soybean,44.31,50.19,3909.03,171.02
FARM-04200,Wheat,139.72,72.22,3989.88,
FARM-04201,Soybean,46.2,48.06,4074.47,242.1
FARM-04202,Sugarcane,211.98,99.87,18813.55,388.97
FARM-04203,Cotton,155.45,62.07,7462.29,344.06
FARM-04204,Wheat,113.91,54.71,3329.58,193.45
FARM-04205,Maize,154.32,95.06,4911.08,348.25
FARM-04206,Maize,214.89,91.89,5149.98,229.91
FARM-04207,Rice,146.62,85.37,9602.71,488.15
FARM-04208,Wheat,127.71,69.43,4380.62,216.6
FARM-04209,Wheat,117.96,61.87,3926.71,246.58
FARM-04210,Wheat,136.38,84.96,3954.97,360.61
FARM-04211,Soybean,39.05,57.27,4920.42,266.34
FARM-04212,Maize,196.45,41.95,4817.51,259.08
FARM-04213,Wheat,127.12,59.84,3257.13,225.28
FARM-04214,Cotton,159.45,64.13,7244.19,394.79
FARM-04215,Rice,138.07,84.5,9808.14,321.55
FARM-04216,Wheat,128.31,55.72,3986.63,291.0
FARM-04217,Wheat,118.61,53.65,4243.44,226.55
FARM-04218,Rice,151.68,70.82,9944.16,469.02
FARM-04219,Maize,184.5,53.89,5216.29,265.36
FARM-04220,Sugarcane,219.44,102.19,18334.42,477.43
FARM-04221,Wheat,124.94,57.91,4079.55,220.4
FARM-04222,Cotton,163.99,50.2,8078.72,278.13
FARM-04223,Wheat,117.37,51.29,4156.64,247.76
FARM-04224,Rice,128.59,86.9,8556.02,441.11
FARM-04225,Sugarcane,223.54,115.22,17123.39,611.92
FARM-04226,Wheat,122.73,57.87,13618.917693046262,202.65
FARM-04227,Wheat,115.36,69.51,4673.77,290.44
FARM-04228,Sugarcane,215.12,94.65,17574.66,501.97
FARM-04229,Wheat,138.67,67.11,3737.15,284.97
FARM-04230,Wheat,132.48,41.99,3268.56,178.01
FARM-04231,Soybean,40.5,65.62,4381.44,269.2
FARM-04232,Maize,161.52,68.12,5431.65,271.33
FARM-04233,Maize,203.45,45.39,4677.26,228.16
FARM-04234,Cotton,163.32,68.69,7688.03,317.54
FARM-04235,Soybean,41.51,42.03,3379.12,186.7
FARM-04236,Soybean,54.86,58.34,4527.13,241.03
FARM-04237,Wheat,132.89,65.1,3934.71,234.03
FARM-04238,Rice,150.14,109.91,9342.17,494.84
FARM-04239,Maize,172.68,91.79,5121.74,348.11
FARM-04240,Wheat,120.48,62.44,3568.91,223.33
FARM-04241,Sugarcane,220.44,132.59,16409.49,574.04
FARM-04242,Sugarcane,220.11,88.74,16653.85,551.68
FARM-04243,Wheat,113.98,49.62,3873.55,208.29
FARM-04244,Maize,200.72,63.03,5725.54,229.33
FARM-04245,Rice,126.17,68.18,9987.3,299.0
FARM-04246,Rice,161.12,80.96,9811.18,401.28
FARM-04247,Sugarcane,215.44,72.23,19383.46,420.77
FARM-04248,Soybean,33.98,74.75,3677.72,280.46
FARM-04249,Soybean,36.93,61.27,3573.53,285.08
FARM-04250,Cotton,169.36,,7445.2,358.47
FARM-04251,Sugarcane,222.11,77.52,17320.33,547.32
FARM-04252,Maize,191.44,78.58,5054.22,235.62
FARM-04253,Sugarcane,221.78,111.81,16532.05,567.27
FARM-04254,Maize,197.35,47.27,5502.64,236.43
FARM-04255,Rice,128.88,90.89,9711.92,554.95
FARM-04256,Maize,190.96,57.4,4789.09,307.85
FARM-04257,Soybean,163.9011822348481,56.69,4300.41,243.32
FARM-04258,Cotton,146.06,65.27,6875.53,
FARM-04259,Soybean,38.62,52.0,12923.237933509508,276.43
FARM-04260,Soybean,51.11,43.36,3756.12,175.1
FARM-04261,Rice,152.76,88.61,11747.68,507.94
FARM-04262,Sugarcane,220.23,97.66,17845.54,672.57
FARM-04263,Cotton,137.26,76.9,8455.72,409.07
FARM-04264,Rice,162.14,77.19,11367.93,391.7
FARM-04265,Cotton,158.34,,8353.38,248.11
FARM-04266,Wheat,129.72,53.8,4253.84,210.02
FARM-04267,Maize,175.58,78.8,4613.12,231.37
FARM-04268,Soybean,46.07,63.69,4690.49,240.7
FARM-04269,Sugarcane,211.56,76.41,17832.26,427.82
FARM-04270,Maize,195.93,64.16,4816.88,330.31
FARM-04271,Rice,136.84,79.79,11547.6,569.6
FARM-04272,Sugarcane,211.76,390.60290564526923,,662.61
FARM-04273,Cotton,152.58,57.22,6813.32,365.74
FARM-04274,Rice,133.44,75.99,8583.45,403.44
FARM-04275,Cotton,133.56,56.72,7217.84,424.36
FARM-04276,Maize,167.06,63.07,4484.33,266.81
FARM-04277,Soybean,56.18,45.02,3418.5,196.92
FARM-04278,Cotton,158.84,50.38,7400.13,312.05
FARM-04279,Cotton,128.19,80.61,7856.48,441.42
FARM-04280,Soybean,44.04,56.37,4086.73,239.2
FARM-04281,Rice,143.66,75.44,9479.0,303.92
FARM-04282,Soybean,39.84,44.45,3565.62,127.19
FARM-04283,Wheat,136.9,40.83,4570.59,181.82
FARM-04284,Sugarcane,215.93,123.64,16462.37,699.57
FARM-04285,Wheat,142.92,53.81,3637.01,188.26
FARM-04286,Sugarcane,192.47,107.22,16962.34,664.05
FARM-04287,Wheat,130.5,57.73,4173.25,239.85
FARM-04288,Maize,196.14,82.97,4206.47,384.21
FARM-04289,Wheat,108.31,53.62,4057.63,177.32
FARM-04290,Cotton,144.36,70.1,7576.6,404.03
FARM-04291,Cotton,165.34,61.34,6842.51,425.15
FARM-04292,Soybean,33.79,57.15,3656.68,289.8
FARM-04293,Wheat,146.72,65.65,4374.69,222.72
FARM-04294,Wheat,142.28,44.84,4785.55,217.0
FARM-04295,Rice,165.8,74.06,,471.04
FARM-04296,Sugarcane,195.37,116.33,16187.54,495.44
FARM-04297,Sugarcane,195.32,122.32,18246.55,617.74
FARM-04298,Cotton,146.9,61.48,8082.56,372.48
FARM-04299,Rice,134.11,235.06748018041264,9576.46,462.72
FARM-04300,Maize,182.69,70.85,4998.19,285.79
FARM-04301,Cotton,155.51,59.52,7151.8,293.5
FARM-04302,Wheat,123.86,66.26,4283.27,200.7
FARM-04303,Rice,157.83,76.56,9868.3,1069.7797097908453
FARM-04304,Soybean,47.47,55.44,3973.34,230.54
FARM-04305,Rice,129.02,82.78,10900.15,431.96
FARM-04306,Rice,152.02,78.58,9508.37,1275.4346979179008
FARM-04307,Sugarcane,231.68,100.71,17285.44,568.64
FARM-04308,Rice,156.12,66.76,9672.28,354.58
FARM-04309,Maize,187.58,82.63,4328.65,337.51
FARM-04310,Cotton,148.32,89.54,8197.67,585.0
FARM-04311,Maize,186.29,63.57,4711.63,346.3
FARM-04312,Rice,147.39,84.17,11219.75,562.24
FARM-04313,Rice,165.71,72.07,10301.18,587.54
FARM-04314,Wheat,103.56,60.75,3104.89,178.97
FARM-04315,Soybean,51.45,59.65,3883.47,252.06
FARM-04316,Rice,146.33,64.72,10205.33,476.55
FARM-04317,Maize,156.05,66.05,4758.26,414.54
FARM-04318,Maize,206.67,69.44,5346.68,306.75
FARM-04319,Soybean,31.13,65.04,4634.57,235.96
FARM-04320,Soybean,47.72,68.09,13121.13247912351,203.76
FARM-04321,Wheat,120.83,44.64,4100.44,153.0
FARM-04322,Soybean,,40.88,4253.25,233.23
FARM-04323,Rice,163.09,86.67,9896.38,324.01
FARM-04324,Soybean,56.72,33.26,3964.92,393.06667353305556
FARM-04325,Cotton,144.76,78.09,7422.77,569.24
FARM-04326,Wheat,127.88,64.96,4532.62,206.36
FARM-04327,Cotton,143.34,75.02,7633.97,256.58
FARM-04328,Cotton,142.7,62.35,7328.62,387.62
FARM-04329,Soybean,39.04,50.47,4184.27,174.92
FARM-04330,Maize,175.63,65.08,5602.06,329.59
FARM-04331,Sugarcane,223.89,102.83,18389.64,498.36
FARM-04332,Rice,144.52,82.14,,523.52
FARM-04333,Cotton,,73.04,8525.82,318.71
FARM-04334,Rice,178.73,457.2028950597813,10471.19,707.67
FARM-04335,Sugarcane,196.34,106.33,17415.57,551.78
FARM-04336,Cotton,153.44,73.9,8175.17,354.73
FARM-04337,Cotton,144.67,72.17,8450.99,371.8
FARM-04338,Cotton,142.33,55.05,6627.13,330.0
FARM-04339,Rice,155.91,94.12,9972.19,677.99
FARM-04340,Rice,160.29,66.34,11340.87,369.95
FARM-04341,Maize,168.49,101.53,4559.86,374.66
FARM-04342,Maize,181.21,83.7,4328.39,400.78
FARM-04343,Rice,154.97,81.02,8893.67,498.32
FARM-04344,Cotton,165.41,48.93,7019.03,227.2
FARM-04345,Wheat,119.35,60.47,3758.28,232.59
FARM-04346,Sugarcane,238.61,88.11,17315.2,408.63
FARM-04347,Wheat,128.0,46.06,3171.74,214.83
FARM-04348,Soybean,33.88,46.94,4408.35,219.54
FARM-04349,Rice,138.26,285.4050408176407,10644.1,415.9
FARM-04350,Rice,138.05,81.77,9556.83,413.75
FARM-04351,Wheat,111.52,64.58,4245.18,273.47
FARM-04352,Maize,193.45,61.4,4457.82,322.1
FARM-04353,Soybean,,65.33,3054.96,270.12
FARM-04354,Cotton,177.81,64.92,7955.36,348.43
FARM-04355,Wheat,121.46,46.29,4245.43,189.69
FARM-04356,Rice,129.36,85.59,11631.08,404.1
FARM-04357,Rice,146.13,67.27,10129.53,424.84
FARM-04358,Cotton,142.06,47.0,8330.18,295.64
FARM-04359,Rice,163.54,64.92,8787.08,397.16
FARM-04360,Sugarcane,229.52,82.31,18513.3,456.05
FARM-04361,Rice,157.43,65.94,10656.38,395.2
FARM-04362,Soybean,39.65,58.28,4436.83,179.85
FARM-04363,Sugarcane,218.97,90.41,17787.63,457.26
FARM-04364,Maize,187.35,58.31,4399.29,287.77
FARM-04365,Wheat,130.03,64.82,4459.78,174.76
FARM-04366,Rice,150.03,67.26,9910.92,395.33
FARM-04367,Maize,171.3,73.49,4754.6,232.63
FARM-04368,Soybean,55.7,69.62,3171.08,265.47
FARM-04369,Sugarcane,199.47,90.6,17474.68,577.87
FARM-04370,Wheat,125.9,45.93,3705.35,164.95
FARM-04371,Sugarcane,231.58,84.24,18669.8,501.19
FARM-04372,Maize,202.16,63.71,5104.3,241.75
FARM-04373,Rice,148.11,86.19,9914.71,572.99
FARM-04374,Sugarcane,211.77,103.36,18703.08,528.68
FARM-04375,Rice,139.29,60.72,8906.85,375.02
FARM-04376,Cotton,173.1,77.9,8210.53,441.55
FARM-04377,Maize,190.13,76.17,5640.49,320.34
FARM-04378,Rice,148.4,78.32,8680.85,400.91
FARM-04379,Sugarcane,212.87,94.86,15926.08,499.3
FARM-04380,Maize,178.77,74.07,5017.28,244.2
FARM-04381,Maize,208.94,53.49,4237.38,207.5
FARM-04382,Wheat,124.37,69.41,3887.75,207.76
FARM-04383,Cotton,158.75,70.71,6958.98,392.41
FARM-04384,Rice,161.22,83.54,9755.83,383.71
FARM-04385,Rice,159.78,67.8,9663.88,369.39
FARM-04386,Soybean,51.03,63.7,4198.18,206.29
FARM-04387,Sugarcane,207.87,103.43,17896.53,567.02
FARM-04388,Maize,199.56,58.26,5094.92,309.04
FARM-04389,Cotton,141.27,51.64,6844.34,266.1
FARM-04390,Wheat,123.1,52.31,3712.95,214.17
FARM-04391,Rice,145.84,76.59,10944.73,385.61
FARM-04392,Soybean,54.06,77.09,3894.73,286.31
FARM-04393,Sugarcane,237.37,102.21,17725.85,556.64
FARM-04394,Maize,180.84,70.17,4715.94,304.88
FARM-04395,Rice,152.87,114.25,10177.37,586.24
FARM-04396,Soybean,38.65,54.55,3553.71,
FARM-04397,Sugarcane,197.58,77.25,18595.81,458.76
FARM-04398,Sugarcane,214.6,114.75,16638.43,477.58
FARM-04399,Soybean,36.36,59.66,4312.89,241.45
FARM-04400,Rice,124.71,96.71,10850.07,361.62
FARM-04401,Rice,146.78,77.22,9464.47,567.74
FARM-04402,Cotton,158.99,86.74,7870.66,478.76
FARM-04403,Cotton,158.13,80.88,7562.29,408.99
FARM-04404,Cotton,167.75,55.97,7552.95,355.47
FARM-04405,Rice,163.93,73.83,9526.64,451.47
FARM-04406,Wheat,137.71,55.5,3951.87,161.45
FARM-04407,Wheat,125.74,73.74,4107.65,329.36
FARM-04408,Soybean,40.83,69.92,3836.76,213.75
FARM-04409,Soybean,49.35,58.28,4681.37,249.43
FARM-04410,Maize,182.23,80.88,5502.28,366.73
FARM-04411,Soybean,45.18,51.16,4162.08,238.13
FARM-04412,Rice,171.35,77.34,9691.59,358.41
FARM-04413,Maize,189.06,61.28,5602.77,317.78
FARM-04414,Soybean,34.88,57.84,3158.86,237.93
FARM-04415,Rice,140.57,81.61,9404.92,363.08
FARM-04416,Cotton,150.06,59.67,7381.56,317.82
FARM-04417,Soybean,41.68,41.88,3449.05,242.75
FARM-04418,Wheat,125.14,37.36,3604.96,168.02
FARM-04419,Rice,168.57,84.01,9249.59,412.46
FARM-04420,Rice,162.36,78.13,9257.51,499.68
FARM-04421,Soybean,40.93,55.96,3750.35,189.58
FARM-04422,Soybean,39.0,56.75,4086.29,198.21
FARM-04423,Sugarcane,226.68,103.02,15995.2,513.83
FARM-04424,Wheat,122.95,59.58,4196.58,230.88
FARM-04425,Soybean,49.03,61.68,3869.66,351.47
FARM-04426,Cotton,141.97,60.79,8128.96,311.09
FARM-04427,Wheat,120.4,58.5,3717.59,198.85
FARM-04428,Rice,147.3,90.89,9568.86,507.63
FARM-04429,Rice,143.91,72.2,9316.43,303.73
FARM-04430,Sugarcane,194.83,74.79,17472.6,553.87
FARM-04431,Wheat,350.1981418180616,45.87,4197.34,253.56
FARM-04432,Wheat,113.98,77.09,4028.99,260.94
FARM-04433,Soybean,50.75,65.49,3933.95,250.31
FARM-04434,Soybean,56.85,64.26,4161.3,280.5
FARM-04435,Rice,,91.26,10768.8,489.26
FARM-04436,Soybean,37.04,68.91,4062.93,308.77
FARM-04437,Cotton,174.47,65.31,8918.0,348.77
FARM-04438,Sugarcane,227.73,104.87,17610.15,604.92
FARM-04439,Sugarcane,225.21,113.96,18246.92,721.59
FARM-04440,Sugarcane,232.77,118.81,18490.63,548.88
FARM-04441,Rice,144.83,68.59,11681.41,434.83
FARM-04442,Sugarcane,205.61,101.33,18715.46,547.75
FARM-04443,Soybean,43.84,56.99,,241.9
FARM-04444,Cotton,160.54,64.27,7020.31,345.35
FARM-04445,Soybean,39.28,52.54,3456.31,195.2
FARM-04446,Cotton,136.17,92.57,8247.24,486.53
FARM-04447,Soybean,49.21,60.07,4132.63,263.93
FARM-04448,Soybean,45.64,52.19,,202.27
FARM-04449,Soybean,41.97,35.2,4791.87,
FARM-04450,Sugarcane,225.62,92.48,17603.71,574.65
FARM-04451,Wheat,119.58,61.93,3853.68,242.23
FARM-04452,Sugarcane,205.21,86.22,16164.25,443.9
FARM-04453,Maize,180.41,,5361.1,231.23
FARM-04454,Rice,146.63,102.46,9008.86,464.31
FARM-04455,Cotton,148.26,59.76,8038.14,228.71
FARM-04456,Sugarcane,194.71,106.32,18460.98,593.55
FARM-04457,Rice,137.65,66.2,9476.72,353.51
FARM-04458,Cotton,141.76,77.41,6948.9,405.22
FARM-04459,Wheat,116.19,62.66,4352.41,181.57
FARM-04460,Soybean,41.65,47.65,4210.92,269.93
FARM-04461,Soybean,49.33,43.44,,241.27
FARM-04462,Maize,206.42,79.47,4516.96,270.86
FARM-04463,Maize,186.9,55.94,5254.89,215.06
FARM-04464,Soybean,41.25,64.9,3182.38,281.61
FARM-04465,Cotton,147.36,54.98,7761.4,307.95
FARM-04466,Rice,149.86,100.2,9882.24,452.84
FARM-04467,Rice,136.66,66.23,34078.75262035653,459.89
FARM-04468,Maize,172.92,65.81,5471.08,305.34
FARM-04469,Maize,196.13,72.8,4278.88,286.92
FARM-04470,Rice,129.23,94.65,9301.61,535.63
FARM-04471,Soybean,44.71,58.54,4500.26,210.38
FARM-04472,Rice,152.22,61.57,11234.59,1420.5584525931586
FARM-04473,Rice,147.51,84.29,10005.76,419.25
FARM-04474,Maize,181.17,64.81,5246.81,215.5
FARM-04475,Sugarcane,238.67,104.12,16754.09,578.23
FARM-04476,Rice,145.26,61.47,10584.71,320.1
FARM-04477,Maize,,91.44,4989.35,346.35
FARM-04478,Rice,146.06,78.92,9626.47,468.37
FARM-04479,Rice,135.75,56.75,10516.27,436.39
FARM-04480,Wheat,113.46,40.03,3896.01,140.35
FARM-04481,Wheat,119.59,65.2,3817.93,232.5
FARM-04482,Cotton,160.44,59.94,8729.28,292.27
FARM-04483,Rice,150.14,75.22,8908.99,359.67
FARM-04484,Maize,167.42,57.56,14073.663393727995,181.68
FARM-04485,Wheat,139.81,60.01,3273.26,213.37
FARM-04486,Maize,166.52,84.26,5425.17,414.03
FARM-04487,Rice,163.27,65.27,10141.33,393.35
FARM-04488,Wheat,115.49,,4010.49,263.7
FARM-04489,Soybean,48.29,57.04,4750.3,270.51
FARM-04490,Wheat,142.61,64.77,3960.54,259.43
FARM-04491,Soybean,33.96,66.22,3863.7,262.64
FARM-04492,Maize,198.12,62.9,5251.2,273.22
FARM-04493,Wheat,103.05,74.12,3858.63,288.56
FARM-04494,Cotton,155.02,57.26,7420.64,354.52
FARM-04495,Maize,201.52,64.98,4925.9,
FARM-04496,Cotton,148.2,56.36,7086.49,321.14
FARM-04497,Wheat,130.19,50.95,4140.16,153.19
FARM-04498,Cotton,156.14,69.45,7403.34,447.06
FARM-04499,Wheat,133.52,37.78,3050.79,195.03
FARM-04500,Rice,163.22,81.09,9663.08,590.12
FARM-04501,Wheat,113.6,50.47,4224.52,208.05
FARM-04502,Maize,155.82,56.81,4656.63,204.41
FARM-04503,Rice,138.57,85.19,9539.61,466.14
FARM-04504,Soybean,55.81,57.7,4047.04,211.86
FARM-04505,Maize,164.33,56.49,4715.44,253.56
FARM-04506,Maize,,61.6,5705.5,424.82
FARM-04507,Soybean,51.25,69.97,3807.24,270.77
FARM-04508,Cotton,132.07,48.29,8409.23,313.97
FARM-04509,Soybean,47.54,44.22,4625.21,230.68
FARM-04510,Soybean,34.6,40.35,3407.97,252.89
FARM-04511,Maize,199.19,68.06,4544.5,334.92
FARM-04512,Cotton,136.29,93.98,7466.27,487.35
FARM-04513,Cotton,163.28,57.44,7728.91,244.35
FARM-04514,Rice,142.93,85.01,11251.69,449.93
FARM-04515,Maize,181.59,75.07,4496.07,429.92
FARM-04516,Soybean,33.14,52.94,3312.73,220.5
FARM-04517,Sugarcane,238.14,106.31,17188.2,613.08
FARM-04518,Sugarcane,216.52,123.75,17218.3,648.58
FARM-04519,Wheat,121.82,50.99,3814.73,237.88
FARM-04520,Maize,175.5,59.56,4823.32,281.97
FARM-04521,Sugarcane,203.46,139.16,16999.99,705.93
FARM-04522,Wheat,120.08,66.8,3741.8,286.38
FARM-04523,Maize,160.98,95.43,5479.61,312.0
FARM-04524,Soybean,47.24,69.12,4716.81,204.34
FARM-04525,Maize,197.04,66.63,15092.908845606864,238.06
FARM-04526,Sugarcane,237.02,81.82,19235.72,531.32
FARM-04527,Wheat,115.16,75.18,3835.94,320.67
FARM-04528,Cotton,151.95,68.44,7205.22,466.09
FARM-04529,Cotton,158.52,88.51,6437.48,410.06
FARM-04530,Soybean,44.19,60.69,4067.98,204.93
FARM-04531,Sugarcane,192.5,90.42,17468.21,575.14
FARM-04532,Wheat,128.41,51.2,4828.51,155.96
FARM-04533,Cotton,,75.03,6624.4,338.76
FARM-04534,Maize,185.41,96.86,5008.44,362.74
FARM-04535,Maize,177.29,64.52,4801.55,354.8
FARM-04536,Rice,156.22,83.74,8460.72,411.3
FARM-04537,Cotton,165.01,59.94,8214.77,379.84
FARM-04538,Soybean,44.38,60.53,4607.0,253.64
FARM-04539,Sugarcane,192.96,94.37,18418.96,494.89
FARM-04540,Rice,144.97,89.09,9536.28,483.01
FARM-04541,Soybean,45.43,71.95,3761.2,219.57
FARM-04542,Wheat,113.96,45.75,3443.36,
FARM-04543,Soybean,49.99,59.81,4357.04,230.55
FARM-04544,Rice,135.29,80.8,9654.96,546.47
FARM-04545,Rice,174.73,77.3,10101.57,432.09
FARM-04546,Soybean,44.87,58.24,4360.03,252.04
FARM-04547,Sugarcane,200.08,127.58,17725.0,680.39
FARM-04548,Rice,144.06,75.35,9182.56,424.78
FARM-04549,Rice,149.05,75.1,9390.54,469.12
FARM-04550,Cotton,127.4,73.91,7199.1,418.29
FARM-04551,Wheat,134.67,73.69,4577.83,262.9
FARM-04552,Wheat,131.19,64.68,3596.74,219.07
FARM-04553,Sugarcane,219.92,,17166.33,485.5
FARM-04554,Sugarcane,213.57,109.56,16491.91,667.81
FARM-04555,Wheat,116.45,53.03,3763.4,209.68
FARM-04556,Cotton,139.57,54.67,7661.63,
FARM-04557,Rice,129.5,74.8,10432.65,404.3
FARM-04558,Maize,193.8,56.93,4952.49,221.38
FARM-04559,Wheat,112.75,40.43,,151.88
FARM-04560,Wheat,128.73,39.48,3552.62,188.62
FARM-04561,Soybean,34.8,56.3,3629.0,203.09
FARM-04562,Wheat,113.53,49.76,4024.95,221.44
FARM-04563,Wheat,126.18,61.7,3759.22,248.56
FARM-04564,Cotton,144.36,76.28,7699.37,361.38
FARM-04565,Soybean,49.86,47.02,4576.43,223.88
FARM-04566,Maize,170.36,62.59,5705.08,281.01
FARM-04567,Rice,140.94,68.58,10111.04,461.36
FARM-04568,Sugarcane,228.04,93.14,18467.43,2054.5853176325245
FARM-04569,Sugarcane,201.29,87.71,17874.72,392.18
FARM-04570,Rice,164.05,57.89,9015.99,451.69
FARM-04571,Maize,178.87,79.44,5294.18,369.18
FARM-04572,Rice,171.68,60.53,10613.33,421.03
FARM-04573,Maize,189.57,62.83,5030.53,342.44
FARM-04574,Maize,186.77,61.34,4736.61,276.86
FARM-04575,Wheat,122.19,49.77,4065.62,267.82
FARM-04576,Wheat,109.27,52.94,3730.71,252.02
FARM-04577,Wheat,117.31,61.59,4565.37,202.45
FARM-04578,Cotton,154.08,73.95,7824.64,327.04
FARM-04579,Maize,183.75,54.01,4299.27,325.62
FARM-04580,Rice,141.05,70.24,9669.19,358.29
FARM-04581,Rice,155.44,90.06,9053.2,558.95
FARM-04582,Wheat,122.64,32.8,4751.35,155.7
FARM-04583,Soybean,55.35,40.62,4299.15,268.56
FARM-04584,Maize,184.02,76.46,4975.76,378.73
FARM-04585,Maize,172.92,82.34,4951.76,280.04
FARM-04586,Rice,169.74,82.72,9949.4,517.46
FARM-04587,Sugarcane,201.87,83.92,19082.03,502.3
FARM-04588,Rice,162.83,71.81,10550.9,403.46
FARM-04589,Sugarcane,189.49,85.26,16085.25,539.1
FARM-04590,Soybean,40.02,62.33,3869.72,225.13
FARM-04591,Wheat,120.35,54.87,3931.67,211.88
FARM-04592,Soybean,52.7,49.62,3514.58,258.34
FARM-04593,Rice,138.82,91.27,,378.23
FARM-04594,Wheat,127.32,56.03,3802.22,260.63
FARM-04595,Rice,145.83,78.92,10350.64,490.35
FARM-04596,Soybean,36.73,60.99,4755.96,286.7
FARM-04597,Wheat,137.78,51.73,3713.51,200.95
FARM-04598,Rice,156.5,62.61,8769.78,406.0
FARM-04599,Sugarcane,218.75,113.98,17258.25,739.61
FARM-04600,Sugarcane,221.69,88.07,16317.24,474.77
FARM-04601,Maize,160.39,63.04,4678.68,320.38
FARM-04602,Cotton,151.24,70.43,7261.16,1628.359389935903
FARM-04603,Cotton,131.24,69.5,7196.64,418.29
FARM-04604,Maize,160.65,90.78,4902.72,309.08
FARM-04605,Rice,135.04,228.7751820893633,9108.44,399.38
FARM-04606,Sugarcane,181.31,104.19,18705.32,641.91
FARM-04607,Maize,184.49,56.78,4769.98,274.35
FARM-04608,Rice,142.58,79.11,9947.17,435.55
FARM-04609,Rice,159.75,73.82,10238.68,344.64
FARM-04610,Sugarcane,234.1,71.3,17769.11,368.73
FARM-04611,Rice,141.92,70.44,9603.86,473.12
FARM-04612,Maize,170.71,81.2,5020.25,425.03
FARM-04613,Cotton,132.48,62.84,8306.65,296.36
FARM-04614,Wheat,138.54,59.28,4131.52,222.0
FARM-04615,Soybean,31.13,78.83,3329.37,235.11
FARM-04616,Maize,202.06,103.65,4293.54,
FARM-04617,Soybean,37.05,47.91,4165.07,275.76
FARM-04618,Maize,170.99,67.02,4955.3,279.66
FARM-04619,Sugarcane,216.6,97.23,15594.86,505.8
FARM-04620,Sugarcane,227.36,96.45,16009.21,546.1
FARM-04621,Sugarcane,214.33,138.1,18816.15,635.12
FARM-04622,Sugarcane,234.3,105.82,18877.92,627.83
FARM-04623,Sugarcane,191.34,88.32,16113.21,575.23
FARM-04624,Maize,183.86,57.51,5393.19,299.35
FARM-04625,Wheat,111.85,68.41,4062.69,303.25
FARM-04626,Wheat,133.12,49.8,4141.86,186.53
FARM-04627,Soybean,35.87,44.38,4336.0,177.34
FARM-04628,Rice,137.73,81.54,9745.24,518.92
FARM-04629,Rice,153.37,,9690.85,446.79
FARM-04630,Cotton,143.91,62.91,6435.75,416.56
FARM-04631,Sugarcane,218.34,101.35,16862.06,419.99
FARM-04632,Maize,187.06,68.76,4407.12,300.92
FARM-04633,Sugarcane,199.66,89.83,16687.17,525.69
FARM-04634,Rice,152.66,94.56,9377.13,401.88
FARM-04635,Soybean,50.1,47.25,4123.28,188.24
FARM-04636,Sugarcane,195.32,119.45,16444.04,805.07
FARM-04637,Wheat,117.61,66.19,4473.2,235.7
FARM-04638,Sugarcane,199.69,118.87,19061.65,566.28
FARM-04639,Maize,195.55,75.48,4776.81,260.16
FARM-04640,Rice,148.4,95.94,9771.01,496.31
FARM-04641,Soybean,46.55,68.26,4231.59,332.77
FARM-04642,Rice,146.64,71.99,10063.6,425.85
FARM-04643,Rice,149.33,82.69,9771.97,498.87
FARM-04644,Soybean,45.5,53.16,4520.05,219.5
FARM-04645,Wheat,108.86,57.78,3919.26,270.01
FARM-04646,Cotton,170.85,52.28,7706.97,296.89
FARM-04647,Sugarcane,238.2,85.59,17263.2,489.93
FARM-04648,Maize,193.01,88.15,5936.67,380.57
FARM-04649,Rice,133.21,54.61,9988.09,380.24
FARM-04650,Soybean,40.08,68.36,3902.75,232.23
FARM-04651,Soybean,47.02,58.03,4086.09,233.2
FARM-04652,Rice,140.21,90.21,9876.27,554.67
FARM-04653,Sugarcane,217.95,71.88,18019.7,474.02
FARM-04654,Sugarcane,239.56,90.4,18452.73,479.2
FARM-04655,Maize,199.38,82.22,4976.58,296.28
FARM-04656,Cotton,158.37,60.89,7796.13,340.67
FARM-04657,Maize,182.65,61.08,4329.71,285.98
FARM-04658,Soybean,48.88,62.32,3734.33,245.57
FARM-04659,Wheat,104.96,59.03,4196.7,297.95
FARM-04660,Rice,142.78,78.32,10851.53,515.77
FARM-04661,Cotton,123.05,63.88,8334.04,275.8
FARM-04662,Wheat,132.18,42.02,4866.63,189.86
FARM-04663,Sugarcane,218.96,95.11,18422.08,567.3
FARM-04664,Soybean,,68.77,4031.08,250.47
FARM-04665,Rice,159.76,88.82,10481.33,384.39
FARM-04666,Maize,193.12,76.73,4761.24,303.76
FARM-04667,Cotton,131.44,63.61,7308.62,291.84
FARM-04668,Sugarcane,224.34,111.96,17675.79,469.89
FARM-04669,Rice,153.02,67.61,10031.62,449.94
FARM-04670,Wheat,126.3,57.67,,250.24
FARM-04671,Maize,189.01,56.0,4455.74,279.97
FARM-04672,Sugarcane,210.63,93.39,18630.3,407.04
FARM-04673,Rice,151.71,76.69,9250.59,531.54
FARM-04674,Sugarcane,215.57,88.24,,610.77
FARM-04675,Soybean,36.27,50.96,4396.54,204.98
FARM-04676,Rice,154.44,56.91,11283.75,326.72
FARM-04677,Sugarcane,209.76,303.58637244773445,17494.01,632.25
FARM-04678,Cotton,,67.06,7363.95,336.95
FARM-04679,Soybean,43.81,40.67,3947.5,173.34
FARM-04680,Rice,143.31,52.38,,269.75
FARM-04681,Soybean,34.03,51.09,3502.05,309.84
FARM-04682,Rice,146.41,71.06,9257.97,351.27
FARM-04683,Cotton,144.76,68.02,7300.25,462.95
FARM-04684,Cotton,162.63,63.24,7294.3,439.85
FARM-04685,Soybean,43.65,46.68,3991.25,150.69
FARM-04686,Soybean,48.13,30.95,4075.06,158.63
FARM-04687,Cotton,156.21,61.14,7645.32,421.05
FARM-04688,Maize,201.62,76.29,5271.09,406.17
FARM-04689,Wheat,125.68,58.05,4786.05,203.92
FARM-04690,Cotton,135.22,47.62,7888.87,213.12
FARM-04691,Sugarcane,207.11,115.28,17524.7,566.63
FARM-04692,Sugarcane,222.01,80.76,17325.48,
FARM-04693,Rice,132.33,71.74,11012.67,427.21
FARM-04694,Rice,158.32,67.05,10044.33,397.5
FARM-04695,Soybean,38.76,54.27,4167.75,179.48
FARM-04696,Wheat,137.98,44.63,4488.55,189.75
FARM-04697,Cotton,173.9,51.29,8809.92,295.9
FARM-04698,Soybean,56.65,66.08,4522.0,174.52
FARM-04699,Soybean,30.72,54.93,4042.02,240.69
FARM-04700,Rice,142.77,70.08,9133.45,508.28
FARM-04701,Soybean,47.01,61.9,3800.31,251.97
FARM-04702,Cotton,145.88,66.12,7513.71,359.02
FARM-04703,Soybean,56.84,66.58,3237.96,245.5
FARM-04704,Cotton,167.54,58.28,6617.08,
FARM-04705,Maize,197.43,76.98,4586.0,281.61
FARM-04706,Sugarcane,218.45,98.47,,502.29
FARM-04707,Soybean,39.69,45.27,4131.16,190.24
FARM-04708,Wheat,100.63,43.22,3964.62,209.77
FARM-04709,Rice,150.46,110.76,10551.68,548.64
FARM-04710,Sugarcane,205.54,124.99,18769.93,547.65
FARM-04711,Cotton,142.79,54.27,8016.63,254.79
FARM-04712,Soybean,43.92,50.15,3541.8,240.2
FARM-04713,Sugarcane,196.34,83.05,,403.5
FARM-04714,Sugarcane,235.18,77.87,17051.18,452.61
FARM-04715,Sugarcane,226.34,113.83,18626.79,526.59
FARM-04716,Rice,166.33,63.21,9401.62,346.35
FARM-04717,Rice,155.57,88.83,11386.31,428.03
FARM-04718,Wheat,138.05,,4231.14,188.92
FARM-04719,Cotton,161.19,68.65,6751.82,346.69
FARM-04720,Maize,166.25,100.49,5412.87,453.42
FARM-04721,Wheat,128.25,56.48,4061.39,173.67
FARM-04722,Rice,151.67,78.95,9108.24,411.81
FARM-04723,Rice,139.79,72.45,8731.17,321.13
FARM-04724,Sugarcane,220.84,90.39,17897.81,568.32
FARM-04725,Soybean,44.39,50.51,4255.63,287.09
FARM-04726,Wheat,131.89,50.92,4004.98,283.62
FARM-04727,Rice,141.65,85.6,10303.98,430.08
FARM-04728,Wheat,108.84,64.85,3921.27,224.67
FARM-04729,Sugarcane,238.41,98.32,49351.32288152945,555.2
FARM-04730,Maize,183.79,70.9,5188.9,319.42
FARM-04731,Sugarcane,192.36,90.79,16526.0,570.53
FARM-04732,Sugarcane,223.19,109.25,17262.77,445.4
FARM-04733,Wheat,127.52,63.74,3810.16,201.68
FARM-04734,Cotton,139.53,65.15,6209.27,329.79
FARM-04735,Maize,157.47,78.98,4875.47,240.98
FARM-04736,Rice,145.93,65.31,9785.51,375.75
FARM-04737,Wheat,119.42,42.24,4629.86,182.72
FARM-04738,Maize,207.53,70.91,5184.1,300.11
FARM-04739,Cotton,135.6,61.15,7610.05,374.52
FARM-04740,Rice,148.11,93.5,9982.44,1453.980130582807
FARM-04741,Sugarcane,220.55,73.77,17020.34,415.78
FARM-04742,Soybean,54.36,51.75,4420.36,216.68
FARM-04743,Maize,193.36,60.75,5538.67,198.76
FARM-04744,Soybean,42.17,48.99,3573.3,195.92
FARM-04745,Wheat,134.92,52.36,3650.9,280.9
FARM-04746,Cotton,151.11,73.31,7162.93,359.25
FARM-04747,Sugarcane,199.93,98.7,18767.02,513.43
FARM-04748,Soybean,46.91,36.54,4345.03,174.1
FARM-04749,Cotton,139.32,85.61,7156.14,394.99
FARM-04750,Soybean,46.71,53.37,3402.33,269.68
FARM-04751,Maize,176.59,61.24,4347.64,224.01
FARM-04752,Cotton,160.72,63.59,8060.08,379.24
FARM-04753,Wheat,138.08,55.94,4043.64,195.03
FARM-04754,Maize,195.95,64.73,4899.84,285.7
FARM-04755,Rice,132.85,84.12,9668.29,371.03
FARM-04756,Rice,148.15,96.04,9860.14,492.72
FARM-04757,Sugarcane,197.65,103.25,17620.14,530.42
FARM-04758,Cotton,134.7,53.21,7654.6,222.24
FARM-04759,Maize,183.22,78.05,4941.24,345.24
FARM-04760,Sugarcane,210.12,97.56,16628.14,479.9
FARM-04761,Sugarcane,224.97,92.19,17235.74,492.97
FARM-04762,Wheat,116.87,49.18,3447.11,253.79
FARM-04763,Sugarcane,217.43,107.53,17482.44,558.45
FARM-04764,Cotton,149.84,54.37,8218.42,352.04
FARM-04765,Rice,148.05,95.63,8856.62,490.79
FARM-04766,Maize,200.5,69.61,5775.88,283.52
FARM-04767,Soybean,,60.75,4205.3,255.72
FARM-04768,Maize,192.82,67.39,5319.84,1040.4133077059957
FARM-04769,Rice,130.24,72.1,10919.2,435.87
FARM-04770,Cotton,166.81,57.72,8045.74,352.0
FARM-04771,Cotton,149.36,55.35,7193.43,300.93
FARM-04772,Maize,604.0615768069199,47.07,5338.85,206.36
FARM-04773,Soybean,37.35,49.92,4391.13,236.14
FARM-04774,Maize,163.46,52.24,5554.5,328.27
FARM-04775,Rice,136.71,80.2,31696.597063553418,362.95
FARM-04776,Maize,191.16,200.66957412237812,5393.47,306.25
FARM-04777,Maize,192.17,83.64,5764.24,219.57
FARM-04778,Wheat,113.48,60.22,4102.87,252.21
FARM-04779,Soybean,38.39,52.18,3711.65,157.85
FARM-04780,Wheat,140.08,54.91,4082.44,307.08
FARM-04781,Rice,149.0,,9286.81,354.5
FARM-04782,Sugarcane,200.4,94.43,17832.53,559.92
FARM-04783,Maize,212.5,46.2,5115.47,157.44
FARM-04784,Sugarcane,216.41,98.28,16739.07,416.86
FARM-04785,Maize,191.89,70.55,4541.43,328.33
FARM-04786,Soybean,,69.33,3860.58,238.42
FARM-04787,Soybean,35.65,,3531.09,165.66
FARM-04788,Soybean,55.16,59.82,3301.96,169.56
FARM-04789,Maize,177.18,70.6,5634.59,1085.3096029291864
FARM-04790,Sugarcane,203.46,79.11,16082.56,501.33
FARM-04791,Maize,184.15,56.95,4527.87,285.03
FARM-04792,Maize,170.38,262.6949619825342,4784.43,467.08
FARM-04793,Maize,188.09,61.01,5191.96,280.21
FARM-04794,Sugarcane,223.43,97.52,18560.85,499.22
FARM-04795,Wheat,118.29,43.63,3189.77,199.39
FARM-04796,Cotton,160.96,75.52,6879.67,468.66
FARM-04797,Cotton,131.63,63.46,7862.81,344.66
FARM-04798,Wheat,131.49,59.52,4021.72,220.47
FARM-04799,Cotton,162.99,63.85,7393.55,341.45
FARM-04800,Wheat,136.34,51.4,4750.65,218.79
FARM-04801,Cotton,,76.06,7576.85,487.1
FARM-04802,Soybean,38.74,75.26,4378.16,268.63
FARM-04803,Sugarcane,216.12,115.98,17001.57,703.14
FARM-04804,Sugarcane,183.48,118.17,17887.32,660.58
FARM-04805,Cotton,174.26,67.27,6603.5,260.17
FARM-04806,Soybean,47.31,69.28,4011.03,251.48
FARM-04807,Wheat,134.84,62.63,4101.76,193.29
FARM-04808,Rice,142.47,80.81,10578.09,524.85
FARM-04809,Sugarcane,208.61,104.37,16260.13,687.61
FARM-04810,Wheat,132.06,61.94,4708.84,216.86
FARM-04811,Rice,174.37,90.39,9095.59,530.57
FARM-04812,Soybean,46.98,51.03,3569.27,166.93
FARM-04813,Soybean,43.19,51.5,4613.57,
FARM-04814,Sugarcane,230.42,110.77,16066.42,542.48
FARM-04815,Soybean,41.91,62.16,3933.9,210.34
FARM-04816,Maize,,54.43,5000.55,
FARM-04817,Rice,122.92,70.24,10299.34,362.1
FARM-04818,Sugarcane,208.11,103.6,17003.52,795.82
FARM-04819,Rice,147.28,69.61,9188.84,373.58
FARM-04820,Rice,143.03,74.59,10058.16,387.5
FARM-04821,Sugarcane,237.41,92.7,16785.73,487.01
FARM-04822,Rice,151.69,99.95,9083.93,421.39
FARM-04823,Sugarcane,214.59,116.49,16860.18,584.72
FARM-04824,Soybean,57.09,55.27,4216.93,244.63
FARM-04825,Maize,185.32,112.98,4816.47,
FARM-04826,Cotton,127.49,80.12,7028.5,461.69
FARM-04827,Wheat,121.15,62.43,4287.64,216.05
FARM-04828,Cotton,141.33,56.29,7975.03,387.27
FARM-04829,Sugarcane,188.58,132.61,18488.64,599.99
FARM-04830,Cotton,132.82,59.84,6889.45,431.78
FARM-04831,Soybean,41.58,51.06,3744.93,256.73
FARM-04832,Soybean,52.28,65.0,3836.23,227.86
FARM-04833,Rice,151.0,75.92,10134.69,455.48
FARM-04834,Maize,169.62,78.85,4459.49,292.45
FARM-04835,Cotton,147.57,269.8023220624828,7368.52,442.8
FARM-04836,Sugarcane,199.27,112.92,18299.61,650.41
FARM-04837,Rice,146.7,72.64,9898.58,547.69
FARM-04838,Soybean,41.84,70.51,3703.91,316.58
FARM-04839,Soybean,54.98,58.27,3557.63,280.68
FARM-04840,Cotton,153.99,67.31,7885.72,375.28
FARM-04841,Rice,156.96,90.09,9506.04,504.86
FARM-04842,Sugarcane,221.13,97.12,16440.47,649.77
FARM-04843,Soybean,36.29,54.94,4455.59,155.85
FARM-04844,Wheat,126.59,59.92,3817.13,174.72
FARM-04845,Wheat,137.49,84.31,4326.2,317.08
FARM-04846,Sugarcane,202.07,114.5,16495.39,531.36
FARM-04847,Soybean,45.89,59.51,3990.44,242.57
FARM-04848,Rice,157.16,55.79,9269.17,370.4
FARM-04849,Soybean,47.8,62.66,4521.66,316.59
FARM-04850,Maize,187.48,67.4,4570.14,351.26
FARM-04851,Cotton,150.4,67.0,8002.52,409.73
FARM-04852,Soybean,51.54,51.96,4517.57,273.64
FARM-04853,Rice,134.11,78.17,9029.73,336.34
FARM-04854,Cotton,131.68,69.64,7124.54,1382.7946205805163
FARM-04855,Soybean,46.01,35.33,4786.5,140.66
FARM-04856,Rice,147.37,97.24,11266.68,649.09
FARM-04857,Cotton,149.27,89.18,7790.55,390.05
FARM-04858,Sugarcane,208.09,76.29,18344.57,470.5
FARM-04859,Cotton,143.03,59.36,8191.73,358.18
FARM-04860,Maize,187.37,83.77,5548.68,332.19
FARM-04861,Maize,192.27,75.96,4973.4,370.74
FARM-04862,Maize,167.62,61.58,4392.91,277.27
FARM-04863,Soybean,42.69,53.3,4521.97,239.1
FARM-04864,Rice,128.03,91.44,10481.89,366.47
FARM-04865,Rice,141.15,79.44,8310.51,542.21
FARM-04866,Cotton,144.34,54.92,8086.2,353.83
FARM-04867,Maize,185.28,77.9,4720.77,353.02
FARM-04868,Rice,160.77,90.67,9097.63,1361.4646655393492
FARM-04869,Soybean,37.46,65.48,4380.02,211.44
FARM-04870,Wheat,124.11,49.65,4124.76,244.39
FARM-04871,Sugarcane,216.97,82.92,16954.06,460.11
FARM-04872,Sugarcane,218.28,82.98,19811.12,440.68
FARM-04873,Wheat,142.42,55.89,4026.21,240.76
FARM-04874,Rice,171.4,105.14,10770.25,682.98
FARM-04875,Soybean,55.69,54.35,4938.38,216.04
FARM-04876,Sugarcane,214.68,111.14,17736.1,482.05
FARM-04877,Rice,158.87,73.74,10172.75,347.04
FARM-04878,Soybean,55.6,57.8,3586.69,166.93
FARM-04879,Rice,170.82,101.58,,
FARM-04880,Cotton,145.83,75.27,8894.04,379.69
FARM-04881,Maize,180.87,88.61,4990.62,385.76
FARM-04882,Maize,,64.32,4832.5,263.93
FARM-04883,Sugarcane,205.71,105.53,16310.66,514.55
FARM-04884,Cotton,167.61,,7818.01,344.66
FARM-04885,Cotton,145.66,54.82,6955.21,367.86
FARM-04886,Soybean,43.59,73.19,3851.02,218.09
FARM-04887,Sugarcane,227.45,109.98,18856.55,614.26
FARM-04888,Wheat,128.38,54.52,4249.2,298.05
FARM-04889,Sugarcane,206.95,97.73,15633.62,515.64
FARM-04890,Sugarcane,185.85,87.45,18249.42,512.83
FARM-04891,Sugarcane,197.92,74.94,18996.98,451.25
FARM-04892,Cotton,,,7739.23,363.78
FARM-04893,Cotton,155.31,59.91,7635.45,409.2
FARM-04894,Soybean,42.24,66.5,4028.74,222.76
FARM-04895,Cotton,147.16,65.86,8016.45,
FARM-04896,Cotton,140.43,73.06,,476.78
FARM-04897,Sugarcane,213.13,107.75,17044.29,570.36
FARM-04898,Rice,175.09,97.9,8568.5,641.52
FARM-04899,Cotton,148.52,63.2,7466.34,361.22
FARM-04900,Cotton,175.08,84.7,7809.73,337.29
FARM-04901,Rice,150.76,71.84,10680.03,433.53
FARM-04902,Cotton,156.4,73.32,6689.52,364.94
FARM-04903,Sugarcane,205.77,92.75,18342.01,
FARM-04904,Soybean,58.0,56.82,3321.69,224.26
FARM-04905,Rice,172.88,74.06,10104.55,419.05
FARM-04906,Wheat,140.53,54.94,3999.88,276.65
FARM-04907,Soybean,55.34,35.5,4253.37,120.63
FARM-04908,Maize,192.05,93.12,,319.7
FARM-04909,Sugarcane,193.83,89.13,19682.09,492.21
FARM-04910,Sugarcane,195.71,114.66,15676.11,555.65
FARM-04911,Wheat,114.85,52.7,,244.52
FARM-04912,Cotton,155.92,56.44,7481.68,335.4
FARM-04913,Maize,182.33,62.23,5359.39,335.78
FARM-04914,Soybean,39.94,64.65,4764.29,205.73
FARM-04915,Wheat,115.53,32.7,3951.05,186.72
FARM-04916,Wheat,129.3,,3620.14,234.7
FARM-04917,Soybean,37.3,61.62,4128.01,287.63
FARM-04918,Soybean,39.84,65.82,3996.8,254.32
FARM-04919,Maize,162.74,99.3,5244.69,348.67
FARM-04920,Wheat,133.95,,3620.1,155.06
FARM-04921,Soybean,44.68,57.71,3885.82,274.16
FARM-04922,Soybean,45.07,76.13,4597.41,284.66
FARM-04923,Soybean,42.55,58.75,3959.48,303.66
FARM-04924,Soybean,48.06,49.2,3506.24,237.74
FARM-04925,Cotton,135.57,50.83,8476.47,328.09
FARM-04926,Soybean,40.17,49.14,3984.12,259.94
FARM-04927,Rice,157.58,109.88,10781.72,629.13
FARM-04928,Soybean,46.03,56.5,4356.58,266.26
FARM-04929,Cotton,130.2,58.36,8288.48,254.06
FARM-04930,Rice,144.37,76.31,10001.53,462.13
FARM-04931,Soybean,39.7,58.28,4444.53,226.25
FARM-04932,Maize,187.85,39.87,5522.6,214.67
FARM-04933,Sugarcane,208.45,81.14,17816.7,551.35
FARM-04934,Soybean,41.19,63.23,3814.03,223.16
FARM-04935,Maize,,75.06,4672.9,322.88
FARM-04936,Rice,140.4,84.31,9962.84,424.98
FARM-04937,Wheat,125.72,60.67,3521.13,201.96
FARM-04938,Rice,136.59,63.04,10253.37,421.19
FARM-04939,Soybean,38.53,54.63,3200.63,186.37
FARM-04940,Cotton,153.16,77.79,8384.82,274.37
FARM-04941,Maize,178.64,80.38,4329.91,319.35
FARM-04942,Cotton,124.42,84.49,8266.75,391.2
FARM-04943,Maize,163.04,73.12,5491.31,304.38
FARM-04944,Rice,134.52,89.24,10253.49,570.95
FARM-04945,Maize,187.46,68.29,4925.14,310.62
FARM-04946,Rice,160.8,65.22,,1056.5656250671545
FARM-04947,Rice,135.11,73.23,10832.95,359.18
FARM-04948,Sugarcane,209.33,121.0,15800.87,728.95
FARM-04949,Soybean,46.93,56.92,3738.98,269.73
FARM-04950,Cotton,159.67,64.84,7861.95,377.43
FARM-04951,Cotton,128.9,55.08,7973.21,256.65
FARM-04952,Soybean,39.84,45.6,3379.53,137.7
FARM-04953,Sugarcane,225.43,100.98,17841.8,497.2
FARM-04954,Maize,168.94,65.09,4614.1,257.38
FARM-04955,Wheat,125.35,43.34,3810.03,172.65
FARM-04956,Rice,131.86,76.54,10422.41,393.05
FARM-04957,Cotton,141.03,61.74,7482.6,275.12
FARM-04958,Maize,156.56,68.51,5080.64,278.8
FARM-04959,Rice,143.3,69.71,10180.02,434.16
FARM-04960,Sugarcane,,105.29,19196.68,666.35
FARM-04961,Soybean,46.85,42.89,4053.78,185.72
FARM-04962,Maize,167.42,89.59,5155.22,291.6
FARM-04963,Maize,210.83,75.02,5292.17,656.0608886308703
FARM-04964,Sugarcane,228.97,109.76,18188.91,536.88
FARM-04965,Cotton,173.25,70.22,8350.03,328.71
FARM-04966,Soybean,39.4,40.84,4723.82,198.86
FARM-04967,Cotton,137.03,55.05,7503.93,281.22
FARM-04968,Maize,195.81,85.23,4715.26,357.55
FARM-04969,Maize,208.68,59.03,5301.89,297.31
FARM-04970,Wheat,135.98,41.55,4115.26,215.01
FARM-04971,Sugarcane,205.47,85.07,18868.43,490.69
FARM-04972,Wheat,,135.3817167627558,,163.21
FARM-04973,Maize,214.07,65.63,5170.71,284.48
FARM-04974,Maize,560.2861185350218,41.66,5629.97,264.53
FARM-04975,Maize,192.08,61.65,5161.86,310.48
FARM-04976,Rice,150.94,73.0,11379.86,527.58
FARM-04977,Soybean,40.6,51.85,3656.32,283.69
FARM-04978,Wheat,140.61,54.77,4151.67,231.38
FARM-04979,Maize,199.8,73.62,4391.18,239.66
FARM-04980,Maize,159.59,69.33,4707.4,428.05
FARM-04981,Rice,167.32,62.19,11525.06,1960.0608997924023
FARM-04982,Rice,153.74,83.0,9953.94,464.58
FARM-04983,Wheat,131.28,39.89,4171.05,230.82
FARM-04984,Rice,153.54,66.25,11796.33,278.85
FARM-04985,Maize,193.52,63.98,5297.13,331.72
FARM-04986,Wheat,123.51,52.13,3476.3,240.24
FARM-04987,Maize,171.91,59.27,4939.69,288.49
FARM-04988,Cotton,135.57,56.37,8050.99,242.58
FARM-04989,Wheat,139.27,66.76,4018.81,273.7
FARM-04990,Soybean,40.05,40.6,4635.42,217.51
FARM-04991,Sugarcane,204.19,131.47,18237.91,521.25
FARM-04992,Maize,206.08,73.72,5117.72,303.15
FARM-04993,Soybean,41.15,83.53,3710.97,236.69
FARM-04994,Sugarcane,215.96,89.04,17881.93,543.72
FARM-04995,Wheat,144.87,50.76,4836.98,238.3
FARM-04996,Sugarcane,184.01,,19183.17,797.37
FARM-04997,Cotton,145.61,91.9,8432.54,339.41
FARM-04998,Soybean,50.49,50.68,3613.25,154.38
FARM-04999,Wheat,137.51,52.98,3665.27,236.03
FARM-05000,Maize,199.05,47.77,4936.86,
FARM-05001,Maize,200.18,84.33,5715.28,304.76
FARM-05002,Rice,160.73,86.12,9648.6,440.75
FARM-05003,Maize,196.86,78.64,5279.26,334.0
FARM-05004,Sugarcane,209.04,86.86,18218.23,456.89
FARM-05005,Soybean,42.32,49.5,4211.26,200.3
FARM-05006,Soybean,48.26,63.39,4278.07,275.28
FARM-05007,Sugarcane,232.67,93.22,19654.42,624.58
FARM-05008,Wheat,107.27,43.54,4565.47,187.23
FARM-05009,Wheat,118.05,54.44,3922.6,224.73
FARM-05010,Maize,188.75,62.06,5233.38,200.02
FARM-05011,Maize,182.79,58.12,4583.52,206.22
FARM-05012,Maize,202.36,60.1,4674.22,217.84
FARM-05013,Wheat,141.15,49.47,3835.02,188.28
FARM-05014,Cotton,141.1,64.31,6530.34,1104.8632435142797
FARM-05015,Sugarcane,219.84,75.28,18797.28,451.78
FARM-05016,Maize,189.61,48.42,5169.83,335.81
FARM-05017,Rice,155.33,103.17,9979.54,456.3
FARM-05018,Maize,184.09,76.24,4692.63,290.9
FARM-05019,Sugarcane,213.67,101.87,17527.7,529.21
FARM-05020,Wheat,129.56,63.35,3820.91,234.15
FARM-05021,Cotton,148.8,69.58,7626.45,386.03
FARM-05022,Rice,173.88,106.4,11660.84,576.18
FARM-05023,Soybean,53.25,68.34,3475.94,198.32
FARM-05024,Cotton,152.2,62.52,7795.04,361.0
FARM-05025,Maize,203.14,71.55,4956.38,343.6
FARM-05026,Soybean,47.88,55.66,3713.49,262.16
FARM-05027,Maize,182.53,75.84,,325.56
FARM-05028,Cotton,160.58,71.56,7904.58,455.02
FARM-05029,Maize,182.39,56.38,17855.557042313638,807.7776574825472
FARM-05030,Soybean,47.75,38.84,4231.9,148.09
FARM-05031,Rice,136.31,72.89,8803.67,332.09
FARM-05032,Wheat,117.6,47.94,4255.78,233.64
FARM-05033,Sugarcane,213.73,88.19,17170.33,512.63
FARM-05034,Cotton,147.86,55.68,7918.98,331.23
FARM-05035,Cotton,139.81,84.86,,476.12
FARM-05036,Sugarcane,203.44,112.81,17558.31,608.44
FARM-05037,Wheat,133.0,51.73,4086.78,
FARM-05038,Wheat,126.63,68.29,3559.84,326.13
FARM-05039,Soybean,45.49,49.21,3453.51,216.23
FARM-05040,Soybean,55.89,56.58,3169.5,270.33
FARM-05041,Cotton,141.58,38.8,6035.97,317.89
FARM-05042,Maize,202.8,62.55,4387.44,246.36
FARM-05043,Wheat,135.14,60.0,3233.6,257.95
FARM-05044,Cotton,147.6,73.8,7928.11,290.5
FARM-05045,Cotton,145.15,65.2,7531.26,362.18
FARM-05046,Maize,170.5,45.67,5254.0,197.09
FARM-05047,Wheat,142.24,76.67,3847.36,304.56
FARM-05048,Rice,167.73,42.0,9992.82,217.62
FARM-05049,Wheat,133.57,71.73,3642.02,287.28
FARM-05050,Soybean,44.92,63.78,3074.75,216.34
FARM-05051,Maize,190.79,72.06,5485.28,331.83
FARM-05052,Maize,174.42,57.85,4757.42,228.79
FARM-05053,Wheat,112.44,48.24,3828.16,194.07
FARM-05054,Rice,136.22,68.83,8594.48,377.2
FARM-05055,Cotton,136.28,48.31,7470.32,253.11
FARM-05056,Maize,209.77,69.79,5236.63,259.53
FARM-05057,Sugarcane,231.22,92.13,15729.08,512.12
FARM-05058,Rice,141.61,72.21,8416.88,442.02
FARM-05059,Soybean,56.51,62.45,4070.32,235.84
FARM-05060,Maize,185.88,61.55,5732.1,249.98
FARM-05061,Sugarcane,233.59,106.43,18770.71,628.64
FARM-05062,Wheat,,41.51,4236.09,173.26
FARM-05063,Wheat,136.94,40.13,3861.32,223.47
FARM-05064,Wheat,139.71,59.86,3699.15,183.62
FARM-05065,Sugarcane,202.36,95.65,19603.36,560.43
FARM-05066,Sugarcane,202.2,86.97,16433.05,577.51
FARM-05067,Cotton,149.48,76.6,7538.81,358.24
FARM-05068,Sugarcane,204.76,115.84,16770.18,484.91
FARM-05069,Sugarcane,233.51,85.28,17044.19,439.57
FARM-05070,Sugarcane,220.96,91.81,17812.96,410.75
FARM-05071,Rice,142.71,82.52,9172.9,312.07
FARM-05072,Rice,171.49,54.42,10131.36,323.85
FARM-05073,Cotton,148.91,59.69,7486.71,266.13
FARM-05074,Wheat,129.05,67.58,4534.33,301.53
FARM-05075,Maize,176.7,54.85,5117.74,301.41
FARM-05076,Rice,146.66,90.87,9615.52,540.55
FARM-05077,Sugarcane,241.8,105.55,16977.29,541.85
FARM-05078,Cotton,152.84,56.29,6999.21,387.96
FARM-05079,Maize,183.39,63.43,4740.02,273.3
FARM-05080,Maize,205.39,68.01,5656.01,243.79
FARM-05081,Rice,157.53,53.16,10706.13,304.23
FARM-05082,Rice,164.02,71.12,29436.880722910915,482.15
FARM-05083,Rice,156.66,71.41,9103.91,454.46
FARM-05084,Sugarcane,196.52,86.36,17580.18,421.52
FARM-05085,Rice,,100.88,9352.47,559.28
FARM-05086,Rice,173.38,84.19,9772.97,457.99
FARM-05087,Rice,151.63,73.63,11387.78,473.2
FARM-05088,Maize,177.53,82.55,5758.59,233.86
FARM-05089,Sugarcane,219.77,92.01,16169.97,502.72
FARM-05090,Wheat,133.57,81.24,3991.57,291.99
FARM-05091,Maize,190.14,62.6,4986.93,283.4
FARM-05092,Rice,140.46,73.66,9698.84,452.74
FARM-05093,Cotton,136.97,62.57,7418.61,328.98
FARM-05094,Wheat,129.81,40.36,4176.07,131.44
FARM-05095,Maize,703.943557370299,106.41,5829.24,349.26
FARM-05096,Soybean,49.11,52.64,3515.66,252.21
FARM-05097,Maize,180.55,50.67,4740.03,202.21
FARM-05098,Soybean,36.74,51.97,4258.34,173.02
FARM-05099,Soybean,48.53,49.69,3959.69,272.07
FARM-05100,Maize,207.29,87.83,4886.71,1061.5312250540221
FARM-05101,Wheat,108.59,60.27,3634.96,233.02
FARM-05102,Cotton,164.91,59.44,7807.89,409.09
FARM-05103,Maize,184.93,55.76,5141.53,333.24
FARM-05104,Maize,170.93,61.54,5069.72,360.65
FARM-05105,Cotton,146.58,76.8,7957.32,370.81
FARM-05106,Wheat,133.25,54.29,3870.69,268.32
FARM-05107,Soybean,46.07,58.21,4038.89,166.02
FARM-05108,Soybean,43.87,,3276.37,179.67
FARM-05109,Cotton,158.13,61.91,8021.82,400.1
FARM-05110,Maize,196.89,69.52,5194.84,325.2
FARM-05111,Wheat,136.83,60.83,4478.19,244.09
FARM-05112,Soybean,36.98,33.43,4383.58,200.2
FARM-05113,Wheat,117.45,52.38,4169.76,245.64
FARM-05114,Maize,174.74,84.14,5224.47,358.39
FARM-05115,Cotton,142.26,59.91,8633.43,333.96
FARM-05116,Maize,162.28,79.44,5833.03,350.7
FARM-05117,Sugarcane,210.35,120.89,16646.63,681.93
FARM-05118,Sugarcane,227.01,,15873.07,690.35
FARM-05119,Wheat,114.83,65.72,4267.4,203.09
FARM-05120,Sugarcane,237.46,88.3,18630.1,449.42
FARM-05121,Maize,182.13,61.4,5185.38,242.81
FARM-05122,Wheat,112.37,57.51,3624.24,187.67
FARM-05123,Cotton,135.45,239.57712938481916,7240.88,457.77
FARM-05124,Rice,172.2,81.33,9250.56,331.34
FARM-05125,Rice,151.83,81.06,9788.13,343.37
FARM-05126,Wheat,131.79,38.8,4153.61,172.72
FARM-05127,Soybean,53.1,44.92,3743.34,168.49
FARM-05128,Soybean,50.5,45.48,3479.77,210.19
FARM-05129,Sugarcane,214.45,108.22,17309.0,481.88
FARM-05130,Rice,149.82,94.82,10107.25,466.8
FARM-05131,Wheat,120.25,60.31,4105.94,216.75
FARM-05132,Wheat,134.95,56.9,4281.74,213.28
FARM-05133,Cotton,153.28,77.4,8103.05,388.82
FARM-05134,Cotton,151.48,52.41,7824.92,366.79
FARM-05135,Maize,177.66,54.06,5186.21,244.27
FARM-05136,Sugarcane,219.56,111.72,19135.54,614.79
FARM-05137,Soybean,50.47,61.05,4415.55,324.59
FARM-05138,Cotton,157.06,,7459.0,295.54
FARM-05139,Soybean,40.45,65.06,4029.86,205.75
FARM-05140,Cotton,165.21,94.67,7100.81,452.44
FARM-05141,Maize,190.11,67.75,5466.08,275.02
FARM-05142,Rice,143.41,51.67,10209.86,249.79
FARM-05143,Wheat,135.52,52.85,4442.81,212.02
FARM-05144,Cotton,136.67,75.73,7005.72,393.57
FARM-05145,Cotton,144.61,81.25,7525.63,361.61
FARM-05146,Sugarcane,216.42,78.28,17035.04,487.18
FARM-05147,Sugarcane,214.2,122.32,17257.35,547.22
FARM-05148,Rice,155.18,89.55,9921.93,367.77
FARM-05149,Soybean,31.54,59.26,4310.11,233.68
FARM-05150,Maize,168.96,68.05,5348.7,359.24
FARM-05151,Sugarcane,229.63,100.96,16668.58,539.03
FARM-05152,Sugarcane,220.47,119.23,16127.24,591.65
FARM-05153,Rice,145.63,88.52,9183.83,622.12
FARM-05154,Sugarcane,197.04,79.61,18008.05,438.88
FARM-05155,Rice,160.13,66.7,,311.04
FARM-05156,Rice,159.82,101.22,9402.5,596.29
FARM-05157,Rice,151.1,92.22,10601.54,474.79
FARM-05158,Maize,180.87,89.23,5732.66,335.01
FARM-05159,Wheat,110.76,41.47,4735.99,231.51
FARM-05160,Sugarcane,209.87,90.51,18126.85,
FARM-05161,Maize,173.87,68.35,4930.13,260.44
FARM-05162,Cotton,168.14,82.46,7953.89,449.99
FARM-05163,Sugarcane,191.55,86.68,18145.69,1171.1354942809055
FARM-05164,Soybean,48.63,68.75,4046.83,213.4
FARM-05165,Sugarcane,236.16,135.81,,812.3
FARM-05166,Maize,193.68,45.53,5268.0,250.53
FARM-05167,Sugarcane,188.9,120.41,18936.5,749.52
FARM-05168,Maize,180.83,72.77,5114.15,340.62
FARM-05169,Maize,188.89,68.87,5080.83,286.69
FARM-05170,Maize,196.37,61.32,5120.01,319.79
FARM-05171,Wheat,130.89,56.53,3888.74,206.58
FARM-05172,Wheat,130.25,67.37,3717.85,184.3
FARM-05173,Cotton,159.82,61.04,7287.33,311.81
FARM-05174,Soybean,34.21,61.12,4100.85,234.02
FARM-05175,Maize,205.39,68.7,4690.6,305.56
FARM-05176,Rice,153.2,88.7,10615.94,635.17
FARM-05177,Soybean,46.85,47.46,4038.65,277.75
FARM-05178,Cotton,164.0,73.66,7376.5,408.42
FARM-05179,Sugarcane,240.88,,17495.4,575.1
FARM-05180,Cotton,140.01,57.73,8264.98,276.23
FARM-05181,Soybean,42.15,42.51,3328.94,728.8488605401539
FARM-05182,Sugarcane,222.55,81.16,17483.57,443.7
FARM-05183,Wheat,143.23,62.39,4568.62,232.9
FARM-05184,Rice,152.34,103.35,10253.96,522.27
FARM-05185,Sugarcane,207.09,100.47,17241.02,594.0
FARM-05186,Rice,161.38,69.53,10898.66,439.33
FARM-05187,Cotton,149.29,59.52,7398.93,323.45
FARM-05188,Wheat,143.03,47.89,4288.79,224.35
FARM-05189,Soybean,32.63,43.22,3812.69,220.73
FARM-05190,Rice,128.85,83.76,9693.93,358.91
FARM-05191,Wheat,133.71,62.53,3348.18,224.55
FARM-05192,Maize,193.58,54.74,4716.72,233.31
FARM-05193,Sugarcane,245.18,117.97,17038.92,548.17
FARM-05194,Rice,150.67,67.19,8662.93,360.68
FARM-05195,Cotton,152.26,201.6970935088774,7661.8,299.89
FARM-05196,Rice,157.21,74.2,9630.12,468.09
FARM-05197,Wheat,107.58,55.58,4775.32,169.45
FARM-05198,Sugarcane,214.2,134.06,17538.23,577.05
FARM-05199,Soybean,106.98611860338143,60.82,3845.42,244.82
FARM-05200,Sugarcane,202.19,100.46,,463.68
FARM-05201,Soybean,36.32,73.77,4543.28,268.39
FARM-05202,Sugarcane,221.83,96.55,17258.25,458.64
FARM-05203,Maize,203.79,84.54,5238.2,343.06
FARM-05204,Sugarcane,182.28,87.91,18587.92,569.13
FARM-05205,Soybean,47.14,46.56,4217.72,216.55
FARM-05206,Soybean,46.66,60.7,4426.36,226.23
FARM-05207,Maize,173.87,50.4,5355.61,196.68
FARM-05208,Soybean,45.13,45.65,3999.68,181.77
FARM-05209,Rice,149.46,98.13,9843.42,462.58
FARM-05210,Sugarcane,209.77,118.77,17465.58,676.8
FARM-05211,Maize,194.74,59.66,4439.36,
FARM-05212,Maize,203.39,73.15,5374.84,260.17
FARM-05213,Soybean,50.71,69.94,4035.49,333.55
FARM-05214,Sugarcane,215.86,96.52,16688.04,623.55
FARM-05215,Sugarcane,247.85,62.92,19022.78,443.53
FARM-05216,Cotton,130.68,52.1,,341.85
FARM-05217,Cotton,143.87,67.11,7955.38,344.35
FARM-05218,Sugarcane,211.49,108.54,19640.76,621.76
FARM-05219,Sugarcane,193.17,126.98,17780.48,812.03
FARM-05220,Wheat,139.07,59.04,3739.74,209.56
FARM-05221,Maize,184.44,80.25,5079.95,255.1
FARM-05222,Sugarcane,202.26,101.32,18380.09,1488.7280113197792
FARM-05223,Maize,210.37,91.18,4389.42,275.72
FARM-05224,Wheat,130.53,50.52,4494.02,203.31
FARM-05225,Wheat,129.32,54.1,4311.84,284.34
FARM-05226,Cotton,142.05,53.73,7186.44,368.7
FARM-05227,Maize,151.05,66.67,5160.62,205.18
FARM-05228,Sugarcane,199.53,82.86,18805.55,373.52
FARM-05229,Maize,204.84,99.82,4133.7,390.14
FARM-05230,Sugarcane,217.73,84.01,17360.13,441.55
FARM-05231,Soybean,48.74,42.36,4010.07,165.7
FARM-05232,Wheat,132.55,,4261.28,199.48
FARM-05233,Soybean,43.83,90.84,4408.01,331.23
FARM-05234,Soybean,40.94,46.28,4413.0,249.45
FARM-05235,Maize,191.77,209.45657236426368,5124.88,236.14
FARM-05236,Sugarcane,229.02,91.04,15316.3,445.45
FARM-05237,Wheat,119.02,55.04,4069.69,149.0
FARM-05238,Sugarcane,218.72,92.69,17845.28,528.94
FARM-05239,Soybean,44.4,34.91,3551.27,179.32
FARM-05240,Rice,134.6,68.36,11119.04,338.65
FARM-05241,Rice,161.23,90.21,8890.65,616.11
FARM-05242,Wheat,126.63,54.29,4054.34,269.17
FARM-05243,Wheat,136.5,50.96,3328.17,310.19
FARM-05244,Sugarcane,241.21,89.4,17897.58,479.99
FARM-05245,Soybean,51.28,64.07,3305.38,233.84
FARM-05246,Rice,140.86,67.13,,524.32
FARM-05247,Maize,179.64,71.02,4507.07,246.14
FARM-05248,Sugarcane,248.67,87.72,16881.25,453.93
FARM-05249,Rice,156.8,66.23,9013.09,381.0
FARM-05250,Rice,147.69,96.54,11249.89,588.95
FARM-05251,Wheat,122.74,50.47,3731.28,239.74
FARM-05252,Soybean,42.59,40.38,4002.8,190.33
FARM-05253,Maize,177.2,86.23,4793.99,312.79
FARM-05254,Wheat,141.44,48.66,3665.86,228.15
FARM-05255,Cotton,147.82,68.74,7402.86,364.61
FARM-05256,Cotton,134.95,78.39,7579.4,1736.117465280511
FARM-05257,Sugarcane,238.0,58.41,16463.49,375.96
FARM-05258,Rice,151.93,95.76,9641.6,574.19
FARM-05259,Cotton,136.19,72.21,8012.84,346.48
FARM-05260,Cotton,139.91,97.9,7115.55,555.88
FARM-05261,Maize,169.17,78.66,5197.64,208.72
FARM-05262,Sugarcane,229.81,110.38,18172.53,731.44
FARM-05263,Sugarcane,189.73,78.81,17584.0,474.95
FARM-05264,Maize,197.9,59.19,4154.04,279.13
FARM-05265,Cotton,442.4049147095423,87.18,7416.77,412.85
FARM-05266,Wheat,121.39,50.57,4271.89,201.52
FARM-05267,Wheat,,64.13,3342.9,277.2
FARM-05268,Maize,165.79,,5312.73,367.16
FARM-05269,Maize,178.53,61.91,5117.9,279.72
FARM-05270,Sugarcane,207.13,80.49,17482.32,565.37
FARM-05271,Sugarcane,213.75,98.01,17267.06,449.08
FARM-05272,Rice,177.69,111.39,9230.82,468.12
FARM-05273,Rice,146.03,83.58,11425.25,484.44
FARM-05274,Cotton,141.8,43.42,8706.75,216.98
FARM-05275,Maize,165.58,74.77,4182.6,283.8
FARM-05276,Wheat,139.5,31.68,4105.33,132.48
FARM-05277,Cotton,161.0,59.21,7078.94,349.34
FARM-05278,Sugarcane,190.34,102.57,17476.95,481.51
FARM-05279,Soybean,44.73,71.13,3735.43,
FARM-05280,Sugarcane,193.67,84.96,18411.74,378.71
FARM-05281,Sugarcane,231.38,127.79,19225.04,491.28
FARM-05282,Rice,171.06,83.56,10317.84,566.03
FARM-05283,Maize,170.83,64.98,5303.05,270.09
FARM-05284,Soybean,47.78,52.03,4032.8,247.39
FARM-05285,Sugarcane,222.09,84.04,18194.43,464.43
FARM-05286,Wheat,116.56,53.69,3913.83,723.405681675773
FARM-05287,Cotton,135.36,75.85,6712.01,330.48
FARM-05288,Cotton,128.69,72.82,6264.46,320.62
FARM-05289,Sugarcane,211.72,108.6,18136.73,629.05
FARM-05290,Rice,137.26,65.41,9522.72,
FARM-05291,Maize,210.65,80.83,5394.01,324.58
FARM-05292,Rice,148.47,66.07,9920.62,420.71
FARM-05293,Wheat,118.92,51.48,3588.55,249.02
FARM-05294,Wheat,106.19,59.37,4565.85,246.05
FARM-05295,Sugarcane,213.75,104.33,17384.87,654.74
FARM-05296,Rice,158.62,,10913.29,463.15
FARM-05297,Sugarcane,246.0,451.39023926865394,17547.64,575.97
FARM-05298,Cotton,,63.17,6230.22,336.4
FARM-05299,Wheat,126.23,53.77,4268.1,291.02
FARM-05300,Maize,198.02,62.32,5018.23,299.96
FARM-05301,Rice,137.25,72.61,9339.9,531.0
FARM-05302,Cotton,142.94,45.81,8493.62,303.12
FARM-05303,Maize,206.73,103.95,5079.61,286.66
FARM-05304,Cotton,130.55,77.07,8469.12,400.1
FARM-05305,Soybean,54.34,54.43,4390.44,216.36
FARM-05306,Sugarcane,226.26,112.55,,668.21
FARM-05307,Sugarcane,224.13,102.02,17619.0,501.12
FARM-05308,Sugarcane,230.99,115.55,18029.7,634.87
FARM-05309,Maize,182.46,79.79,5169.1,269.31
FARM-05310,Rice,162.83,106.19,9893.65,
FARM-05311,Maize,170.73,67.51,4613.78,234.32
FARM-05312,Cotton,129.02,53.87,6419.33,361.93
FARM-05313,Cotton,149.2,59.12,7197.5,346.23
FARM-05314,Wheat,112.46,70.38,3831.5,276.72
FARM-05315,Cotton,129.86,47.43,7463.38,222.82
FARM-05316,Sugarcane,207.26,84.14,17450.46,380.23
FARM-05317,Rice,178.5,80.7,9349.55,548.46
FARM-05318,Soybean,39.09,53.35,4159.93,216.53
FARM-05319,Rice,160.99,90.57,9925.98,546.41
FARM-05320,Cotton,144.5,65.58,8611.22,356.83
FARM-05321,Maize,187.29,64.71,4868.19,333.63
FARM-05322,Maize,185.94,56.68,4602.83,281.06
FARM-05323,Wheat,117.88,60.19,3769.53,263.67
FARM-05324,Cotton,147.1,64.53,7292.06,375.33
FARM-05325,Rice,146.97,96.34,11288.21,432.29
FARM-05326,Maize,199.93,65.04,4552.6,266.03
FARM-05327,Soybean,40.98,59.75,4070.46,239.21
FARM-05328,Soybean,46.63,69.44,3821.03,257.31
FARM-05329,Wheat,121.02,47.95,4213.75,
FARM-05330,Soybean,41.97,48.68,3990.72,204.1
FARM-05331,Cotton,156.17,59.47,7275.75,331.62
FARM-05332,Cotton,151.25,51.68,7585.44,336.29
FARM-05333,Soybean,42.45,48.62,4155.48,168.82
FARM-05334,Wheat,131.68,62.14,3344.47,266.94
FARM-05335,Soybean,39.82,44.82,4481.97,215.07
FARM-05336,Wheat,136.76,68.96,3227.23,228.18
FARM-05337,Cotton,172.55,60.78,7706.68,353.44
FARM-05338,Sugarcane,218.06,91.52,17528.18,502.88
FARM-05339,Soybean,49.09,53.25,14705.30025942649,237.43
FARM-05340,Maize,173.21,65.54,4968.23,246.19
FARM-05341,Sugarcane,191.88,130.85,16206.29,718.33
FARM-05342,Cotton,166.7,65.44,8254.48,
FARM-05343,Sugarcane,208.18,79.87,18393.03,456.98
FARM-05344,Wheat,124.44,32.08,4000.07,151.4
FARM-05345,Cotton,160.36,69.19,6928.89,456.43
FARM-05346,Cotton,133.89,55.67,7025.97,404.06
FARM-05347,Maize,191.82,62.39,5213.46,277.34
FARM-05348,Rice,144.99,61.12,10524.45,484.99
FARM-05349,Cotton,172.61,55.4,6858.15,292.06
FARM-05350,Cotton,164.42,68.99,6716.04,310.36
FARM-05351,Rice,152.64,110.41,8384.06,576.44
FARM-05352,Rice,155.39,91.33,10215.62,405.22
FARM-05353,Cotton,165.17,71.46,8025.56,416.26
FARM-05354,Wheat,129.45,48.79,3565.56,201.98
FARM-05355,Wheat,111.6,73.71,4186.0,267.66
FARM-05356,Rice,150.61,50.65,10774.02,
FARM-05357,Sugarcane,219.59,94.57,16349.1,575.34
FARM-05358,Wheat,142.0,51.14,4054.88,177.06
FARM-05359,Soybean,55.02,56.66,3855.3,246.21
FARM-05360,Wheat,126.0,55.77,4737.62,201.14
FARM-05361,Wheat,114.29,69.75,3646.15,254.58
FARM-05362,Rice,158.94,92.76,9590.88,547.7
FARM-05363,Sugarcane,192.79,88.23,18722.85,635.64
FARM-05364,Rice,138.18,80.11,8851.25,442.93
FARM-05365,Cotton,145.07,71.63,7063.61,522.18
FARM-05366,Soybean,46.27,49.2,4016.84,227.29
FARM-05367,Cotton,156.74,64.05,6599.01,308.87
FARM-05368,Sugarcane,213.26,102.11,17755.98,586.78
FARM-05369,Sugarcane,189.85,68.06,18986.32,494.36
FARM-05370,Sugarcane,233.19,122.94,19612.97,479.29
FARM-05371,Soybean,31.13,49.65,4235.71,242.5
FARM-05372,Sugarcane,195.76,95.47,16555.82,534.44
FARM-05373,Soybean,35.32,51.48,4577.86,199.83
FARM-05374,Rice,166.76,74.06,11034.72,478.9
FARM-05375,Sugarcane,192.79,90.01,17857.1,476.43
FARM-05376,Maize,180.35,71.08,4987.55,358.71
FARM-05377,Cotton,158.63,78.09,8825.3,466.89
FARM-05378,Maize,208.31,79.05,4769.21,288.99
FARM-05379,Wheat,129.18,49.13,4770.91,162.66
FARM-05380,Soybean,46.17,51.49,3415.05,260.46
FARM-05381,Soybean,49.44,,4274.64,186.75
FARM-05382,Wheat,147.47,56.62,4906.17,231.14
FARM-05383,Wheat,125.11,,3861.98,248.78
FARM-05384,Wheat,132.28,64.37,4261.15,306.16
FARM-05385,Sugarcane,219.01,114.46,19612.82,647.0
FARM-05386,Rice,131.39,63.17,9024.32,395.27
FARM-05387,Wheat,132.63,,3494.76,222.31
FARM-05388,Rice,594.7980147907651,65.09,10356.9,468.29
FARM-05389,Cotton,160.49,44.68,7270.58,264.99
FARM-05390,Wheat,118.74,62.18,3466.3,253.15
FARM-05391,Wheat,133.22,80.01,4305.1,295.62
FARM-05392,Soybean,44.7,42.52,4283.9,155.72
FARM-05393,Maize,153.11,67.08,4514.22,249.67
FARM-05394,Soybean,47.86,58.23,4306.43,233.71
FARM-05395,Wheat,114.78,50.3,4666.26,206.7
FARM-05396,Wheat,113.17,31.16,4151.56,125.39
FARM-05397,Maize,218.1,58.09,4322.81,209.56
FARM-05398,Maize,183.41,92.02,5032.36,368.95
FARM-05399,Wheat,,,3703.82,244.58
FARM-05400,Cotton,154.55,61.42,7725.29,410.01
FARM-05401,Wheat,117.58,42.58,4213.02,187.03
FARM-05402,Soybean,52.51,67.74,3859.22,310.47
FARM-05403,Soybean,45.84,57.38,4808.83,239.46
FARM-05404,Maize,183.91,63.41,4874.93,306.23
FARM-05405,Rice,137.04,54.64,11511.75,364.69
FARM-05406,Sugarcane,205.69,117.82,16183.83,649.68
FARM-05407,Sugarcane,210.41,89.57,16790.15,373.86
FARM-05408,Rice,134.17,73.83,10584.95,440.46
FARM-05409,Cotton,157.8,60.29,7103.21,354.86
FARM-05410,Wheat,125.72,32.76,3928.22,146.35
FARM-05411,Cotton,148.84,71.64,7227.56,430.33
FARM-05412,Soybean,52.77,40.52,3961.12,215.57
FARM-05413,Maize,157.07,67.88,5562.53,297.77
FARM-05414,Cotton,131.78,100.77,8341.53,452.18
FARM-05415,Cotton,159.5,68.79,8206.24,398.56
FARM-05416,Maize,190.78,66.95,5272.64,377.4
FARM-05417,Wheat,122.74,56.04,4368.14,217.92
FARM-05418,Maize,167.99,59.47,5324.79,347.6
FARM-05419,Wheat,127.88,71.41,,231.23
FARM-05420,Soybean,36.43,44.0,3755.05,233.62
FARM-05421,Soybean,36.72,57.64,3923.18,213.89
FARM-05422,Maize,169.24,94.98,4950.02,408.62
FARM-05423,Sugarcane,216.75,83.83,18801.26,400.87
FARM-05424,Soybean,49.4,52.93,,200.61
FARM-05425,Sugarcane,243.93,105.28,16578.62,680.23
FARM-05426,Rice,152.24,50.12,10804.11,240.17
FARM-05427,Soybean,45.01,45.83,4231.94,161.93
FARM-05428,Sugarcane,,128.0,19025.19,702.99
FARM-05429,Maize,192.47,66.63,4969.58,313.77
FARM-05430,Rice,133.54,67.91,10225.43,369.42
FARM-05431,Wheat,118.4,74.68,4255.46,358.26
FARM-05432,Maize,188.2,59.95,5093.63,294.47
FARM-05433,Sugarcane,239.38,119.04,18711.57,544.28
FARM-05434,Sugarcane,229.99,87.31,18537.57,443.84
FARM-05435,Rice,148.6,73.3,9116.27,340.33
FARM-05436,Cotton,133.6,57.04,7450.39,295.56
FARM-05437,Sugarcane,220.19,150.67,17132.74,649.26
FARM-05438,Wheat,123.86,,4782.03,184.33
FARM-05439,Cotton,154.19,71.86,8858.73,359.85
FARM-05440,Rice,142.37,56.87,10403.33,330.5
FARM-05441,Soybean,49.17,41.35,3266.91,194.89
FARM-05442,Cotton,132.08,70.03,7109.06,379.4
FARM-05443,Sugarcane,209.28,100.47,18600.07,573.74
FARM-05444,Maize,184.71,55.81,5315.77,236.1
FARM-05445,Maize,174.0,62.09,4584.28,202.2
FARM-05446,Soybean,49.07,52.27,3985.37,209.24
FARM-05447,Soybean,42.12,,3480.23,214.49
FARM-05448,Soybean,30.91,49.41,3573.86,246.46
FARM-05449,Sugarcane,228.34,96.14,15919.52,584.04
FARM-05450,Cotton,146.52,35.0,8290.57,244.83
FARM-05451,Maize,179.21,66.34,5001.68,229.4
FARM-05452,Cotton,175.23,76.97,7760.85,333.18
FARM-05453,Cotton,146.32,85.57,7387.12,384.44
FARM-05454,Wheat,126.81,55.88,4968.96,215.25
FARM-05455,Sugarcane,214.24,70.64,18645.48,361.12
FARM-05456,Wheat,135.64,47.96,4163.53,192.94
FARM-05457,Maize,195.77,65.42,4503.53,285.56
FARM-05458,Maize,201.02,78.13,4324.91,333.95
FARM-05459,Maize,187.03,63.97,4743.51,231.41
FARM-05460,Soybean,49.95,56.64,3764.73,227.04
FARM-05461,Rice,146.58,65.32,11298.64,
FARM-05462,Maize,188.96,68.79,4857.59,317.64
FARM-05463,Soybean,51.23,62.64,4200.98,227.34
FARM-05464,Rice,148.62,71.93,8497.13,407.49
FARM-05465,Rice,132.76,76.55,10876.27,433.68
FARM-05466,Soybean,44.26,60.24,4178.66,191.02
FARM-05467,Wheat,101.15,48.29,4282.88,223.7
FARM-05468,Rice,125.72,90.39,8758.16,463.8
FARM-05469,Soybean,46.91,54.41,3472.67,218.91
FARM-05470,Soybean,41.04,64.62,3282.34,262.88
FARM-05471,Rice,158.79,88.45,8185.6,438.08
FARM-05472,Rice,137.84,64.78,11608.3,504.22
FARM-05473,Rice,159.95,73.25,10088.97,336.98
FARM-05474,Soybean,49.51,62.24,3587.56,218.76
FARM-05475,Wheat,123.31,68.94,4591.69,286.83
FARM-05476,Cotton,,62.62,7869.38,319.43
FARM-05477,Sugarcane,620.3841496692686,,15841.17,586.79
FARM-05478,Maize,191.12,81.05,5040.79,314.16
FARM-05479,Cotton,166.8,77.53,7862.05,413.12
FARM-05480,Maize,155.2,71.7,4841.77,275.49
FARM-05481,Rice,149.39,88.46,10772.82,459.12
FARM-05482,Maize,162.45,61.45,4919.52,234.84
FARM-05483,Soybean,45.28,48.21,3538.93,193.49
FARM-05484,Soybean,48.39,51.59,3672.58,175.87
FARM-05485,Sugarcane,211.38,121.99,18168.78,665.33
FARM-05486,Maize,,68.4,4682.93,306.28
FARM-05487,Sugarcane,217.6,262.6474179062102,16476.76,648.58
FARM-05488,Wheat,119.05,49.71,,276.5
FARM-05489,Soybean,48.54,57.36,11393.833427599418,273.43
FARM-05490,Cotton,144.18,72.44,6715.98,341.4
FARM-05491,Cotton,131.31,54.85,7904.75,370.62
FARM-05492,Soybean,45.38,70.79,4014.4,325.45
FARM-05493,Maize,175.21,66.27,5081.1,212.44
FARM-05494,Cotton,161.4,58.32,6755.36,279.05
FARM-05495,Sugarcane,222.28,100.26,17474.26,426.52
FARM-05496,Wheat,133.84,54.8,4216.39,225.36
FARM-05497,Maize,187.67,77.11,4826.28,473.31
FARM-05498,Soybean,49.98,48.08,4163.11,156.13
FARM-05499,Cotton,141.95,71.81,7872.28,373.26
FARM-05500,Wheat,420.39707871255587,58.18,3556.28,225.59
FARM-05501,Rice,138.95,124.79,11131.86,570.2
FARM-05502,Soybean,49.4,59.68,4405.01,214.56
FARM-05503,Rice,165.37,81.58,9189.96,527.58
FARM-05504,Sugarcane,236.82,75.73,16418.86,411.65
FARM-05505,Rice,153.65,89.57,10925.35,477.92
FARM-05506,Maize,201.57,74.86,5681.79,315.98
FARM-05507,Soybean,41.99,49.13,3712.73,204.96
FARM-05508,Sugarcane,185.34,122.89,17513.4,608.06
FARM-05509,Wheat,148.07,,3321.27,194.3
FARM-05510,Wheat,137.99,67.24,3663.48,275.44
FARM-05511,Maize,180.95,80.86,5689.7,363.51
FARM-05512,Wheat,119.0,57.85,4021.14,181.59
FARM-05513,Maize,193.67,88.91,5261.47,285.42
FARM-05514,Soybean,53.78,36.13,,181.28
FARM-05515,Soybean,48.88,47.65,4374.24,232.71
FARM-05516,Cotton,147.83,,7161.98,354.03
FARM-05517,Maize,155.07,77.01,5165.71,330.52
FARM-05518,Sugarcane,244.81,102.75,16649.76,695.61
FARM-05519,Cotton,154.35,54.34,7391.91,330.59
FARM-05520,Cotton,160.62,57.37,8243.39,305.23
FARM-05521,Wheat,112.91,61.22,4348.91,228.63
FARM-05522,Sugarcane,218.95,,17930.64,495.89
FARM-05523,Maize,184.31,66.12,4177.13,241.64
FARM-05524,Maize,,56.98,4674.45,192.67
FARM-05525,Maize,211.22,94.78,5865.63,399.63
FARM-05526,Cotton,161.81,98.86,8140.23,434.72
FARM-05527,Cotton,141.92,65.95,6315.71,259.39
FARM-05528,Soybean,38.88,59.58,3884.09,226.96
FARM-05529,Cotton,138.04,74.64,7692.23,422.95
FARM-05530,Maize,164.75,74.12,4891.71,330.93
FARM-05531,Cotton,,76.18,7589.66,499.72
FARM-05532,Soybean,50.99,45.75,4364.55,176.94
FARM-05533,Cotton,166.72,89.52,7185.1,522.64
FARM-05534,Cotton,174.62,71.39,6436.89,367.48
FARM-05535,Sugarcane,230.55,89.56,16704.66,547.55
FARM-05536,Soybean,43.31,71.57,3503.54,219.27
FARM-05537,Maize,158.61,57.47,5326.01,168.01
FARM-05538,Cotton,174.6,80.78,6852.16,355.8
FARM-05539,Soybean,41.78,60.76,3802.83,229.11
FARM-05540,Wheat,108.89,74.72,4796.19,269.96
FARM-05541,Sugarcane,241.48,109.3,18049.05,637.8
FARM-05542,Soybean,44.0,49.04,4181.96,148.95
FARM-05543,Maize,177.56,82.77,5007.71,299.08
FARM-05544,Rice,149.96,84.76,11061.49,
FARM-05545,Wheat,120.11,32.84,3566.51,119.8
FARM-05546,Sugarcane,231.82,114.51,17444.4,483.67
FARM-05547,Sugarcane,207.18,96.61,15474.94,436.01
FARM-05548,Cotton,139.23,69.52,7792.8,516.83
FARM-05549,Soybean,50.42,62.48,4179.49,169.46
FARM-05550,Sugarcane,196.05,79.73,18583.23,401.18
FARM-05551,Sugarcane,199.97,94.68,17492.24,629.63
FARM-05552,Soybean,45.56,59.68,4158.67,274.19
FARM-05553,Rice,,79.37,10969.16,527.41
FARM-05554,Cotton,160.6,49.06,7563.4,239.77
FARM-05555,Cotton,149.81,62.57,6955.97,331.99
FARM-05556,Maize,183.71,58.38,5364.66,299.15
FARM-05557,Rice,130.0,104.5,10272.17,435.8
FARM-05558,Sugarcane,,123.81,18665.13,693.62
FARM-05559,Wheat,135.23,,3926.96,312.34
FARM-05560,Wheat,115.62,50.33,4522.45,287.58
FARM-05561,Wheat,115.74,69.24,4503.33,290.81
FARM-05562,Wheat,123.19,44.62,4247.57,180.02
FARM-05563,Wheat,107.65,49.53,3925.33,174.91
FARM-05564,Maize,772.6993024118118,54.07,5096.97,192.41
FARM-05565,Rice,159.15,61.03,9050.7,397.73
FARM-05566,Rice,121.73,84.71,9402.0,515.68
FARM-05567,Cotton,157.87,50.52,8392.39,339.13
FARM-05568,Cotton,169.98,66.3,7283.29,369.1
FARM-05569,Soybean,35.89,55.18,3388.04,250.69
FARM-05570,Rice,153.53,78.79,9935.6,380.41
FARM-05571,Rice,154.1,99.05,11040.2,341.69
FARM-05572,Sugarcane,207.98,118.31,17929.64,582.71
FARM-05573,Cotton,157.25,71.19,8199.53,269.43
FARM-05574,Cotton,148.68,75.98,8270.51,411.17
FARM-05575,Cotton,145.47,52.78,7945.61,254.04
FARM-05576,Rice,134.03,78.91,9815.14,403.9
FARM-05577,Sugarcane,227.2,104.01,16800.14,523.78
FARM-05578,Sugarcane,207.52,67.47,18992.5,346.79
FARM-05579,Sugarcane,214.37,110.09,16664.23,699.14
FARM-05580,Rice,158.82,100.87,10385.55,488.74
FARM-05581,Rice,146.65,83.05,9467.33,577.39
FARM-05582,Sugarcane,219.02,74.1,16017.99,492.69
FARM-05583,Cotton,142.41,59.58,7463.0,364.45
FARM-05584,Cotton,176.24,48.43,7287.67,256.74
FARM-05585,Rice,133.02,81.55,10284.85,434.92
FARM-05586,Soybean,41.08,46.23,3769.26,194.62
FARM-05587,Soybean,41.67,52.15,4338.06,199.93
FARM-05588,Maize,171.08,73.18,4486.3,269.35
FARM-05589,Maize,179.21,47.13,4695.48,262.16
FARM-05590,Cotton,160.15,81.75,7614.67,423.21
FARM-05591,Soybean,46.89,75.56,,357.5
FARM-05592,Sugarcane,211.82,97.74,17014.24,516.8
FARM-05593,Sugarcane,208.14,104.09,16612.29,495.15
FARM-05594,Wheat,139.64,38.53,4355.81,158.18
FARM-05595,Wheat,128.37,47.7,3921.69,229.11
FARM-05596,Soybean,51.59,50.41,3719.32,225.88
FARM-05597,Rice,163.68,82.98,,358.71
FARM-05598,Soybean,55.18,43.6,3831.06,225.55
FARM-05599,Soybean,50.69,49.0,4572.71,263.24
FARM-05600,Sugarcane,184.29,87.58,17646.75,472.09
FARM-05601,Rice,167.46,63.8,10603.13,416.62
FARM-05602,Wheat,124.97,62.15,11187.268789916885,282.56
FARM-05603,Maize,175.48,74.33,4306.89,320.83
FARM-05604,Sugarcane,225.29,111.47,18849.52,529.21
FARM-05605,Cotton,149.52,65.2,7706.88,334.18
FARM-05606,Wheat,126.88,65.83,4117.9,336.25
FARM-05607,Rice,127.36,82.65,11505.7,520.94
FARM-05608,Maize,185.58,90.67,5559.23,297.15
FARM-05609,Sugarcane,234.42,108.47,17115.7,640.71
FARM-05610,Soybean,50.9,50.51,3731.6,232.76
FARM-05611,Maize,167.84,61.25,5399.4,301.27
FARM-05612,Sugarcane,232.09,85.61,19282.52,494.54
FARM-05613,Sugarcane,209.9,110.23,17398.92,641.69
FARM-05614,Sugarcane,215.92,83.42,19333.28,598.11
FARM-05615,Maize,200.64,105.08,4537.02,381.6
FARM-05616,Rice,134.68,94.48,10472.01,389.46
FARM-05617,Maize,196.32,59.36,4887.56,343.7
FARM-05618,Cotton,,55.34,8952.43,427.62
FARM-05619,Wheat,129.78,44.89,4028.87,242.76
FARM-05620,Rice,137.17,94.54,10580.11,645.46
FARM-05621,Maize,183.3,62.25,4502.37,309.24
FARM-05622,Cotton,163.52,57.34,7118.03,399.33
FARM-05623,Sugarcane,209.8,86.19,17539.69,546.74
FARM-05624,Soybean,53.02,64.48,3727.79,251.57
FARM-05625,Rice,174.74,100.07,9403.86,562.04
FARM-05626,Sugarcane,225.94,88.04,17304.42,536.91
FARM-05627,Wheat,129.32,56.19,3467.1,201.53
FARM-05628,Maize,181.9,54.08,5312.34,273.1
FARM-05629,Rice,133.98,79.52,10068.87,592.99
FARM-05630,Soybean,47.03,39.42,3451.58,171.18
FARM-05631,Wheat,128.09,73.41,3560.97,305.16
FARM-05632,Maize,210.07,74.64,5141.49,314.01
FARM-05633,Cotton,155.49,58.66,8775.61,374.47
FARM-05634,Sugarcane,236.7,78.66,17380.81,605.46
FARM-05635,Soybean,,50.58,3824.8,270.79
FARM-05636,Maize,184.17,55.57,4831.28,256.76
FARM-05637,Wheat,137.19,62.34,3748.72,234.25
FARM-05638,Cotton,138.2,66.46,8077.81,359.9
FARM-05639,Rice,151.21,112.4,9988.6,628.8
FARM-05640,Wheat,115.75,48.82,4543.48,187.69
FARM-05641,Maize,179.68,62.64,4850.63,341.78
FARM-05642,Rice,136.13,50.29,10415.48,335.79
FARM-05643,Soybean,34.94,61.81,3344.51,244.01
FARM-05644,Soybean,51.07,42.74,3912.92,186.93
FARM-05645,Cotton,141.66,46.4,8216.18,251.36
FARM-05646,Maize,192.27,98.11,4660.07,389.05
FARM-05647,Rice,175.47,43.52,10940.04,227.73
FARM-05648,Maize,180.97,72.29,5221.11,
FARM-05649,Rice,169.34,73.37,9894.69,332.78
FARM-05650,Wheat,112.53,35.92,3825.96,234.38
FARM-05651,Cotton,148.0,46.89,6595.9,326.43
FARM-05652,Rice,143.21,88.81,10508.25,408.41
FARM-05653,Cotton,153.89,59.72,7700.52,304.78
FARM-05654,Rice,164.52,72.82,11467.23,412.03
FARM-05655,Sugarcane,214.63,119.59,17162.79,672.64
FARM-05656,Rice,135.56,86.3,10129.54,414.92
FARM-05657,Soybean,53.17,66.56,3866.58,273.43
FARM-05658,Cotton,138.03,77.7,8406.02,426.49
FARM-05659,Wheat,108.03,63.88,3408.14,268.08
FARM-05660,Maize,196.15,78.77,4086.52,266.72
FARM-05661,Cotton,145.43,65.73,7881.91,382.01
FARM-05662,Wheat,120.73,47.4,4123.94,179.43
FARM-05663,Maize,178.2,38.79,4940.3,232.05
FARM-05664,Maize,,72.78,5029.15,
FARM-05665,Wheat,120.24,58.58,3386.34,210.85
FARM-05666,Rice,151.68,79.11,10395.24,486.91
FARM-05667,Soybean,38.91,44.26,3592.22,256.49
FARM-05668,Cotton,171.43,65.21,7152.08,330.41
FARM-05669,Sugarcane,215.96,72.38,19195.67,421.35
FARM-05670,Sugarcane,196.8,113.66,17114.51,
FARM-05671,Rice,166.4,99.85,10093.8,428.73
FARM-05672,Soybean,35.03,45.51,4491.9,209.16
FARM-05673,Cotton,150.94,68.77,7916.45,412.14
FARM-05674,Cotton,132.18,48.46,7885.17,292.56
FARM-05675,Rice,150.91,86.08,10242.34,440.67
FARM-05676,Sugarcane,224.41,110.02,17060.75,701.47
FARM-05677,Rice,168.37,118.87,11063.04,519.18
FARM-05678,Soybean,,40.04,3981.24,171.95
FARM-05679,Maize,185.33,74.65,5108.16,282.84
FARM-05680,Rice,163.22,106.19,11060.98,605.34
FARM-05681,Soybean,50.42,71.27,14915.507271431974,226.18
FARM-05682,Wheat,135.26,47.68,4278.74,177.88
FARM-05683,Wheat,118.58,40.81,3760.0,191.16
FARM-05684,Soybean,40.99,53.17,4118.94,170.78
FARM-05685,Sugarcane,185.15,85.84,16326.29,362.31
FARM-05686,Rice,169.61,76.32,11132.37,429.18
FARM-05687,Cotton,139.23,61.33,7372.94,390.29
FARM-05688,Maize,184.46,54.04,5679.39,233.72
FARM-05689,Cotton,145.25,55.74,8040.43,330.38
FARM-05690,Sugarcane,221.04,98.43,17995.16,521.9
FARM-05691,Cotton,150.89,95.29,8687.42,335.1
FARM-05692,Wheat,119.15,60.4,3595.43,239.34
FARM-05693,Cotton,163.55,77.2,8605.58,369.53
FARM-05694,Cotton,148.59,,8198.66,390.52
FARM-05695,Wheat,118.97,46.72,4477.49,170.91
FARM-05696,Soybean,53.15,54.75,4413.66,173.67
FARM-05697,Cotton,158.17,61.88,6977.02,258.3
FARM-05698,Wheat,107.17,57.22,3468.83,219.8
FARM-05699,Cotton,134.29,60.18,7339.86,
FARM-05700,Rice,133.93,69.0,8527.93,430.22
FARM-05701,Sugarcane,235.39,82.27,19021.45,530.59
FARM-05702,Rice,159.98,106.9,10103.32,690.09
FARM-05703,Soybean,42.96,48.55,4374.32,178.55
FARM-05704,Soybean,40.54,56.5,3909.56,248.44
FARM-05705,Maize,190.81,,4733.45,289.21
FARM-05706,Soybean,,77.79,3713.78,242.79
FARM-05707,Sugarcane,210.15,86.12,16971.38,596.71
FARM-05708,Sugarcane,224.04,96.78,16241.49,641.5
FARM-05709,Maize,167.14,68.35,4714.57,355.52
FARM-05710,Maize,177.72,72.75,5402.82,287.96
FARM-05711,Rice,134.57,109.01,10943.86,721.03
FARM-05712,Cotton,148.74,45.09,6891.91,265.64
FARM-05713,Maize,195.77,70.87,4505.09,312.94
FARM-05714,Soybean,52.26,63.12,3959.51,311.25
FARM-05715,Rice,141.12,,10255.45,474.81
FARM-05716,Soybean,36.97,64.69,4182.29,244.53
FARM-05717,Sugarcane,204.47,87.91,16908.8,538.23
FARM-05718,Wheat,125.46,60.93,4696.58,278.09
FARM-05719,Cotton,130.11,57.24,8306.52,269.34
FARM-05720,Wheat,137.2,39.01,3800.85,226.58
FARM-05721,Sugarcane,221.97,76.39,17609.87,379.49
FARM-05722,Sugarcane,196.23,76.68,19126.57,453.79
FARM-05723,Soybean,45.11,52.55,4813.9,
FARM-05724,Wheat,111.2,43.84,11826.434699451147,235.91
FARM-05725,Soybean,41.73,54.34,3400.15,290.08
FARM-05726,Sugarcane,205.28,132.65,19090.92,623.98
FARM-05727,Wheat,102.31,48.01,3847.57,183.79
FARM-05728,Maize,214.44,72.91,5154.04,293.5
FARM-05729,Wheat,122.76,52.64,3994.14,156.6
FARM-05730,Soybean,41.31,57.48,4691.75,268.13
FARM-05731,Maize,212.17,66.61,5469.14,388.85
FARM-05732,Sugarcane,216.34,93.43,17791.83,539.51
FARM-05733,Cotton,150.07,74.64,6565.18,316.17
FARM-05734,Soybean,34.38,40.94,4203.38,190.96
FARM-05735,Sugarcane,226.78,76.99,16246.37,558.62
FARM-05736,Soybean,54.86,,3928.27,316.29
FARM-05737,Cotton,157.86,73.15,7495.0,467.42
FARM-05738,Maize,190.05,74.21,4865.61,335.99
FARM-05739,Sugarcane,220.88,78.58,17288.32,492.91
FARM-05740,Soybean,43.93,70.83,3959.81,282.19
FARM-05741,Cotton,161.41,70.3,7839.86,391.42
FARM-05742,Rice,148.93,91.31,8844.0,641.86
FARM-05743,Rice,143.63,81.78,9609.81,378.21
FARM-05744,Cotton,147.81,62.98,7592.57,269.48
FARM-05745,Soybean,55.44,61.74,3984.29,247.88
FARM-05746,Sugarcane,210.72,108.96,17592.56,607.99
FARM-05747,Cotton,157.15,63.71,7984.89,346.7
FARM-05748,Wheat,114.07,60.56,4060.14,256.13
FARM-05749,Sugarcane,211.53,90.84,18189.95,455.81
FARM-05750,Cotton,149.14,51.83,7917.45,298.81
FARM-05751,Maize,189.12,64.45,5523.6,337.92
FARM-05752,Wheat,135.31,46.13,3740.82,179.94
FARM-05753,Maize,182.49,61.32,,333.94
FARM-05754,Rice,152.26,94.09,11091.18,502.57
FARM-05755,Wheat,135.26,62.85,4017.76,277.32
FARM-05756,Wheat,124.83,72.67,4520.77,281.67
FARM-05757,Maize,211.48,67.11,5175.43,207.2
FARM-05758,Soybean,49.98,59.66,3293.96,163.15
FARM-05759,Rice,144.43,61.06,10582.46,329.67
FARM-05760,Cotton,141.56,50.49,,229.75
FARM-05761,Wheat,136.64,42.01,4028.7,185.54
FARM-05762,Wheat,144.8,118.49856795550768,,242.63
FARM-05763,Maize,175.86,71.54,4799.5,206.33
FARM-05764,Rice,146.73,56.6,8530.03,357.92
FARM-05765,Wheat,115.89,52.19,3616.59,276.7
FARM-05766,Maize,205.97,58.35,4928.56,289.28
FARM-05767,Soybean,52.68,189.25540376028454,4217.95,200.03
FARM-05768,Sugarcane,216.41,,16968.4,570.4
FARM-05769,Wheat,131.17,52.11,4804.97,174.89
FARM-05770,Soybean,56.94,50.25,4194.28,178.77
FARM-05771,Rice,158.05,118.62,9854.63,553.37
FARM-05772,Soybean,49.56,40.2,4343.78,185.47
FARM-05773,Wheat,107.55,53.65,4142.05,246.07
FARM-05774,Rice,164.97,65.31,10341.26,340.84
FARM-05775,Maize,176.15,65.38,4693.26,258.7
FARM-05776,Maize,156.92,62.42,4931.76,327.17
FARM-05777,Sugarcane,224.56,95.85,17052.94,629.85
FARM-05778,Rice,138.41,100.8,11714.67,573.9
FARM-05779,Sugarcane,214.92,105.09,17343.51,498.96
FARM-05780,Sugarcane,196.57,102.32,17782.43,605.95
FARM-05781,Soybean,54.22,43.51,3531.35,154.87
FARM-05782,Rice,150.02,76.96,10828.84,
FARM-05783,Soybean,44.41,51.79,3282.78,189.25
FARM-05784,Sugarcane,,127.57,,717.47
FARM-05785,Cotton,163.27,50.3,6708.25,332.35
FARM-05786,Wheat,113.36,44.26,4365.54,673.4082487399008
FARM-05787,Maize,165.99,80.9,4806.39,281.14
FARM-05788,Wheat,118.56,65.96,4377.37,
FARM-05789,Cotton,159.26,68.44,7592.52,387.47
FARM-05790,Cotton,131.47,78.12,7276.66,411.24
FARM-05791,Cotton,168.16,58.5,7266.26,327.36
FARM-05792,Soybean,45.63,50.33,4538.74,197.74
FARM-05793,Rice,139.54,74.49,10903.57,380.99
FARM-05794,Cotton,133.98,57.55,7015.8,390.04
FARM-05795,Sugarcane,222.22,89.28,18249.1,445.27
FARM-05796,Sugarcane,227.13,96.22,17594.9,454.28
FARM-05797,Maize,192.96,78.39,4486.44,296.04
FARM-05798,Rice,,70.34,11438.76,1320.8961167935006
FARM-05799,Cotton,162.06,94.44,6736.13,440.38
FARM-05800,Maize,176.44,69.3,4326.43,219.17
FARM-05801,Soybean,41.43,48.84,4873.61,161.58
FARM-05802,Wheat,132.21,51.15,3921.12,246.82
FARM-05803,Soybean,44.07,51.75,3628.63,212.34
FARM-05804,Soybean,46.89,62.42,3767.77,308.68
FARM-05805,Wheat,120.77,65.44,4214.96,288.41
FARM-05806,Sugarcane,196.87,130.77,17002.84,860.21
FARM-05807,Cotton,150.09,51.12,6779.04,262.96
FARM-05808,Wheat,127.85,49.33,3228.26,240.76
FARM-05809,Cotton,,56.08,7254.34,338.58
FARM-05810,Soybean,54.62,52.87,3511.67,294.38
FARM-05811,Soybean,42.13,64.47,4162.95,210.53
FARM-05812,Cotton,126.63,71.9,7685.46,422.86
FARM-05813,Cotton,135.57,58.63,8399.22,343.11
FARM-05814,Soybean,42.1,56.12,4444.89,267.28
FARM-05815,Soybean,38.56,57.48,3491.41,190.98
FARM-05816,Wheat,,40.95,4798.87,182.17
FARM-05817,Rice,132.36,67.81,9299.03,365.53
FARM-05818,Sugarcane,208.13,113.11,17822.54,578.18
FARM-05819,Cotton,158.52,84.75,7915.18,479.21
FARM-05820,Soybean,43.73,38.14,3565.78,166.27
FARM-05821,Sugarcane,199.91,92.99,19195.65,493.32
FARM-05822,Sugarcane,222.1,99.31,16338.29,500.63
FARM-05823,Cotton,163.19,76.56,7750.65,401.62
FARM-05824,Cotton,143.62,44.14,8666.8,232.75
FARM-05825,Rice,149.28,76.36,9507.45,397.39
FARM-05826,Wheat,,56.7,3421.59,220.07
FARM-05827,Cotton,163.64,48.14,6907.56,351.11
FARM-05828,Maize,187.31,65.05,5817.91,333.9
FARM-05829,Sugarcane,191.55,98.69,19010.34,455.26
FARM-05830,Wheat,120.73,65.44,3706.86,257.82
FARM-05831,Cotton,153.98,38.51,8291.41,244.87
FARM-05832,Cotton,149.58,56.98,8634.2,302.29
FARM-05833,Maize,200.46,79.4,5110.4,260.39
FARM-05834,Soybean,34.92,54.75,4154.36,228.55
FARM-05835,Cotton,131.63,49.65,7272.42,319.09
FARM-05836,Maize,168.0,55.72,4622.08,223.38
FARM-05837,Wheat,120.92,51.36,4434.09,234.31
FARM-05838,Wheat,109.34,45.23,4659.8,277.22
FARM-05839,Cotton,134.62,54.35,6417.11,337.13
FARM-05840,Cotton,150.21,60.81,7263.8,297.36
FARM-05841,Cotton,142.56,44.11,8622.93,1066.5300853558563
FARM-05842,Soybean,56.73,42.33,3594.34,237.31
FARM-05843,Cotton,141.75,52.33,7529.23,358.36
FARM-05844,Cotton,150.84,73.89,8186.89,303.76
FARM-05845,Sugarcane,205.29,93.61,17291.32,564.0
FARM-05846,Maize,180.93,53.8,,254.2
FARM-05847,Soybean,43.76,64.74,3953.76,275.08
FARM-05848,Wheat,123.53,80.53,4381.13,226.18
FARM-05849,Maize,475.62865486049265,66.34,5162.14,365.56
FARM-05850,Maize,,79.12,5187.01,423.3
FARM-05851,Soybean,41.87,58.18,4823.39,267.82
FARM-05852,Soybean,51.27,51.19,3414.19,236.66
FARM-05853,Wheat,109.2,55.4,3443.64,186.04
FARM-05854,Cotton,165.07,56.58,8288.0,337.62
FARM-05855,Wheat,122.82,79.45,4075.56,328.58
FARM-05856,Sugarcane,198.67,103.49,17454.68,417.21
FARM-05857,Soybean,52.25,51.94,4307.39,194.76
FARM-05858,Wheat,111.02,64.19,4131.67,243.59
FARM-05859,Wheat,147.64,42.27,3872.54,192.72
FARM-05860,Sugarcane,198.76,89.8,16949.88,475.93
FARM-05861,Cotton,172.03,76.97,6771.96,417.44
FARM-05862,Rice,154.46,84.14,11144.94,488.42
FARM-05863,Maize,178.42,103.7,4730.67,388.03
FARM-05864,Rice,152.18,107.69,10054.28,411.84
FARM-05865,Wheat,122.36,57.97,3305.44,248.5
FARM-05866,Cotton,157.09,74.48,7503.62,419.62
FARM-05867,Rice,135.4,68.39,10214.63,349.62
FARM-05868,Sugarcane,235.93,63.03,17934.44,346.78
FARM-05869,Rice,158.52,79.07,9557.44,402.81
FARM-05870,Sugarcane,237.14,86.34,17230.26,1855.8038559551394
FARM-05871,Rice,168.08,71.47,9722.58,417.33
FARM-05872,Wheat,122.96,50.12,4046.1,238.55
FARM-05873,Soybean,43.88,69.27,4255.3,263.45
FARM-05874,Maize,175.14,88.68,5428.08,1369.6224779575807
FARM-05875,Cotton,154.74,89.65,7655.93,349.82
FARM-05876,Cotton,137.6,59.5,8294.91,306.79
FARM-05877,Wheat,103.43,48.71,4372.86,179.73
FARM-05878,Maize,194.12,68.86,4688.86,258.63
FARM-05879,Maize,178.66,60.09,4225.76,213.36
FARM-05880,Rice,135.06,,10386.93,493.58
FARM-05881,Cotton,160.66,63.0,6340.75,305.24
FARM-05882,Soybean,46.66,43.74,3470.47,270.62
FARM-05883,Maize,191.16,62.92,5033.95,334.49
FARM-05884,Sugarcane,221.1,108.11,18040.11,711.76
FARM-05885,Soybean,51.68,37.55,3368.82,215.42
FARM-05886,Sugarcane,215.09,79.97,18388.5,487.42
FARM-05887,Rice,159.98,92.0,10137.57,417.44
FARM-05888,Soybean,36.98,59.59,3719.56,237.21
FARM-05889,Maize,173.42,83.42,5011.9,382.54
FARM-05890,Soybean,47.21,64.48,3173.89,198.53
FARM-05891,Sugarcane,198.62,105.44,19798.91,562.48
FARM-05892,Sugarcane,219.18,85.73,16068.24,435.76
FARM-05893,Cotton,135.25,41.23,6071.62,175.0
FARM-05894,Rice,134.81,73.48,10859.74,396.76
FARM-05895,Cotton,140.78,74.25,8073.41,294.46
FARM-05896,Cotton,155.79,62.23,8159.72,367.69
FARM-05897,Wheat,113.49,36.61,3649.01,130.99
FARM-05898,Maize,180.45,72.95,5242.83,262.32
FARM-05899,Maize,204.93,51.81,4484.35,306.25
FARM-05900,Cotton,150.42,60.19,7059.67,276.7
FARM-05901,Cotton,155.32,68.8,7786.3,353.96
FARM-05902,Maize,202.84,67.41,4679.55,320.03
FARM-05903,Rice,154.36,84.7,9601.23,502.23
FARM-05904,Soybean,40.07,56.81,4449.1,
FARM-05905,Maize,178.3,63.23,5367.21,303.27
FARM-05906,Cotton,170.38,60.21,7815.71,325.91
FARM-05907,Rice,154.99,80.1,10322.34,387.65
FARM-05908,Rice,157.94,74.54,9852.62,305.26
FARM-05909,Sugarcane,212.75,121.38,16692.68,597.19
FARM-05910,Soybean,46.51,50.35,4381.32,267.01
FARM-05911,Sugarcane,221.29,107.38,17181.7,610.37
FARM-05912,Wheat,136.86,42.29,3528.4,186.42
FARM-05913,Rice,153.46,74.59,10096.91,352.12
FARM-05914,Rice,157.78,89.65,,477.5
FARM-05915,Wheat,132.79,52.34,3922.89,237.06
FARM-05916,Wheat,118.11,58.06,3746.81,196.94
FARM-05917,Soybean,34.73,53.13,4076.2,278.3
FARM-05918,Sugarcane,221.87,98.49,18529.96,515.12
FARM-05919,Soybean,48.72,55.06,4306.98,292.16
FARM-05920,Sugarcane,206.69,140.87,17407.63,574.98
FARM-05921,Rice,148.08,56.38,10596.49,384.22
FARM-05922,Wheat,108.73,72.99,4531.31,248.01
FARM-05923,Sugarcane,235.62,87.42,15770.16,450.57
FARM-05924,Rice,167.7,67.42,10332.09,544.63
FARM-05925,Cotton,152.0,66.17,7275.9,383.89
FARM-05926,Sugarcane,228.04,89.51,16391.02,483.6
FARM-05927,Wheat,129.8,63.18,3662.7,280.59
FARM-05928,Soybean,40.97,37.92,3939.05,
FARM-05929,Cotton,154.36,54.19,7867.89,358.34
FARM-05930,Maize,195.72,62.51,5169.36,415.74
FARM-05931,Soybean,55.43,56.84,4076.52,270.78
FARM-05932,Wheat,117.53,56.81,4029.11,273.71
FARM-05933,Soybean,34.56,44.78,3631.38,199.39
FARM-05934,Soybean,48.74,49.98,4767.78,243.97
FARM-05935,Wheat,123.16,41.8,3466.03,160.13
FARM-05936,Wheat,114.15,64.7,4345.84,252.38
FARM-05937,Soybean,47.39,62.34,4018.95,241.87
FARM-05938,Rice,149.07,56.53,9831.5,
FARM-05939,Sugarcane,240.21,137.67,,722.6
FARM-05940,Rice,163.75,64.5,10044.75,425.35
FARM-05941,Maize,194.33,85.46,5450.15,307.99
FARM-05942,Wheat,125.17,55.89,3808.69,142.63
FARM-05943,Cotton,140.7,61.42,7663.8,361.33
FARM-05944,Wheat,110.37,54.97,3742.59,176.05
FARM-05945,Maize,192.79,69.2,4818.08,380.35
FARM-05946,Maize,192.66,91.74,4586.23,454.26
FARM-05947,Maize,198.38,70.77,5948.5,389.02
FARM-05948,Rice,160.88,74.39,9600.99,468.09
FARM-05949,Maize,176.4,70.31,4587.77,333.55
FARM-05950,Maize,191.65,84.13,4863.05,425.85
FARM-05951,Rice,149.32,83.48,11167.1,502.41
FARM-05952,Maize,204.05,60.87,5444.26,316.99
FARM-05953,Cotton,167.6,59.64,7016.71,305.07
FARM-05954,Maize,194.04,56.09,4529.05,232.23
FARM-05955,Rice,122.85,98.85,9521.66,497.98
FARM-05956,Soybean,37.49,55.84,3588.69,232.02
FARM-05957,Soybean,45.75,55.18,4223.65,207.64
FARM-05958,Soybean,49.41,54.57,4877.8,193.52
FARM-05959,Wheat,108.97,,3693.23,174.41
FARM-05960,Wheat,120.37,43.01,4251.25,190.23
FARM-05961,Wheat,132.21,49.24,3916.65,190.22
FARM-05962,Sugarcane,229.79,84.75,17108.84,623.41
FARM-05963,Soybean,46.1,49.83,4186.1,212.39
FARM-05964,Maize,194.96,67.34,4850.49,224.49
FARM-05965,Rice,141.74,77.66,10335.16,394.48
FARM-05966,Wheat,133.87,44.41,4285.42,169.65
FARM-05967,Rice,153.44,67.92,9325.38,378.38
FARM-05968,Maize,198.78,88.06,5134.55,415.56
FARM-05969,Maize,165.92,98.04,4688.93,479.62
FARM-05970,Maize,202.46,79.69,4724.5,370.61
FARM-05971,Wheat,123.73,,4742.1,207.32
FARM-05972,Rice,142.37,109.62,10039.49,571.82
FARM-05973,Maize,183.66,58.17,5023.61,291.51
FARM-05974,Sugarcane,235.68,103.44,17002.42,530.38
FARM-05975,Sugarcane,229.51,92.69,15989.8,537.1
FARM-05976,Soybean,39.72,62.53,3440.42,204.58
FARM-05977,Sugarcane,204.39,130.37,17776.29,728.93
FARM-05978,Wheat,140.64,60.73,3761.45,233.17
FARM-05979,Cotton,162.84,72.48,7092.77,451.75
FARM-05980,Cotton,151.36,69.22,7279.38,394.5
FARM-05981,Maize,182.6,77.27,5465.48,323.48
FARM-05982,Cotton,142.48,63.73,7762.7,385.68
FARM-05983,Maize,216.97,40.85,5040.76,229.64
FARM-05984,Rice,153.85,58.67,10824.43,374.99
FARM-05985,Wheat,108.49,56.37,4112.28,292.61
FARM-05986,Rice,137.52,78.1,11931.99,498.04
FARM-05987,Maize,192.41,321.8503573171816,4701.33,315.95
FARM-05988,Soybean,46.65,57.99,4050.51,263.39
FARM-05989,Soybean,42.99,55.83,4315.16,265.88
FARM-05990,Cotton,134.61,204.95935432452478,8061.57,306.71
FARM-05991,Sugarcane,213.12,88.18,17392.29,466.07
FARM-05992,Cotton,155.65,92.61,7504.41,1556.3926870595058
FARM-05993,Rice,154.87,76.6,9864.96,435.97
FARM-05994,Cotton,165.86,53.98,7657.45,318.22
FARM-05995,Soybean,40.6,208.7949595570657,3701.07,263.86
FARM-05996,Soybean,46.62,65.9,3897.61,234.41
FARM-05997,Cotton,163.34,76.8,8026.34,500.82
FARM-05998,Cotton,132.66,72.06,8106.08,378.84
FARM-05999,Cotton,151.73,94.23,8026.49,483.04
FARM-06000,Rice,158.44,72.9,,389.73
